Storing raw sequence at /tmp/rawseq257621.000
Sequence loaded successfully.
/mnt/beegfs/home/s486140/final_BGC/results/extracted_loci/core_TRI_cluster/GCA_001292635.1_JXCE01000103.1_core_TRI_cluster_8420_44610.fna 36191 base pairs.
Storing raw sequence at /tmp/rawseq257621.001
Sequence loaded successfully.
/mnt/beegfs/home/s486140/final_BGC/results/extracted_loci/core_TRI_cluster/GCA_014898995.1_JAAVUF010001174.1_core_TRI_cluster_11940_36784.fna 24845 base pairs.
Storing raw sequence at /tmp/rawseq257621.002
Sequence loaded successfully.
/mnt/beegfs/home/s486140/final_BGC/results/extracted_loci/core_TRI_cluster/GCA_016952305.1_CP064753.1_core_TRI_cluster_5610272_5647859.fna 37588 base pairs.
Storing raw sequence at /tmp/rawseq257621.003
Sequence loaded successfully.
/mnt/beegfs/home/s486140/final_BGC/results/extracted_loci/core_TRI_cluster/GCA_016952355.1_CP064747.1_core_TRI_cluster_5851025_5888459.fna 37435 base pairs.
Storing raw sequence at /tmp/rawseq257621.004
Sequence loaded successfully.
/mnt/beegfs/home/s486140/final_BGC/results/extracted_loci/core_TRI_cluster/GCA_017656985.1_JAGDVF010000009.1_core_TRI_cluster_159296_196258.fna 36963 base pairs.
Storing raw sequence at /tmp/rawseq257621.005
Sequence loaded successfully.
/mnt/beegfs/home/s486140/final_BGC/results/extracted_loci/core_TRI_cluster/GCA_018104275.1_JAFFKB010000014.1_core_TRI_cluster_4464928_4505111.fna 40184 base pairs.
Storing raw sequence at /tmp/rawseq257621.006
Sequence loaded successfully.
/mnt/beegfs/home/s486140/final_BGC/results/extracted_loci/core_TRI_cluster/GCA_019054615.1_JAHKNR010000001.1_core_TRI_cluster_3460408_3496808.fna 36401 base pairs.
Storing raw sequence at /tmp/rawseq257621.007
Sequence loaded successfully.
/mnt/beegfs/home/s486140/final_BGC/results/extracted_loci/core_TRI_cluster/GCA_019054645.1_JAHKNS010000002.1_core_TRI_cluster_3576809_3613175.fna 36367 base pairs.
Storing raw sequence at /tmp/rawseq257621.008
Sequence loaded successfully.
/mnt/beegfs/home/s486140/final_BGC/results/extracted_loci/core_TRI_cluster/GCA_019343145.1_CP079829.1_core_TRI_cluster_3580848_3617795.fna 36948 base pairs.
Storing raw sequence at /tmp/rawseq257621.009
Sequence loaded successfully.
/mnt/beegfs/home/s486140/final_BGC/results/extracted_loci/core_TRI_cluster/GCA_020991245.1_CP087872.1_core_TRI_cluster_5387461_5424477.fna 37017 base pairs.
Storing raw sequence at /tmp/rawseq257621.010
Sequence loaded successfully.
/mnt/beegfs/home/s486140/final_BGC/results/extracted_loci/core_TRI_cluster/GCA_025258505.1_CP088258.1_core_TRI_cluster_5453486_5491107.fna 37622 base pairs.
Storing raw sequence at /tmp/rawseq257621.011
Sequence loaded successfully.
/mnt/beegfs/home/s486140/final_BGC/results/extracted_loci/core_TRI_cluster/GCA_032355295.1_CP126885.1_core_TRI_cluster_5497351_5534946.fna 37596 base pairs.
Storing raw sequence at /tmp/rawseq257621.012
Sequence loaded successfully.
/mnt/beegfs/home/s486140/final_BGC/results/extracted_loci/core_TRI_cluster/GCA_037074405.1_CM073625.1_core_TRI_cluster_5454538_5491586.fna 37049 base pairs.
Storing raw sequence at /tmp/rawseq257621.013
Sequence loaded successfully.
/mnt/beegfs/home/s486140/final_BGC/results/extracted_loci/core_TRI_cluster/GCA_037213105.1_CP147678.1_core_TRI_cluster_5380139_5414873.fna 34735 base pairs.
Storing raw sequence at /tmp/rawseq257621.014
Sequence loaded successfully.
/mnt/beegfs/home/s486140/final_BGC/results/extracted_loci/core_TRI_cluster/GCA_037255895.1_CP147673.1_core_TRI_cluster_5434173_5471144.fna 36972 base pairs.
Storing raw sequence at /tmp/rawseq257621.015
Sequence loaded successfully.
/mnt/beegfs/home/s486140/final_BGC/results/extracted_loci/core_TRI_cluster/GCA_041870755.1_CP167250.1_core_TRI_cluster_3726431_3763527.fna 37097 base pairs.
Storing raw sequence at /tmp/rawseq257621.016
Sequence loaded successfully.
/mnt/beegfs/home/s486140/final_BGC/results/extracted_loci/core_TRI_cluster/GCA_046056315.1_CM100255.1_core_TRI_cluster_5846507_5886662.fna 40156 base pairs.
Storing raw sequence at /tmp/rawseq257621.017
Sequence loaded successfully.
/mnt/beegfs/home/s486140/final_BGC/results/extracted_loci/core_TRI_cluster/GCA_050916195.1_CP099493.1_core_TRI_cluster_5449195_5484208.fna 35014 base pairs.
Storing raw sequence at /tmp/rawseq257621.018
Sequence loaded successfully.
/mnt/beegfs/home/s486140/final_BGC/results/extracted_loci/core_TRI_cluster/GCA_051903665.1_CM122891.1_core_TRI_cluster_5492267_5529862.fna 37596 base pairs.
Storing raw sequence at /tmp/rawseq257621.019
Sequence loaded successfully.
/mnt/beegfs/home/s486140/final_BGC/results/extracted_loci/core_TRI_cluster/GCA_054553065.1_CM137278.1_core_TRI_cluster_3511325_3548776.fna 37452 base pairs.
Storing raw sequence at /tmp/rawseq257621.020
Sequence loaded successfully.
/mnt/beegfs/home/s486140/final_BGC/results/extracted_loci/core_TRI_cluster/GCA_900007375.1_LN649230.1_core_TRI_cluster_5599849_5636982.fna 37134 base pairs.
Storing raw sequence at /tmp/rawseq257621.021
Sequence loaded successfully.
/mnt/beegfs/home/s486140/final_BGC/results/extracted_loci/core_TRI_cluster/GCA_900044135.1_HG970333.1_core_TRI_cluster_5387461_5424477.fna 37017 base pairs.
Storing raw sequence at /tmp/rawseq257621.022
Sequence loaded successfully.
/mnt/beegfs/home/s486140/final_BGC/results/extracted_loci/core_TRI_cluster/GCA_900074845.1_LT598660.1_core_TRI_cluster_5583614_5619290.fna 35677 base pairs.
Storing raw sequence at /tmp/rawseq257621.023
Sequence loaded successfully.
/mnt/beegfs/home/s486140/final_BGC/results/extracted_loci/core_TRI_cluster/GCF_000240135.3_NC_026475.1_core_TRI_cluster_6630631_6667647.fna 37017 base pairs.
Storing raw sequence at /tmp/rawseq257621.024
Sequence loaded successfully.
/mnt/beegfs/home/s486140/final_BGC/results/extracted_loci/core_TRI_cluster/GCF_000303195.2_NC_031952.1_core_TRI_cluster_5409651_5444867.fna 35217 base pairs.
Storing raw sequence at /tmp/rawseq257621.025
Sequence loaded successfully.
/mnt/beegfs/home/s486140/final_BGC/results/extracted_loci/core_TRI_cluster/GCF_019609905.1_NC_058400.1_core_TRI_cluster_5858037_5898215.fna 40179 base pairs.
Storing raw sequence at /tmp/rawseq257621.026
Sequence loaded successfully.
/mnt/beegfs/home/s486140/final_BGC/results/extracted_loci/core_TRI_cluster/GCF_050947815.1_NC_139293.1_core_TRI_cluster_3751792_3788918.fna 37127 base pairs.
Using weight 11 mers for initial seeds
Sorted mer list loaded successfully
Sorted mer list loaded successfully
Sorted mer list loaded successfully
Sorted mer list loaded successfully
Sorted mer list loaded successfully
Sorted mer list loaded successfully
Sorted mer list loaded successfully
Sorted mer list loaded successfully
Sorted mer list loaded successfully
Sorted mer list loaded successfully
Sorted mer list loaded successfully
Sorted mer list loaded successfully
Sorted mer list loaded successfully
Sorted mer list loaded successfully
Sorted mer list loaded successfully
Sorted mer list loaded successfully
Sorted mer list loaded successfully
Sorted mer list loaded successfully
Sorted mer list loaded successfully
Sorted mer list loaded successfully
Sorted mer list loaded successfully
Sorted mer list loaded successfully
Sorted mer list loaded successfully
Sorted mer list loaded successfully
Sorted mer list loaded successfully
Sorted mer list loaded successfully
Sorted mer list loaded successfully
1%..2%..3%..4%..5%..6%..7%..8%..9%..10%..
11%..12%..13%..14%..15%..16%..17%..18%..19%..20%..
21%..22%..23%..24%..25%..26%..27%..28%..29%..30%..
31%..32%..33%..34%..35%..36%..37%..38%..39%..40%..
41%..42%..43%..44%..45%..46%..47%..48%..49%..50%..
51%..52%..53%..54%..55%..56%..57%..58%..59%..60%..
61%..62%..63%..64%..65%..66%..67%..68%..69%..70%..
71%..72%..73%..74%..75%..76%..77%..78%..79%..80%..
81%..82%..83%..84%..85%..86%..87%..88%..89%..90%..
91%..92%..93%..94%..95%..96%..97%..98%..99%..done.
using default bp penalty: 106141
using default bp estimate min score: 318424
Starting with 35128 multi-matches
Computing genome content distance matrix...


Genome conservation distance matrix: 
0	0.162333	0.429415	0.417653	0.452495	0.15357	0.0119925	0.0098217	0.452888	0.448597	0.40775	0.424186	0.449571	0.458349	0.449966	0.383698	0.448728	0.441948	0.423642	0.416259	0.388718	0.448597	0.462727	0.448597	0.449929	0.449186	0.386157
0.162333	0	0.504145	0.500638	0.516839	0.254059	0.159339	0.155209	0.518073	0.51575	0.490746	0.502836	0.516106	0.520742	0.512264	0.455482	0.530019	0.49921	0.502427	0.495346	0.475446	0.51575	0.528593	0.51575	0.506056	0.530105	0.457129
0.429415	0.504145	0	0.091153	0.185557	0.477689	0.447277	0.432841	0.186071	0.191952	0.122205	0.117299	0.192304	0.205101	0.191384	0.438017	0.473784	0.237206	0.116926	0.111589	0.427504	0.191952	0.210724	0.191952	0.139505	0.474841	0.43722
0.417653	0.500638	0.091153	0	0.161629	0.467391	0.429319	0.423837	0.16381	0.166326	0.0843295	0.0609576	0.166797	0.184513	0.165803	0.433915	0.476397	0.211363	0.0605982	0.055003	0.430564	0.166326	0.178617	0.166326	0.17632	0.476922	0.433907
0.452495	0.516839	0.185557	0.161629	0	0.501108	0.461768	0.457178	0.00278716	0.0283597	0.179997	0.160144	0.0286445	0.141958	0.0277542	0.462931	0.492389	0.190071	0.160238	0.175753	0.453732	0.0283597	0.144283	0.0283597	0.198606	0.491715	0.462361
0.15357	0.254059	0.477689	0.467391	0.501108	0	0.152683	0.149666	0.50201	0.498191	0.473875	0.472822	0.499174	0.511586	0.498108	0.448636	0.487577	0.518127	0.471731	0.470658	0.438709	0.498191	0.511917	0.498191	0.505908	0.487388	0.451682
0.0119925	0.159339	0.447277	0.429319	0.461768	0.152683	0	0.00762676	0.462833	0.453446	0.424423	0.437247	0.454377	0.465126	0.454017	0.383521	0.452607	0.453228	0.436812	0.432572	0.396762	0.453446	0.472763	0.453446	0.454516	0.453292	0.383654
0.0098217	0.155209	0.432841	0.423837	0.457178	0.149666	0.00762676	0	0.457924	0.454011	0.415417	0.426614	0.454999	0.463314	0.453241	0.377281	0.449598	0.446644	0.425989	0.423576	0.39366	0.454011	0.475324	0.454011	0.455077	0.450231	0.378099
0.452888	0.518073	0.186071	0.16381	0.00278716	0.50201	0.462833	0.457924	0	0.0307452	0.181749	0.161677	0.0310155	0.1429	0.0301139	0.462443	0.492457	0.190901	0.161799	0.1767	0.455093	0.0307452	0.145304	0.0307452	0.199847	0.49158	0.461698
0.448597	0.51575	0.191952	0.166326	0.0283597	0.498191	0.453446	0.454011	0.0307452	0	0.18167	0.161765	1.34956e-05	0.124365	0.000364862	0.45759	0.493946	0.199912	0.161673	0.177252	0.457944	0	0.140813	0	0.204596	0.493367	0.457672
0.40775	0.490746	0.122205	0.0843295	0.179997	0.473875	0.424423	0.415417	0.181749	0.18167	0	0.0421572	0.181638	0.205746	0.180505	0.426466	0.484311	0.18909	0.0421439	0.0697143	0.433949	0.18167	0.208269	0.18167	0.18852	0.484307	0.426074
0.424186	0.502836	0.117299	0.0609576	0.160144	0.472822	0.437247	0.426614	0.161677	0.161765	0.0421572	0	0.161985	0.180303	0.161795	0.445281	0.482574	0.213211	7.97957e-05	0.0601052	0.448226	0.161765	0.186614	0.161765	0.182124	0.481985	0.445715
0.449571	0.516106	0.192304	0.166797	0.0286445	0.499174	0.454377	0.454999	0.0310155	1.34956e-05	0.181638	0.161985	0	0.124716	0.000850535	0.457798	0.493583	0.200208	0.161893	0.177461	0.457584	1.34956e-05	0.141241	1.34956e-05	0.204917	0.493004	0.457827
0.458349	0.520742	0.205101	0.184513	0.141958	0.511586	0.465126	0.463314	0.1429	0.124365	0.205746	0.180303	0.124716	0	0.126548	0.468626	0.504945	0.124714	0.180431	0.182182	0.46812	0.124365	0.0758565	0.124365	0.155304	0.504767	0.468587
0.449966	0.512264	0.191384	0.165803	0.0277542	0.498108	0.454017	0.453241	0.0301139	0.000364862	0.180505	0.161795	0.000850535	0.126548	0	0.458623	0.492344	0.198427	0.161704	0.177611	0.457522	0.000364862	0.141906	0.000364862	0.202467	0.491765	0.45842
0.383698	0.455482	0.438017	0.433915	0.462931	0.448636	0.383521	0.377281	0.462443	0.45759	0.426466	0.445281	0.457798	0.468626	0.458623	0	0.314465	0.451258	0.445802	0.433391	0.0881426	0.45759	0.479618	0.45759	0.459747	0.314085	6.73582e-05
0.448728	0.530019	0.473784	0.476397	0.492389	0.487577	0.452607	0.449598	0.492457	0.493946	0.484311	0.482574	0.493583	0.504945	0.492344	0.314465	0	0.504414	0.483309	0.469338	0.28904	0.493946	0.504969	0.493946	0.504075	9.95616e-05	0.314425
0.441948	0.49921	0.237206	0.211363	0.190071	0.518127	0.453228	0.446644	0.190901	0.199912	0.18909	0.213211	0.200208	0.124714	0.198427	0.451258	0.504414	0	0.212991	0.189861	0.46711	0.199912	0.130489	0.199912	0.167573	0.504687	0.452742
0.423642	0.502427	0.116926	0.0605982	0.160238	0.471731	0.436812	0.425989	0.161799	0.161673	0.0421439	7.97957e-05	0.161893	0.180431	0.161704	0.445802	0.483309	0.212991	0	0.0597851	0.448603	0.161673	0.185552	0.161673	0.181738	0.482719	0.446117
0.416259	0.495346	0.111589	0.055003	0.175753	0.470658	0.432572	0.423576	0.1767	0.177252	0.0697143	0.0601052	0.177461	0.182182	0.177611	0.433391	0.469338	0.189861	0.0597851	0	0.426444	0.177252	0.184956	0.177252	0.182892	0.469101	0.434296
0.388718	0.475446	0.427504	0.430564	0.453732	0.438709	0.396762	0.39366	0.455093	0.457944	0.433949	0.448226	0.457584	0.46812	0.457522	0.0881426	0.28904	0.46711	0.448603	0.426444	0	0.457944	0.469792	0.457944	0.453952	0.288468	0.0887005
0.448597	0.51575	0.191952	0.166326	0.0283597	0.498191	0.453446	0.454011	0.0307452	0	0.18167	0.161765	1.34956e-05	0.124365	0.000364862	0.45759	0.493946	0.199912	0.161673	0.177252	0.457944	0	0.140813	0	0.204596	0.493367	0.457672
0.462727	0.528593	0.210724	0.178617	0.144283	0.511917	0.472763	0.475324	0.145304	0.140813	0.208269	0.186614	0.141241	0.0758565	0.141906	0.479618	0.504969	0.130489	0.185552	0.184956	0.469792	0.140813	0	0.140813	0.151568	0.504621	0.477973
0.448597	0.51575	0.191952	0.166326	0.0283597	0.498191	0.453446	0.454011	0.0307452	0	0.18167	0.161765	1.34956e-05	0.124365	0.000364862	0.45759	0.493946	0.199912	0.161673	0.177252	0.457944	0	0.140813	0	0.204596	0.493367	0.457672
0.449929	0.506056	0.139505	0.17632	0.198606	0.505908	0.454516	0.455077	0.199847	0.204596	0.18852	0.182124	0.204917	0.155304	0.202467	0.459747	0.504075	0.167573	0.181738	0.182892	0.453952	0.204596	0.151568	0.204596	0	0.504061	0.458912
0.449186	0.530105	0.474841	0.476922	0.491715	0.487388	0.453292	0.450231	0.49158	0.493367	0.484307	0.481985	0.493004	0.504767	0.491765	0.314085	9.95616e-05	0.504687	0.482719	0.469101	0.288468	0.493367	0.504621	0.493367	0.504061	0	0.313832
0.386157	0.457129	0.43722	0.433907	0.462361	0.451682	0.383654	0.378099	0.461698	0.457672	0.426074	0.445715	0.457827	0.468587	0.45842	6.73582e-05	0.314425	0.452742	0.446117	0.434296	0.0887005	0.457672	0.477973	0.457672	0.458912	0.313832	0

Writing guide tree to /mnt/beegfs/home/s486140/final_BGC/results/mauve/core_TRI_cluster/core_TRI_cluster.tree
reading tree...
initializing alignment tree...
Constructing seed occurrence lists for repeat detection
Calculating pairwise breakpoint distances
Pair 0, 1 has 37 initial LCBs
Using scaled bp penalty: 156780
Pair (0,1) has 1 well-supported breakpoints
Pair 0, 2 has 594 initial LCBs
Using scaled bp penalty: 33751.1
Pair (0,2) has 1 well-supported breakpoints
Pair 0, 3 has 733 initial LCBs
Using scaled bp penalty: 36621.2
Pair (0,3) has 1 well-supported breakpoints
Pair 0, 4 has 600 initial LCBs
Using scaled bp penalty: 28612.6
Pair (0,4) has 1 well-supported breakpoints
Pair 0, 5 has 12 initial LCBs
Using scaled bp penalty: 163444
Pair (0,5) has 1 well-supported breakpoints
Pair 0, 6 has 10 initial LCBs
Using scaled bp penalty: 303422
Pair (0,6) has 1 well-supported breakpoints
Pair 0, 7 has 13 initial LCBs
Using scaled bp penalty: 306097
Pair (0,7) has 1 well-supported breakpoints
Pair 0, 8 has 604 initial LCBs
Using scaled bp penalty: 28530.6
Pair (0,8) has 1 well-supported breakpoints
Pair 0, 9 has 682 initial LCBs
Using scaled bp penalty: 29436.2
Pair (0,9) has 1 well-supported breakpoints
Pair 0, 10 has 699 initial LCBs
Using scaled bp penalty: 39176.6
Pair (0,10) has 1 well-supported breakpoints
Pair 0, 11 has 705 initial LCBs
Using scaled bp penalty: 35005.4
Pair (0,11) has 1 well-supported breakpoints
Pair 0, 12 has 678 initial LCBs
Using scaled bp penalty: 29228.7
Pair (0,12) has 1 well-supported breakpoints
Pair 0, 13 has 670 initial LCBs
Using scaled bp penalty: 27408.4
Pair (0,13) has 1 well-supported breakpoints
Pair 0, 14 has 658 initial LCBs
Using scaled bp penalty: 29145.1
Pair (0,14) has 1 well-supported breakpoints
Pair 0, 15 has 538 initial LCBs
Using scaled bp penalty: 45938.9
Pair (0,15) has 1 well-supported breakpoints
Pair 0, 16 has 650 initial LCBs
Using scaled bp penalty: 29408.4
Pair (0,16) has 1 well-supported breakpoints
Pair 0, 17 has 636 initial LCBs
Using scaled bp penalty: 30882
Pair (0,17) has 1 well-supported breakpoints
Pair 0, 18 has 697 initial LCBs
Using scaled bp penalty: 35137.8
Pair (0,18) has 1 well-supported breakpoints
Pair 0, 19 has 635 initial LCBs
Using scaled bp penalty: 36973.2
Pair (0,19) has 1 well-supported breakpoints
Pair 0, 20 has 632 initial LCBs
Using scaled bp penalty: 44460.4
Pair (0,20) has 1 well-supported breakpoints
Pair 0, 21 has 682 initial LCBs
Using scaled bp penalty: 29436.2
Pair (0,21) has 1 well-supported breakpoints
Pair 0, 22 has 648 initial LCBs
Using scaled bp penalty: 26533
Pair (0,22) has 1 well-supported breakpoints
Pair 0, 23 has 596 initial LCBs
Using scaled bp penalty: 29436.2
Pair (0,23) has 1 well-supported breakpoints
Pair 0, 24 has 627 initial LCBs
Using scaled bp penalty: 29152.9
Pair (0,24) has 1 well-supported breakpoints
Pair 0, 25 has 653 initial LCBs
Using scaled bp penalty: 29310.6
Pair (0,25) has 1 well-supported breakpoints
Pair 0, 26 has 521 initial LCBs
Using scaled bp penalty: 45210.1
Pair (0,26) has 1 well-supported breakpoints
Pair 1, 2 has 427 initial LCBs
Using scaled bp penalty: 19249.7
Pair (1,2) has 1 well-supported breakpoints
Pair 1, 3 has 489 initial LCBs
Using scaled bp penalty: 19800.1
Pair (1,3) has 1 well-supported breakpoints
Pair 1, 4 has 463 initial LCBs
Using scaled bp penalty: 17353
Pair (1,4) has 1 well-supported breakpoints
Pair 1, 5 has 103 initial LCBs
Using scaled bp penalty: 98588
Pair (1,5) has 1 well-supported breakpoints
Pair 1, 6 has 20 initial LCBs
Using scaled bp penalty: 159034
Pair (1,6) has 1 well-supported breakpoints
Pair 1, 7 has 19 initial LCBs
Using scaled bp penalty: 162182
Pair (1,7) has 1 well-supported breakpoints
Pair 1, 8 has 459 initial LCBs
Using scaled bp penalty: 17176.4
Pair (1,8) has 1 well-supported breakpoints
Pair 1, 9 has 523 initial LCBs
Using scaled bp penalty: 17509.9
Pair (1,9) has 1 well-supported breakpoints
Pair 1, 10 has 460 initial LCBs
Using scaled bp penalty: 21416.3
Pair (1,10) has 1 well-supported breakpoints
Pair 1, 11 has 511 initial LCBs
Using scaled bp penalty: 19453.8
Pair (1,11) has 1 well-supported breakpoints
Pair 1, 12 has 512 initial LCBs
Using scaled bp penalty: 17458.4
Pair (1,12) has 1 well-supported breakpoints
Pair 1, 13 has 458 initial LCBs
Using scaled bp penalty: 16799
Pair (1,13) has 1 well-supported breakpoints
Pair 1, 14 has 515 initial LCBs
Using scaled bp penalty: 18019.5
Pair (1,14) has 1 well-supported breakpoints
Pair 1, 15 has 404 initial LCBs
Using scaled bp penalty: 27993.4
Pair (1,15) has 1 well-supported breakpoints
Pair 1, 16 has 449 initial LCBs
Using scaled bp penalty: 15535.5
Pair (1,16) has 1 well-supported breakpoints
Pair 1, 17 has 473 initial LCBs
Using scaled bp penalty: 20027.6
Pair (1,17) has 1 well-supported breakpoints
Pair 1, 18 has 496 initial LCBs
Using scaled bp penalty: 19517.9
Pair (1,18) has 1 well-supported breakpoints
Pair 1, 19 has 432 initial LCBs
Using scaled bp penalty: 20652.9
Pair (1,19) has 1 well-supported breakpoints
Pair 1, 20 has 456 initial LCBs
Using scaled bp penalty: 24108.3
Pair (1,20) has 1 well-supported breakpoints
Pair 1, 21 has 523 initial LCBs
Using scaled bp penalty: 17509.9
Pair (1,21) has 1 well-supported breakpoints
Pair 1, 22 has 437 initial LCBs
Using scaled bp penalty: 15725
Pair (1,22) has 1 well-supported breakpoints
Pair 1, 23 has 465 initial LCBs
Using scaled bp penalty: 17509.9
Pair (1,23) has 1 well-supported breakpoints
Pair 1, 24 has 506 initial LCBs
Using scaled bp penalty: 18954.6
Pair (1,24) has 1 well-supported breakpoints
Pair 1, 25 has 460 initial LCBs
Using scaled bp penalty: 15524.2
Pair (1,25) has 1 well-supported breakpoints
Pair 1, 26 has 405 initial LCBs
Using scaled bp penalty: 27656.1
Pair (1,26) has 1 well-supported breakpoints
Pair 2, 3 has 258 initial LCBs
Using scaled bp penalty: 217255
Pair (2,3) has 1 well-supported breakpoints
Pair 2, 4 has 258 initial LCBs
Using scaled bp penalty: 140103
Pair (2,4) has 1 well-supported breakpoints
Pair 2, 5 has 721 initial LCBs
Using scaled bp penalty: 23698.6
Pair (2,5) has 1 well-supported breakpoints
Pair 2, 6 has 574 initial LCBs
Using scaled bp penalty: 29719.2
Pair (2,6) has 1 well-supported breakpoints
Pair 2, 7 has 598 initial LCBs
Using scaled bp penalty: 32947.7
Pair (2,7) has 1 well-supported breakpoints
Pair 2, 8 has 262 initial LCBs
Using scaled bp penalty: 139750
Pair (2,8) has 1 well-supported breakpoints
Pair 2, 9 has 442 initial LCBs
Using scaled bp penalty: 135755
Pair (2,9) has 1 well-supported breakpoints
Pair 2, 10 has 295 initial LCBs
Using scaled bp penalty: 189051
Pair (2,10) has 1 well-supported breakpoints
Pair 2, 11 has 277 initial LCBs
Using scaled bp penalty: 193313
Pair (2,11) has 1 well-supported breakpoints
Pair 2, 12 has 444 initial LCBs
Using scaled bp penalty: 135518
Pair (2,12) has 1 well-supported breakpoints
Pair 2, 13 has 476 initial LCBs
Using scaled bp penalty: 127132
Pair (2,13) has 1 well-supported breakpoints
Pair 2, 14 has 445 initial LCBs
Using scaled bp penalty: 136137
Pair (2,14) has 1 well-supported breakpoints
Pair 2, 15 has 611 initial LCBs
Using scaled bp penalty: 31761.3
Pair (2,15) has 1 well-supported breakpoints
Pair 2, 16 has 755 initial LCBs
Using scaled bp penalty: 24415.4
Pair (2,16) has 1 well-supported breakpoints
Pair 2, 17 has 407 initial LCBs
Using scaled bp penalty: 107804
Pair (2,17) has 1 well-supported breakpoints
Pair 2, 18 has 276 initial LCBs
Using scaled bp penalty: 193639
Pair (2,18) has 1 well-supported breakpoints
Pair 2, 19 has 138 initial LCBs
Using scaled bp penalty: 198363
Pair (2,19) has 1 well-supported breakpoints
Pair 2, 20 has 721 initial LCBs
Using scaled bp penalty: 34205.5
Pair (2,20) has 1 well-supported breakpoints
Pair 2, 21 has 442 initial LCBs
Using scaled bp penalty: 135755
Pair (2,21) has 1 well-supported breakpoints
Pair 2, 22 has 484 initial LCBs
Using scaled bp penalty: 123573
Pair (2,22) has 1 well-supported breakpoints
Pair 2, 23 has 240 initial LCBs
Using scaled bp penalty: 135755
Pair (2,23) has 1 well-supported breakpoints
Pair 2, 24 has 229 initial LCBs
Using scaled bp penalty: 174582
Pair (2,24) has 1 well-supported breakpoints
Pair 2, 25 has 755 initial LCBs
Using scaled bp penalty: 24219.6
Pair (2,25) has 1 well-supported breakpoints
Pair 2, 26 has 602 initial LCBs
Using scaled bp penalty: 31941.9
Pair (2,26) has 1 well-supported breakpoints
Pair 3, 4 has 417 initial LCBs
Using scaled bp penalty: 157308
Pair (3,4) has 1 well-supported breakpoints
Pair 3, 5 has 664 initial LCBs
Using scaled bp penalty: 25623.6
Pair (3,5) has 1 well-supported breakpoints
Pair 3, 6 has 710 initial LCBs
Using scaled bp penalty: 33773.8
Pair (3,6) has 1 well-supported breakpoints
Pair 3, 7 has 732 initial LCBs
Using scaled bp penalty: 35090.2
Pair (3,7) has 1 well-supported breakpoints
Pair 3, 8 has 422 initial LCBs
Using scaled bp penalty: 155678
Pair (3,8) has 1 well-supported breakpoints
Pair 3, 9 has 202 initial LCBs
Using scaled bp penalty: 153812
Pair (3,9) has 1 well-supported breakpoints
Pair 3, 10 has 53 initial LCBs
Using scaled bp penalty: 223853
Pair (3,10) has 1 well-supported breakpoints
Pair 3, 11 has 28 initial LCBs
Using scaled bp penalty: 247598
Pair (3,11) has 1 well-supported breakpoints
Pair 3, 12 has 203 initial LCBs
Using scaled bp penalty: 153465
Pair (3,12) has 1 well-supported breakpoints
Pair 3, 13 has 213 initial LCBs
Using scaled bp penalty: 140823
Pair (3,13) has 1 well-supported breakpoints
Pair 3, 14 has 210 initial LCBs
Using scaled bp penalty: 154199
Pair (3,14) has 1 well-supported breakpoints
Pair 3, 15 has 716 initial LCBs
Using scaled bp penalty: 32698.9
Pair (3,15) has 1 well-supported breakpoints
Pair 3, 16 has 626 initial LCBs
Using scaled bp penalty: 23934
Pair (3,16) has 1 well-supported breakpoints
Pair 3, 17 has 288 initial LCBs
Using scaled bp penalty: 123173
Pair (3,17) has 1 well-supported breakpoints
Pair 3, 18 has 30 initial LCBs
Using scaled bp penalty: 247977
Pair (3,18) has 1 well-supported breakpoints
Pair 3, 19 has 137 initial LCBs
Using scaled bp penalty: 253938
Pair (3,19) has 1 well-supported breakpoints
Pair 3, 20 has 634 initial LCBs
Using scaled bp penalty: 33479.9
Pair (3,20) has 1 well-supported breakpoints
Pair 3, 21 has 202 initial LCBs
Using scaled bp penalty: 153812
Pair (3,21) has 1 well-supported breakpoints
Pair 3, 22 has 198 initial LCBs
Using scaled bp penalty: 144940
Pair (3,22) has 1 well-supported breakpoints
Pair 3, 23 has 336 initial LCBs
Using scaled bp penalty: 153812
Pair (3,23) has 1 well-supported breakpoints
Pair 3, 24 has 229 initial LCBs
Using scaled bp penalty: 146568
Pair (3,24) has 1 well-supported breakpoints
Pair 3, 25 has 628 initial LCBs
Using scaled bp penalty: 23838
Pair (3,25) has 1 well-supported breakpoints
Pair 3, 26 has 728 initial LCBs
Using scaled bp penalty: 32700.8
Pair (3,26) has 1 well-supported breakpoints
Pair 4, 5 has 665 initial LCBs
Using scaled bp penalty: 19725.8
Pair (4,5) has 1 well-supported breakpoints
Pair 4, 6 has 605 initial LCBs
Using scaled bp penalty: 26722.9
Pair (4,6) has 1 well-supported breakpoints
Pair 4, 7 has 627 initial LCBs
Using scaled bp penalty: 27646.3
Pair (4,7) has 1 well-supported breakpoints
Pair 4, 8 has 1 initial LCBs
Using scaled bp penalty: 314889
Pair (4,8) has 1 well-supported breakpoints
Pair 4, 9 has 40 initial LCBs
Using scaled bp penalty: 283810
Pair (4,9) has 1 well-supported breakpoints
Pair 4, 10 has 423 initial LCBs
Using scaled bp penalty: 143968
Pair (4,10) has 1 well-supported breakpoints
Pair 4, 11 has 341 initial LCBs
Using scaled bp penalty: 158426
Pair (4,11) has 1 well-supported breakpoints
Pair 4, 12 has 49 initial LCBs
Using scaled bp penalty: 283478
Pair (4,12) has 1 well-supported breakpoints
Pair 4, 13 has 258 initial LCBs
Using scaled bp penalty: 172599
Pair (4,13) has 1 well-supported breakpoints
Pair 4, 14 has 50 initial LCBs
Using scaled bp penalty: 284518
Pair (4,14) has 1 well-supported breakpoints
Pair 4, 15 has 629 initial LCBs
Using scaled bp penalty: 26492.7
Pair (4,15) has 1 well-supported breakpoints
Pair 4, 16 has 743 initial LCBs
Using scaled bp penalty: 21141.2
Pair (4,16) has 1 well-supported breakpoints
Pair 4, 17 has 351 initial LCBs
Using scaled bp penalty: 137023
Pair (4,17) has 1 well-supported breakpoints
Pair 4, 18 has 365 initial LCBs
Using scaled bp penalty: 158354
Pair (4,18) has 1 well-supported breakpoints
Pair 4, 19 has 188 initial LCBs
Using scaled bp penalty: 146972
Pair (4,19) has 1 well-supported breakpoints
Pair 4, 20 has 732 initial LCBs
Using scaled bp penalty: 28354.9
Pair (4,20) has 1 well-supported breakpoints
Pair 4, 21 has 40 initial LCBs
Using scaled bp penalty: 283810
Pair (4,21) has 1 well-supported breakpoints
Pair 4, 22 has 324 initial LCBs
Using scaled bp penalty: 170736
Pair (4,22) has 1 well-supported breakpoints
Pair 4, 23 has 16 initial LCBs
Using scaled bp penalty: 283810
Pair (4,23) has 1 well-supported breakpoints
Pair 4, 24 has 433 initial LCBs
Using scaled bp penalty: 131338
Pair (4,24) has 1 well-supported breakpoints
Pair 4, 25 has 749 initial LCBs
Using scaled bp penalty: 21253.7
Pair (4,25) has 1 well-supported breakpoints
Pair 4, 26 has 628 initial LCBs
Using scaled bp penalty: 26605.3
Pair (4,26) has 1 well-supported breakpoints
Pair 5, 6 has 134 initial LCBs
Using scaled bp penalty: 164131
Pair (5,6) has 1 well-supported breakpoints
Pair 5, 7 has 118 initial LCBs
Using scaled bp penalty: 166481
Pair (5,7) has 1 well-supported breakpoints
Pair 5, 8 has 680 initial LCBs
Using scaled bp penalty: 19583.4
Pair (5,8) has 1 well-supported breakpoints
Pair 5, 9 has 624 initial LCBs
Using scaled bp penalty: 20191.2
Pair (5,9) has 1 well-supported breakpoints
Pair 5, 10 has 655 initial LCBs
Using scaled bp penalty: 24398.4
Pair (5,10) has 1 well-supported breakpoints
Pair 5, 11 has 674 initial LCBs
Using scaled bp penalty: 24594.3
Pair (5,11) has 1 well-supported breakpoints
Pair 5, 12 has 621 initial LCBs
Using scaled bp penalty: 20033.3
Pair (5,12) has 1 well-supported breakpoints
Pair 5, 13 has 615 initial LCBs
Using scaled bp penalty: 18120
Pair (5,13) has 1 well-supported breakpoints
Pair 5, 14 has 626 initial LCBs
Using scaled bp penalty: 20204.4
Pair (5,14) has 1 well-supported breakpoints
Pair 5, 15 has 681 initial LCBs
Using scaled bp penalty: 29427.8
Pair (5,15) has 1 well-supported breakpoints
Pair 5, 16 has 577 initial LCBs
Using scaled bp penalty: 21954.4
Pair (5,16) has 1 well-supported breakpoints
Pair 5, 17 has 573 initial LCBs
Using scaled bp penalty: 17168.6
Pair (5,17) has 1 well-supported breakpoints
Pair 5, 18 has 674 initial LCBs
Using scaled bp penalty: 24798.5
Pair (5,18) has 1 well-supported breakpoints
Pair 5, 19 has 753 initial LCBs
Using scaled bp penalty: 25000.7
Pair (5,19) has 1 well-supported breakpoints
Pair 5, 20 has 554 initial LCBs
Using scaled bp penalty: 31605.3
Pair (5,20) has 1 well-supported breakpoints
Pair 5, 21 has 624 initial LCBs
Using scaled bp penalty: 20191.2
Pair (5,21) has 1 well-supported breakpoints
Pair 5, 22 has 608 initial LCBs
Using scaled bp penalty: 18071
Pair (5,22) has 1 well-supported breakpoints
Pair 5, 23 has 708 initial LCBs
Using scaled bp penalty: 20191.2
Pair (5,23) has 1 well-supported breakpoints
Pair 5, 24 has 602 initial LCBs
Using scaled bp penalty: 18977.5
Pair (5,24) has 1 well-supported breakpoints
Pair 5, 25 has 580 initial LCBs
Using scaled bp penalty: 21986.7
Pair (5,25) has 1 well-supported breakpoints
Pair 5, 26 has 658 initial LCBs
Using scaled bp penalty: 28783.1
Pair (5,26) has 1 well-supported breakpoints
Pair 6, 7 has 1 initial LCBs
Using scaled bp penalty: 308820
Pair (6,7) has 1 well-supported breakpoints
Pair 6, 8 has 622 initial LCBs
Using scaled bp penalty: 26512
Pair (6,8) has 1 well-supported breakpoints
Pair 6, 9 has 711 initial LCBs
Using scaled bp penalty: 28414.4
Pair (6,9) has 1 well-supported breakpoints
Pair 6, 10 has 660 initial LCBs
Using scaled bp penalty: 34947.9
Pair (6,10) has 1 well-supported breakpoints
Pair 6, 11 has 694 initial LCBs
Using scaled bp penalty: 31935.7
Pair (6,11) has 1 well-supported breakpoints
Pair 6, 12 has 705 initial LCBs
Using scaled bp penalty: 28221.3
Pair (6,12) has 1 well-supported breakpoints
Pair 6, 13 has 699 initial LCBs
Using scaled bp penalty: 26062.1
Pair (6,13) has 1 well-supported breakpoints
Pair 6, 14 has 715 initial LCBs
Using scaled bp penalty: 28295.8
Pair (6,14) has 1 well-supported breakpoints
Pair 6, 15 has 535 initial LCBs
Using scaled bp penalty: 45991.5
Pair (6,15) has 1 well-supported breakpoints
Pair 6, 16 has 641 initial LCBs
Using scaled bp penalty: 28589.3
Pair (6,16) has 1 well-supported breakpoints
Pair 6, 17 has 640 initial LCBs
Using scaled bp penalty: 28459.8
Pair (6,17) has 1 well-supported breakpoints
Pair 6, 18 has 698 initial LCBs
Using scaled bp penalty: 32034.7
Pair (6,18) has 1 well-supported breakpoints
Pair 6, 19 has 581 initial LCBs
Using scaled bp penalty: 33010.2
Pair (6,19) has 1 well-supported breakpoints
Pair 6, 20 has 627 initial LCBs
Using scaled bp penalty: 42165.9
Pair (6,20) has 1 well-supported breakpoints
Pair 6, 21 has 711 initial LCBs
Using scaled bp penalty: 28414.4
Pair (6,21) has 1 well-supported breakpoints
Pair 6, 22 has 671 initial LCBs
Using scaled bp penalty: 24605.4
Pair (6,22) has 1 well-supported breakpoints
Pair 6, 23 has 642 initial LCBs
Using scaled bp penalty: 28414.4
Pair (6,23) has 1 well-supported breakpoints
Pair 6, 24 has 683 initial LCBs
Using scaled bp penalty: 28192.5
Pair (6,24) has 1 well-supported breakpoints
Pair 6, 25 has 649 initial LCBs
Using scaled bp penalty: 28446.3
Pair (6,25) has 1 well-supported breakpoints
Pair 6, 26 has 544 initial LCBs
Using scaled bp penalty: 45951.8
Pair (6,26) has 1 well-supported breakpoints
Pair 7, 8 has 626 initial LCBs
Using scaled bp penalty: 27494.5
Pair (7,8) has 1 well-supported breakpoints
Pair 7, 9 has 683 initial LCBs
Using scaled bp penalty: 28297
Pair (7,9) has 1 well-supported breakpoints
Pair 7, 10 has 713 initial LCBs
Using scaled bp penalty: 37187.1
Pair (7,10) has 1 well-supported breakpoints
Pair 7, 11 has 730 initial LCBs
Using scaled bp penalty: 34418.6
Pair (7,11) has 1 well-supported breakpoints
Pair 7, 12 has 693 initial LCBs
Using scaled bp penalty: 28092.8
Pair (7,12) has 1 well-supported breakpoints
Pair 7, 13 has 682 initial LCBs
Using scaled bp penalty: 26417.3
Pair (7,13) has 1 well-supported breakpoints
Pair 7, 14 has 700 initial LCBs
Using scaled bp penalty: 28457.1
Pair (7,14) has 1 well-supported breakpoints
Pair 7, 15 has 535 initial LCBs
Using scaled bp penalty: 47882.3
Pair (7,15) has 1 well-supported breakpoints
Pair 7, 16 has 661 initial LCBs
Using scaled bp penalty: 29223.2
Pair (7,16) has 1 well-supported breakpoints
Pair 7, 17 has 662 initial LCBs
Using scaled bp penalty: 29855.5
Pair (7,17) has 1 well-supported breakpoints
Pair 7, 18 has 739 initial LCBs
Using scaled bp penalty: 34569.1
Pair (7,18) has 1 well-supported breakpoints
Pair 7, 19 has 639 initial LCBs
Using scaled bp penalty: 35153.9
Pair (7,19) has 1 well-supported breakpoints
Pair 7, 20 has 636 initial LCBs
Using scaled bp penalty: 43039.7
Pair (7,20) has 1 well-supported breakpoints
Pair 7, 21 has 683 initial LCBs
Using scaled bp penalty: 28297
Pair (7,21) has 1 well-supported breakpoints
Pair 7, 22 has 649 initial LCBs
Using scaled bp penalty: 24130.8
Pair (7,22) has 1 well-supported breakpoints
Pair 7, 23 has 634 initial LCBs
Using scaled bp penalty: 28297
Pair (7,23) has 1 well-supported breakpoints
Pair 7, 24 has 647 initial LCBs
Using scaled bp penalty: 28076.7
Pair (7,24) has 1 well-supported breakpoints
Pair 7, 25 has 655 initial LCBs
Using scaled bp penalty: 29088.8
Pair (7,25) has 1 well-supported breakpoints
Pair 7, 26 has 529 initial LCBs
Using scaled bp penalty: 47631
Pair (7,26) has 1 well-supported breakpoints
Pair 8, 9 has 44 initial LCBs
Using scaled bp penalty: 281033
Pair (8,9) has 1 well-supported breakpoints
Pair 8, 10 has 419 initial LCBs
Using scaled bp penalty: 142742
Pair (8,10) has 1 well-supported breakpoints
Pair 8, 11 has 354 initial LCBs
Using scaled bp penalty: 157272
Pair (8,11) has 1 well-supported breakpoints
Pair 8, 12 has 46 initial LCBs
Using scaled bp penalty: 280720
Pair (8,12) has 1 well-supported breakpoints
Pair 8, 13 has 273 initial LCBs
Using scaled bp penalty: 171843
Pair (8,13) has 1 well-supported breakpoints
Pair 8, 14 has 59 initial LCBs
Using scaled bp penalty: 281766
Pair (8,14) has 1 well-supported breakpoints
Pair 8, 15 has 637 initial LCBs
Using scaled bp penalty: 26589.1
Pair (8,15) has 1 well-supported breakpoints
Pair 8, 16 has 755 initial LCBs
Using scaled bp penalty: 21130
Pair (8,16) has 1 well-supported breakpoints
Pair 8, 17 has 348 initial LCBs
Using scaled bp penalty: 136463
Pair (8,17) has 1 well-supported breakpoints
Pair 8, 18 has 348 initial LCBs
Using scaled bp penalty: 157181
Pair (8,18) has 1 well-supported breakpoints
Pair 8, 19 has 185 initial LCBs
Using scaled bp penalty: 146298
Pair (8,19) has 1 well-supported breakpoints
Pair 8, 20 has 731 initial LCBs
Using scaled bp penalty: 28073.5
Pair (8,20) has 1 well-supported breakpoints
Pair 8, 21 has 44 initial LCBs
Using scaled bp penalty: 281033
Pair (8,21) has 1 well-supported breakpoints
Pair 8, 22 has 339 initial LCBs
Using scaled bp penalty: 169923
Pair (8,22) has 1 well-supported breakpoints
Pair 8, 23 has 16 initial LCBs
Using scaled bp penalty: 281033
Pair (8,23) has 1 well-supported breakpoints
Pair 8, 24 has 442 initial LCBs
Using scaled bp penalty: 130526
Pair (8,24) has 1 well-supported breakpoints
Pair 8, 25 has 759 initial LCBs
Using scaled bp penalty: 21276.4
Pair (8,25) has 1 well-supported breakpoints
Pair 8, 26 has 636 initial LCBs
Using scaled bp penalty: 26736.8
Pair (8,26) has 1 well-supported breakpoints
Pair 9, 10 has 214 initial LCBs
Using scaled bp penalty: 142797
Pair (9,10) has 1 well-supported breakpoints
Pair 9, 11 has 166 initial LCBs
Using scaled bp penalty: 157206
Pair (9,11) has 1 well-supported breakpoints
Pair 9, 12 has 1 initial LCBs
Using scaled bp penalty: 318407
Pair (9,12) has 1 well-supported breakpoints
Pair 9, 13 has 74 initial LCBs
Using scaled bp penalty: 187197
Pair (9,13) has 1 well-supported breakpoints
Pair 9, 14 has 1 initial LCBs
Using scaled bp penalty: 317960
Pair (9,14) has 1 well-supported breakpoints
Pair 9, 15 has 701 initial LCBs
Using scaled bp penalty: 27562.3
Pair (9,15) has 1 well-supported breakpoints
Pair 9, 16 has 619 initial LCBs
Using scaled bp penalty: 20883
Pair (9,16) has 1 well-supported breakpoints
Pair 9, 17 has 179 initial LCBs
Using scaled bp penalty: 130484
Pair (9,17) has 1 well-supported breakpoints
Pair 9, 18 has 168 initial LCBs
Using scaled bp penalty: 157275
Pair (9,18) has 1 well-supported breakpoints
Pair 9, 19 has 409 initial LCBs
Using scaled bp penalty: 145906
Pair (9,19) has 1 well-supported breakpoints
Pair 9, 20 has 599 initial LCBs
Using scaled bp penalty: 27490.6
Pair (9,20) has 1 well-supported breakpoints
Pair 9, 21 has 1 initial LCBs
Using scaled bp penalty: 318424
Pair (9,21) has 1 well-supported breakpoints
Pair 9, 22 has 118 initial LCBs
Using scaled bp penalty: 173523
Pair (9,22) has 1 well-supported breakpoints
Pair 9, 23 has 1 initial LCBs
Using scaled bp penalty: 318424
Pair (9,23) has 1 well-supported breakpoints
Pair 9, 24 has 230 initial LCBs
Using scaled bp penalty: 127455
Pair (9,24) has 1 well-supported breakpoints
Pair 9, 25 has 621 initial LCBs
Using scaled bp penalty: 20978.8
Pair (9,25) has 1 well-supported breakpoints
Pair 9, 26 has 707 initial LCBs
Using scaled bp penalty: 27545.7
Pair (9,26) has 1 well-supported breakpoints
Pair 10, 11 has 15 initial LCBs
Using scaled bp penalty: 268030
Pair (10,11) has 1 well-supported breakpoints
Pair 10, 12 has 227 initial LCBs
Using scaled bp penalty: 142820
Pair (10,12) has 1 well-supported breakpoints
Pair 10, 13 has 225 initial LCBs
Using scaled bp penalty: 126720
Pair (10,13) has 1 well-supported breakpoints
Pair 10, 14 has 217 initial LCBs
Using scaled bp penalty: 143612
Pair (10,14) has 1 well-supported breakpoints
Pair 10, 15 has 714 initial LCBs
Using scaled bp penalty: 34454.3
Pair (10,15) has 1 well-supported breakpoints
Pair 10, 16 has 622 initial LCBs
Using scaled bp penalty: 22519.4
Pair (10,16) has 1 well-supported breakpoints
Pair 10, 17 has 206 initial LCBs
Using scaled bp penalty: 137688
Pair (10,17) has 1 well-supported breakpoints
Pair 10, 18 has 12 initial LCBs
Using scaled bp penalty: 268045
Pair (10,18) has 1 well-supported breakpoints
Pair 10, 19 has 161 initial LCBs
Using scaled bp penalty: 238491
Pair (10,19) has 1 well-supported breakpoints
Pair 10, 20 has 603 initial LCBs
Using scaled bp penalty: 32691
Pair (10,20) has 1 well-supported breakpoints
Pair 10, 21 has 223 initial LCBs
Using scaled bp penalty: 142797
Pair (10,21) has 1 well-supported breakpoints
Pair 10, 22 has 228 initial LCBs
Using scaled bp penalty: 125117
Pair (10,22) has 1 well-supported breakpoints
Pair 10, 23 has 406 initial LCBs
Using scaled bp penalty: 142797
Pair (10,23) has 1 well-supported breakpoints
Pair 10, 24 has 248 initial LCBs
Using scaled bp penalty: 138076
Pair (10,24) has 1 well-supported breakpoints
Pair 10, 25 has 622 initial LCBs
Using scaled bp penalty: 22520.1
Pair (10,25) has 1 well-supported breakpoints
Pair 10, 26 has 717 initial LCBs
Using scaled bp penalty: 34548.6
Pair (10,26) has 1 well-supported breakpoints
Pair 11, 12 has 172 initial LCBs
Using scaled bp penalty: 157041
Pair (11,12) has 1 well-supported breakpoints
Pair 11, 13 has 177 initial LCBs
Using scaled bp penalty: 143754
Pair (11,13) has 1 well-supported breakpoints
Pair 11, 14 has 163 initial LCBs
Using scaled bp penalty: 157183
Pair (11,14) has 1 well-supported breakpoints
Pair 11, 15 has 705 initial LCBs
Using scaled bp penalty: 30150.7
Pair (11,15) has 1 well-supported breakpoints
Pair 11, 16 has 646 initial LCBs
Using scaled bp penalty: 22824.4
Pair (11,16) has 1 well-supported breakpoints
Pair 11, 17 has 240 initial LCBs
Using scaled bp penalty: 122022
Pair (11,17) has 1 well-supported breakpoints
Pair 11, 18 has 1 initial LCBs
Using scaled bp penalty: 318322
Pair (11,18) has 1 well-supported breakpoints
Pair 11, 19 has 177 initial LCBs
Using scaled bp penalty: 248498
Pair (11,19) has 1 well-supported breakpoints
Pair 11, 20 has 596 initial LCBs
Using scaled bp penalty: 29515.6
Pair (11,20) has 1 well-supported breakpoints
Pair 11, 21 has 167 initial LCBs
Using scaled bp penalty: 157206
Pair (11,21) has 1 well-supported breakpoints
Pair 11, 22 has 238 initial LCBs
Using scaled bp penalty: 139377
Pair (11,22) has 1 well-supported breakpoints
Pair 11, 23 has 342 initial LCBs
Using scaled bp penalty: 157206
Pair (11,23) has 1 well-supported breakpoints
Pair 11, 24 has 280 initial LCBs
Using scaled bp penalty: 142480
Pair (11,24) has 1 well-supported breakpoints
Pair 11, 25 has 646 initial LCBs
Using scaled bp penalty: 22928.5
Pair (11,25) has 1 well-supported breakpoints
Pair 11, 26 has 691 initial LCBs
Using scaled bp penalty: 30056.4
Pair (11,26) has 1 well-supported breakpoints
Pair 12, 13 has 74 initial LCBs
Using scaled bp penalty: 186896
Pair (12,13) has 1 well-supported breakpoints
Pair 12, 14 has 1 initial LCBs
Using scaled bp penalty: 317342
Pair (12,14) has 1 well-supported breakpoints
Pair 12, 15 has 701 initial LCBs
Using scaled bp penalty: 27520
Pair (12,15) has 1 well-supported breakpoints
Pair 12, 16 has 619 initial LCBs
Using scaled bp penalty: 20943
Pair (12,16) has 1 well-supported breakpoints
Pair 12, 17 has 179 initial LCBs
Using scaled bp penalty: 130291
Pair (12,17) has 1 well-supported breakpoints
Pair 12, 18 has 172 initial LCBs
Using scaled bp penalty: 157110
Pair (12,18) has 1 well-supported breakpoints
Pair 12, 19 has 383 initial LCBs
Using scaled bp penalty: 145758
Pair (12,19) has 1 well-supported breakpoints
Pair 12, 20 has 603 initial LCBs
Using scaled bp penalty: 27563.5
Pair (12,20) has 1 well-supported breakpoints
Pair 12, 21 has 1 initial LCBs
Using scaled bp penalty: 318407
Pair (12,21) has 1 well-supported breakpoints
Pair 12, 22 has 113 initial LCBs
Using scaled bp penalty: 173177
Pair (12,22) has 1 well-supported breakpoints
Pair 12, 23 has 1 initial LCBs
Using scaled bp penalty: 318407
Pair (12,23) has 1 well-supported breakpoints
Pair 12, 24 has 227 initial LCBs
Using scaled bp penalty: 127250
Pair (12,24) has 1 well-supported breakpoints
Pair 12, 25 has 619 initial LCBs
Using scaled bp penalty: 21038.9
Pair (12,25) has 1 well-supported breakpoints
Pair 12, 26 has 695 initial LCBs
Using scaled bp penalty: 27514.3
Pair (12,26) has 1 well-supported breakpoints
Pair 13, 14 has 78 initial LCBs
Using scaled bp penalty: 185337
Pair (13,14) has 1 well-supported breakpoints
Pair 13, 15 has 683 initial LCBs
Using scaled bp penalty: 25386.8
Pair (13,15) has 1 well-supported breakpoints
Pair 13, 16 has 617 initial LCBs
Using scaled bp penalty: 19125.9
Pair (13,16) has 1 well-supported breakpoints
Pair 13, 17 has 129 initial LCBs
Using scaled bp penalty: 186899
Pair (13,17) has 1 well-supported breakpoints
Pair 13, 18 has 182 initial LCBs
Using scaled bp penalty: 143664
Pair (13,18) has 1 well-supported breakpoints
Pair 13, 19 has 387 initial LCBs
Using scaled bp penalty: 142440
Pair (13,19) has 1 well-supported breakpoints
Pair 13, 20 has 580 initial LCBs
Using scaled bp penalty: 25483.6
Pair (13,20) has 1 well-supported breakpoints
Pair 13, 21 has 78 initial LCBs
Using scaled bp penalty: 187197
Pair (13,21) has 1 well-supported breakpoints
Pair 13, 22 has 35 initial LCBs
Using scaled bp penalty: 232254
Pair (13,22) has 1 well-supported breakpoints
Pair 13, 23 has 151 initial LCBs
Using scaled bp penalty: 187197
Pair (13,23) has 1 well-supported breakpoints
Pair 13, 24 has 143 initial LCBs
Using scaled bp penalty: 162109
Pair (13,24) has 1 well-supported breakpoints
Pair 13, 25 has 621 initial LCBs
Using scaled bp penalty: 19153.3
Pair (13,25) has 1 well-supported breakpoints
Pair 13, 26 has 664 initial LCBs
Using scaled bp penalty: 25394.2
Pair (13,26) has 1 well-supported breakpoints
Pair 14, 15 has 713 initial LCBs
Using scaled bp penalty: 27353.1
Pair (14,15) has 1 well-supported breakpoints
Pair 14, 16 has 614 initial LCBs
Using scaled bp penalty: 21148.7
Pair (14,16) has 1 well-supported breakpoints
Pair 14, 17 has 179 initial LCBs
Using scaled bp penalty: 131455
Pair (14,17) has 1 well-supported breakpoints
Pair 14, 18 has 165 initial LCBs
Using scaled bp penalty: 157252
Pair (14,18) has 1 well-supported breakpoints
Pair 14, 19 has 396 initial LCBs
Using scaled bp penalty: 145651
Pair (14,19) has 1 well-supported breakpoints
Pair 14, 20 has 599 initial LCBs
Using scaled bp penalty: 27576.3
Pair (14,20) has 1 well-supported breakpoints
Pair 14, 21 has 1 initial LCBs
Using scaled bp penalty: 317960
Pair (14,21) has 1 well-supported breakpoints
Pair 14, 22 has 121 initial LCBs
Using scaled bp penalty: 172642
Pair (14,22) has 1 well-supported breakpoints
Pair 14, 23 has 1 initial LCBs
Using scaled bp penalty: 317960
Pair (14,23) has 1 well-supported breakpoints
Pair 14, 24 has 230 initial LCBs
Using scaled bp penalty: 128825
Pair (14,24) has 1 well-supported breakpoints
Pair 14, 25 has 617 initial LCBs
Using scaled bp penalty: 21245.3
Pair (14,25) has 1 well-supported breakpoints
Pair 14, 26 has 721 initial LCBs
Using scaled bp penalty: 27394
Pair (14,26) has 1 well-supported breakpoints
Pair 15, 16 has 566 initial LCBs
Using scaled bp penalty: 70327.3
Pair (15,16) has 1 well-supported breakpoints
Pair 15, 17 has 696 initial LCBs
Using scaled bp penalty: 28872.1
Pair (15,17) has 1 well-supported breakpoints
Pair 15, 18 has 689 initial LCBs
Using scaled bp penalty: 30037.5
Pair (15,18) has 1 well-supported breakpoints
Pair 15, 19 has 628 initial LCBs
Using scaled bp penalty: 32820.2
Pair (15,19) has 1 well-supported breakpoints
Pair 15, 20 has 247 initial LCBs
Using scaled bp penalty: 220147
Pair (15,20) has 1 well-supported breakpoints
Pair 15, 21 has 727 initial LCBs
Using scaled bp penalty: 27562.3
Pair (15,21) has 1 well-supported breakpoints
Pair 15, 22 has 657 initial LCBs
Using scaled bp penalty: 23350.4
Pair (15,22) has 1 well-supported breakpoints
Pair 15, 23 has 651 initial LCBs
Using scaled bp penalty: 27562.3
Pair (15,23) has 1 well-supported breakpoints
Pair 15, 24 has 700 initial LCBs
Using scaled bp penalty: 27126.6
Pair (15,24) has 1 well-supported breakpoints
Pair 15, 25 has 581 initial LCBs
Using scaled bp penalty: 70483.3
Pair (15,25) has 1 well-supported breakpoints
Pair 15, 26 has 1 initial LCBs
Using scaled bp penalty: 318338
Pair (15,26) has 1 well-supported breakpoints
Pair 16, 17 has 627 initial LCBs
Using scaled bp penalty: 19208
Pair (16,17) has 1 well-supported breakpoints
Pair 16, 18 has 641 initial LCBs
Using scaled bp penalty: 22695
Pair (16,18) has 1 well-supported breakpoints
Pair 16, 19 has 754 initial LCBs
Using scaled bp penalty: 25251
Pair (16,19) has 1 well-supported breakpoints
Pair 16, 20 has 411 initial LCBs
Using scaled bp penalty: 81355.3
Pair (16,20) has 1 well-supported breakpoints
Pair 16, 21 has 630 initial LCBs
Using scaled bp penalty: 20883
Pair (16,21) has 1 well-supported breakpoints
Pair 16, 22 has 635 initial LCBs
Using scaled bp penalty: 19122
Pair (16,22) has 1 well-supported breakpoints
Pair 16, 23 has 717 initial LCBs
Using scaled bp penalty: 20883
Pair (16,23) has 1 well-supported breakpoints
Pair 16, 24 has 624 initial LCBs
Using scaled bp penalty: 19260.6
Pair (16,24) has 1 well-supported breakpoints
Pair 16, 25 has 1 initial LCBs
Using scaled bp penalty: 318297
Pair (16,25) has 1 well-supported breakpoints
Pair 16, 26 has 586 initial LCBs
Using scaled bp penalty: 70343.6
Pair (16,26) has 1 well-supported breakpoints
Pair 17, 18 has 235 initial LCBs
Using scaled bp penalty: 122159
Pair (17,18) has 1 well-supported breakpoints
Pair 17, 19 has 385 initial LCBs
Using scaled bp penalty: 137165
Pair (17,19) has 1 well-supported breakpoints
Pair 17, 20 has 583 initial LCBs
Using scaled bp penalty: 25677.7
Pair (17,20) has 1 well-supported breakpoints
Pair 17, 21 has 191 initial LCBs
Using scaled bp penalty: 130484
Pair (17,21) has 1 well-supported breakpoints
Pair 17, 22 has 93 initial LCBs
Using scaled bp penalty: 182015
Pair (17,22) has 1 well-supported breakpoints
Pair 17, 23 has 325 initial LCBs
Using scaled bp penalty: 130484
Pair (17,23) has 1 well-supported breakpoints
Pair 17, 24 has 177 initial LCBs
Using scaled bp penalty: 152894
Pair (17,24) has 1 well-supported breakpoints
Pair 17, 25 has 620 initial LCBs
Using scaled bp penalty: 19165.6
Pair (17,25) has 1 well-supported breakpoints
Pair 17, 26 has 686 initial LCBs
Using scaled bp penalty: 28561.1
Pair (17,26) has 1 well-supported breakpoints
Pair 18, 19 has 181 initial LCBs
Using scaled bp penalty: 248837
Pair (18,19) has 1 well-supported breakpoints
Pair 18, 20 has 596 initial LCBs
Using scaled bp penalty: 29435
Pair (18,20) has 1 well-supported breakpoints
Pair 18, 21 has 168 initial LCBs
Using scaled bp penalty: 157275
Pair (18,21) has 1 well-supported breakpoints
Pair 18, 22 has 246 initial LCBs
Using scaled bp penalty: 140107
Pair (18,22) has 1 well-supported breakpoints
Pair 18, 23 has 332 initial LCBs
Using scaled bp penalty: 157275
Pair (18,23) has 1 well-supported breakpoints
Pair 18, 24 has 280 initial LCBs
Using scaled bp penalty: 142749
Pair (18,24) has 1 well-supported breakpoints
Pair 18, 25 has 647 initial LCBs
Using scaled bp penalty: 22798.8
Pair (18,25) has 1 well-supported breakpoints
Pair 18, 26 has 702 initial LCBs
Using scaled bp penalty: 29969.5
Pair (18,26) has 1 well-supported breakpoints
Pair 19, 20 has 702 initial LCBs
Using scaled bp penalty: 34459.6
Pair (19,20) has 1 well-supported breakpoints
Pair 19, 21 has 394 initial LCBs
Using scaled bp penalty: 145906
Pair (19,21) has 1 well-supported breakpoints
Pair 19, 22 has 351 initial LCBs
Using scaled bp penalty: 140517
Pair (19,22) has 1 well-supported breakpoints
Pair 19, 23 has 219 initial LCBs
Using scaled bp penalty: 145906
Pair (19,23) has 1 well-supported breakpoints
Pair 19, 24 has 454 initial LCBs
Using scaled bp penalty: 141946
Pair (19,24) has 1 well-supported breakpoints
Pair 19, 25 has 749 initial LCBs
Using scaled bp penalty: 25296.2
Pair (19,25) has 1 well-supported breakpoints
Pair 19, 26 has 618 initial LCBs
Using scaled bp penalty: 32610.9
Pair (19,26) has 1 well-supported breakpoints
Pair 20, 21 has 622 initial LCBs
Using scaled bp penalty: 27490.6
Pair (20,21) has 1 well-supported breakpoints
Pair 20, 22 has 594 initial LCBs
Using scaled bp penalty: 25164.7
Pair (20,22) has 1 well-supported breakpoints
Pair 20, 23 has 718 initial LCBs
Using scaled bp penalty: 27490.6
Pair (20,23) has 1 well-supported breakpoints
Pair 20, 24 has 642 initial LCBs
Using scaled bp penalty: 28309.3
Pair (20,24) has 1 well-supported breakpoints
Pair 20, 25 has 408 initial LCBs
Using scaled bp penalty: 81617.3
Pair (20,25) has 1 well-supported breakpoints
Pair 20, 26 has 278 initial LCBs
Using scaled bp penalty: 219609
Pair (20,26) has 1 well-supported breakpoints
Pair 21, 22 has 118 initial LCBs
Using scaled bp penalty: 173523
Pair (21,22) has 1 well-supported breakpoints
Pair 21, 23 has 1 initial LCBs
Using scaled bp penalty: 318424
Pair (21,23) has 1 well-supported breakpoints
Pair 21, 24 has 230 initial LCBs
Using scaled bp penalty: 127455
Pair (21,24) has 1 well-supported breakpoints
Pair 21, 25 has 621 initial LCBs
Using scaled bp penalty: 20978.8
Pair (21,25) has 1 well-supported breakpoints
Pair 21, 26 has 707 initial LCBs
Using scaled bp penalty: 27545.7
Pair (21,26) has 1 well-supported breakpoints
Pair 22, 23 has 235 initial LCBs
Using scaled bp penalty: 173523
Pair (22,23) has 1 well-supported breakpoints
Pair 22, 24 has 142 initial LCBs
Using scaled bp penalty: 164996
Pair (22,24) has 1 well-supported breakpoints
Pair 22, 25 has 648 initial LCBs
Using scaled bp penalty: 19176
Pair (22,25) has 1 well-supported breakpoints
Pair 22, 26 has 690 initial LCBs
Using scaled bp penalty: 23647
Pair (22,26) has 1 well-supported breakpoints
Pair 23, 24 has 409 initial LCBs
Using scaled bp penalty: 127455
Pair (23,24) has 1 well-supported breakpoints
Pair 23, 25 has 716 initial LCBs
Using scaled bp penalty: 20978.8
Pair (23,25) has 1 well-supported breakpoints
Pair 23, 26 has 630 initial LCBs
Using scaled bp penalty: 27545.7
Pair (23,26) has 1 well-supported breakpoints
Pair 24, 25 has 636 initial LCBs
Using scaled bp penalty: 19262.7
Pair (24,25) has 1 well-supported breakpoints
Pair 24, 26 has 718 initial LCBs
Using scaled bp penalty: 27294.7
Pair (24,26) has 1 well-supported breakpoints
Pair 25, 26 has 571 initial LCBs
Using scaled bp penalty: 70587.4
Pair (25,26) has 1 well-supported breakpoints
genome content distance matrix:
0	0.162333	0.429415	0.417653	0.452495	0.15357	0.0119925	0.0098217	0.452888	0.448597	0.40775	0.424186	0.449571	0.458349	0.449966	0.383698	0.448728	0.441948	0.423642	0.416259	0.388718	0.448597	0.462727	0.448597	0.449929	0.449186	0.386157
0.162333	0	0.504145	0.500638	0.516839	0.254059	0.159339	0.155209	0.518073	0.51575	0.490746	0.502836	0.516106	0.520742	0.512264	0.455482	0.530019	0.49921	0.502427	0.495346	0.475446	0.51575	0.528593	0.51575	0.506056	0.530105	0.457129
0.429415	0.504145	0	0.091153	0.185557	0.477689	0.447277	0.432841	0.186071	0.191952	0.122205	0.117299	0.192304	0.205101	0.191384	0.438017	0.473784	0.237206	0.116926	0.111589	0.427504	0.191952	0.210724	0.191952	0.139505	0.474841	0.43722
0.417653	0.500638	0.091153	0	0.161629	0.467391	0.429319	0.423837	0.16381	0.166326	0.0843295	0.0609576	0.166797	0.184513	0.165803	0.433915	0.476397	0.211363	0.0605982	0.055003	0.430564	0.166326	0.178617	0.166326	0.17632	0.476922	0.433907
0.452495	0.516839	0.185557	0.161629	0	0.501108	0.461768	0.457178	0.00278716	0.0283597	0.179997	0.160144	0.0286445	0.141958	0.0277542	0.462931	0.492389	0.190071	0.160238	0.175753	0.453732	0.0283597	0.144283	0.0283597	0.198606	0.491715	0.462361
0.15357	0.254059	0.477689	0.467391	0.501108	0	0.152683	0.149666	0.50201	0.498191	0.473875	0.472822	0.499174	0.511586	0.498108	0.448636	0.487577	0.518127	0.471731	0.470658	0.438709	0.498191	0.511917	0.498191	0.505908	0.487388	0.451682
0.0119925	0.159339	0.447277	0.429319	0.461768	0.152683	0	0.00762676	0.462833	0.453446	0.424423	0.437247	0.454377	0.465126	0.454017	0.383521	0.452607	0.453228	0.436812	0.432572	0.396762	0.453446	0.472763	0.453446	0.454516	0.453292	0.383654
0.0098217	0.155209	0.432841	0.423837	0.457178	0.149666	0.00762676	0	0.457924	0.454011	0.415417	0.426614	0.454999	0.463314	0.453241	0.377281	0.449598	0.446644	0.425989	0.423576	0.39366	0.454011	0.475324	0.454011	0.455077	0.450231	0.378099
0.452888	0.518073	0.186071	0.16381	0.00278716	0.50201	0.462833	0.457924	0	0.0307452	0.181749	0.161677	0.0310155	0.1429	0.0301139	0.462443	0.492457	0.190901	0.161799	0.1767	0.455093	0.0307452	0.145304	0.0307452	0.199847	0.49158	0.461698
0.448597	0.51575	0.191952	0.166326	0.0283597	0.498191	0.453446	0.454011	0.0307452	0	0.18167	0.161765	1.34956e-05	0.124365	0.000364862	0.45759	0.493946	0.199912	0.161673	0.177252	0.457944	0	0.140813	0	0.204596	0.493367	0.457672
0.40775	0.490746	0.122205	0.0843295	0.179997	0.473875	0.424423	0.415417	0.181749	0.18167	0	0.0421572	0.181638	0.205746	0.180505	0.426466	0.484311	0.18909	0.0421439	0.0697143	0.433949	0.18167	0.208269	0.18167	0.18852	0.484307	0.426074
0.424186	0.502836	0.117299	0.0609576	0.160144	0.472822	0.437247	0.426614	0.161677	0.161765	0.0421572	0	0.161985	0.180303	0.161795	0.445281	0.482574	0.213211	7.97957e-05	0.0601052	0.448226	0.161765	0.186614	0.161765	0.182124	0.481985	0.445715
0.449571	0.516106	0.192304	0.166797	0.0286445	0.499174	0.454377	0.454999	0.0310155	1.34956e-05	0.181638	0.161985	0	0.124716	0.000850535	0.457798	0.493583	0.200208	0.161893	0.177461	0.457584	1.34956e-05	0.141241	1.34956e-05	0.204917	0.493004	0.457827
0.458349	0.520742	0.205101	0.184513	0.141958	0.511586	0.465126	0.463314	0.1429	0.124365	0.205746	0.180303	0.124716	0	0.126548	0.468626	0.504945	0.124714	0.180431	0.182182	0.46812	0.124365	0.0758565	0.124365	0.155304	0.504767	0.468587
0.449966	0.512264	0.191384	0.165803	0.0277542	0.498108	0.454017	0.453241	0.0301139	0.000364862	0.180505	0.161795	0.000850535	0.126548	0	0.458623	0.492344	0.198427	0.161704	0.177611	0.457522	0.000364862	0.141906	0.000364862	0.202467	0.491765	0.45842
0.383698	0.455482	0.438017	0.433915	0.462931	0.448636	0.383521	0.377281	0.462443	0.45759	0.426466	0.445281	0.457798	0.468626	0.458623	0	0.314465	0.451258	0.445802	0.433391	0.0881426	0.45759	0.479618	0.45759	0.459747	0.314085	6.73582e-05
0.448728	0.530019	0.473784	0.476397	0.492389	0.487577	0.452607	0.449598	0.492457	0.493946	0.484311	0.482574	0.493583	0.504945	0.492344	0.314465	0	0.504414	0.483309	0.469338	0.28904	0.493946	0.504969	0.493946	0.504075	9.95616e-05	0.314425
0.441948	0.49921	0.237206	0.211363	0.190071	0.518127	0.453228	0.446644	0.190901	0.199912	0.18909	0.213211	0.200208	0.124714	0.198427	0.451258	0.504414	0	0.212991	0.189861	0.46711	0.199912	0.130489	0.199912	0.167573	0.504687	0.452742
0.423642	0.502427	0.116926	0.0605982	0.160238	0.471731	0.436812	0.425989	0.161799	0.161673	0.0421439	7.97957e-05	0.161893	0.180431	0.161704	0.445802	0.483309	0.212991	0	0.0597851	0.448603	0.161673	0.185552	0.161673	0.181738	0.482719	0.446117
0.416259	0.495346	0.111589	0.055003	0.175753	0.470658	0.432572	0.423576	0.1767	0.177252	0.0697143	0.0601052	0.177461	0.182182	0.177611	0.433391	0.469338	0.189861	0.0597851	0	0.426444	0.177252	0.184956	0.177252	0.182892	0.469101	0.434296
0.388718	0.475446	0.427504	0.430564	0.453732	0.438709	0.396762	0.39366	0.455093	0.457944	0.433949	0.448226	0.457584	0.46812	0.457522	0.0881426	0.28904	0.46711	0.448603	0.426444	0	0.457944	0.469792	0.457944	0.453952	0.288468	0.0887005
0.448597	0.51575	0.191952	0.166326	0.0283597	0.498191	0.453446	0.454011	0.0307452	0	0.18167	0.161765	1.34956e-05	0.124365	0.000364862	0.45759	0.493946	0.199912	0.161673	0.177252	0.457944	0	0.140813	0	0.204596	0.493367	0.457672
0.462727	0.528593	0.210724	0.178617	0.144283	0.511917	0.472763	0.475324	0.145304	0.140813	0.208269	0.186614	0.141241	0.0758565	0.141906	0.479618	0.504969	0.130489	0.185552	0.184956	0.469792	0.140813	0	0.140813	0.151568	0.504621	0.477973
0.448597	0.51575	0.191952	0.166326	0.0283597	0.498191	0.453446	0.454011	0.0307452	0	0.18167	0.161765	1.34956e-05	0.124365	0.000364862	0.45759	0.493946	0.199912	0.161673	0.177252	0.457944	0	0.140813	0	0.204596	0.493367	0.457672
0.449929	0.506056	0.139505	0.17632	0.198606	0.505908	0.454516	0.455077	0.199847	0.204596	0.18852	0.182124	0.204917	0.155304	0.202467	0.459747	0.504075	0.167573	0.181738	0.182892	0.453952	0.204596	0.151568	0.204596	0	0.504061	0.458912
0.449186	0.530105	0.474841	0.476922	0.491715	0.487388	0.453292	0.450231	0.49158	0.493367	0.484307	0.481985	0.493004	0.504767	0.491765	0.314085	9.95616e-05	0.504687	0.482719	0.469101	0.288468	0.493367	0.504621	0.493367	0.504061	0	0.313832
0.386157	0.457129	0.43722	0.433907	0.462361	0.451682	0.383654	0.378099	0.461698	0.457672	0.426074	0.445715	0.457827	0.468587	0.45842	6.73582e-05	0.314425	0.452742	0.446117	0.434296	0.0887005	0.457672	0.477973	0.457672	0.458912	0.313832	0

bp distance matrix:
0.9	0.9	0.9	0.9	0.9	0.9	0.9	0.9	0.9	0.9	0.9	0.9	0.9	0.9	0.9	0.9	0.9	0.9	0.9	0.9	0.9	0.9	0.9	0.9	0.9	0.9	0.9
0.9	0.9	0.9	0.9	0.9	0.9	0.9	0.9	0.9	0.9	0.9	0.9	0.9	0.9	0.9	0.9	0.9	0.9	0.9	0.9	0.9	0.9	0.9	0.9	0.9	0.9	0.9
0.9	0.9	0.9	0.9	0.9	0.9	0.9	0.9	0.9	0.9	0.9	0.9	0.9	0.9	0.9	0.9	0.9	0.9	0.9	0.9	0.9	0.9	0.9	0.9	0.9	0.9	0.9
0.9	0.9	0.9	0.9	0.9	0.9	0.9	0.9	0.9	0.9	0.9	0.9	0.9	0.9	0.9	0.9	0.9	0.9	0.9	0.9	0.9	0.9	0.9	0.9	0.9	0.9	0.9
0.9	0.9	0.9	0.9	0.9	0.9	0.9	0.9	0.9	0.9	0.9	0.9	0.9	0.9	0.9	0.9	0.9	0.9	0.9	0.9	0.9	0.9	0.9	0.9	0.9	0.9	0.9
0.9	0.9	0.9	0.9	0.9	0.9	0.9	0.9	0.9	0.9	0.9	0.9	0.9	0.9	0.9	0.9	0.9	0.9	0.9	0.9	0.9	0.9	0.9	0.9	0.9	0.9	0.9
0.9	0.9	0.9	0.9	0.9	0.9	0.9	0.9	0.9	0.9	0.9	0.9	0.9	0.9	0.9	0.9	0.9	0.9	0.9	0.9	0.9	0.9	0.9	0.9	0.9	0.9	0.9
0.9	0.9	0.9	0.9	0.9	0.9	0.9	0.9	0.9	0.9	0.9	0.9	0.9	0.9	0.9	0.9	0.9	0.9	0.9	0.9	0.9	0.9	0.9	0.9	0.9	0.9	0.9
0.9	0.9	0.9	0.9	0.9	0.9	0.9	0.9	0.9	0.9	0.9	0.9	0.9	0.9	0.9	0.9	0.9	0.9	0.9	0.9	0.9	0.9	0.9	0.9	0.9	0.9	0.9
0.9	0.9	0.9	0.9	0.9	0.9	0.9	0.9	0.9	0.9	0.9	0.9	0.9	0.9	0.9	0.9	0.9	0.9	0.9	0.9	0.9	0.9	0.9	0.9	0.9	0.9	0.9
0.9	0.9	0.9	0.9	0.9	0.9	0.9	0.9	0.9	0.9	0.9	0.9	0.9	0.9	0.9	0.9	0.9	0.9	0.9	0.9	0.9	0.9	0.9	0.9	0.9	0.9	0.9
0.9	0.9	0.9	0.9	0.9	0.9	0.9	0.9	0.9	0.9	0.9	0.9	0.9	0.9	0.9	0.9	0.9	0.9	0.9	0.9	0.9	0.9	0.9	0.9	0.9	0.9	0.9
0.9	0.9	0.9	0.9	0.9	0.9	0.9	0.9	0.9	0.9	0.9	0.9	0.9	0.9	0.9	0.9	0.9	0.9	0.9	0.9	0.9	0.9	0.9	0.9	0.9	0.9	0.9
0.9	0.9	0.9	0.9	0.9	0.9	0.9	0.9	0.9	0.9	0.9	0.9	0.9	0.9	0.9	0.9	0.9	0.9	0.9	0.9	0.9	0.9	0.9	0.9	0.9	0.9	0.9
0.9	0.9	0.9	0.9	0.9	0.9	0.9	0.9	0.9	0.9	0.9	0.9	0.9	0.9	0.9	0.9	0.9	0.9	0.9	0.9	0.9	0.9	0.9	0.9	0.9	0.9	0.9
0.9	0.9	0.9	0.9	0.9	0.9	0.9	0.9	0.9	0.9	0.9	0.9	0.9	0.9	0.9	0.9	0.9	0.9	0.9	0.9	0.9	0.9	0.9	0.9	0.9	0.9	0.9
0.9	0.9	0.9	0.9	0.9	0.9	0.9	0.9	0.9	0.9	0.9	0.9	0.9	0.9	0.9	0.9	0.9	0.9	0.9	0.9	0.9	0.9	0.9	0.9	0.9	0.9	0.9
0.9	0.9	0.9	0.9	0.9	0.9	0.9	0.9	0.9	0.9	0.9	0.9	0.9	0.9	0.9	0.9	0.9	0.9	0.9	0.9	0.9	0.9	0.9	0.9	0.9	0.9	0.9
0.9	0.9	0.9	0.9	0.9	0.9	0.9	0.9	0.9	0.9	0.9	0.9	0.9	0.9	0.9	0.9	0.9	0.9	0.9	0.9	0.9	0.9	0.9	0.9	0.9	0.9	0.9
0.9	0.9	0.9	0.9	0.9	0.9	0.9	0.9	0.9	0.9	0.9	0.9	0.9	0.9	0.9	0.9	0.9	0.9	0.9	0.9	0.9	0.9	0.9	0.9	0.9	0.9	0.9
0.9	0.9	0.9	0.9	0.9	0.9	0.9	0.9	0.9	0.9	0.9	0.9	0.9	0.9	0.9	0.9	0.9	0.9	0.9	0.9	0.9	0.9	0.9	0.9	0.9	0.9	0.9
0.9	0.9	0.9	0.9	0.9	0.9	0.9	0.9	0.9	0.9	0.9	0.9	0.9	0.9	0.9	0.9	0.9	0.9	0.9	0.9	0.9	0.9	0.9	0.9	0.9	0.9	0.9
0.9	0.9	0.9	0.9	0.9	0.9	0.9	0.9	0.9	0.9	0.9	0.9	0.9	0.9	0.9	0.9	0.9	0.9	0.9	0.9	0.9	0.9	0.9	0.9	0.9	0.9	0.9
0.9	0.9	0.9	0.9	0.9	0.9	0.9	0.9	0.9	0.9	0.9	0.9	0.9	0.9	0.9	0.9	0.9	0.9	0.9	0.9	0.9	0.9	0.9	0.9	0.9	0.9	0.9
0.9	0.9	0.9	0.9	0.9	0.9	0.9	0.9	0.9	0.9	0.9	0.9	0.9	0.9	0.9	0.9	0.9	0.9	0.9	0.9	0.9	0.9	0.9	0.9	0.9	0.9	0.9
0.9	0.9	0.9	0.9	0.9	0.9	0.9	0.9	0.9	0.9	0.9	0.9	0.9	0.9	0.9	0.9	0.9	0.9	0.9	0.9	0.9	0.9	0.9	0.9	0.9	0.9	0.9
0.9	0.9	0.9	0.9	0.9	0.9	0.9	0.9	0.9	0.9	0.9	0.9	0.9	0.9	0.9	0.9	0.9	0.9	0.9	0.9	0.9	0.9	0.9	0.9	0.9	0.9	0.9

Aligning...
Aligning node 51 to 52 via 1!
get ancestral matches
Performing Sum-of-pairs Greedy Breakpoint Elimination
construct LCB tracking matches
There are 19 tracking matches
There are 38 / 1007 components used
init tracking match LCB tracking
pairwise score tracking matches
get pairwise LCBs
there are 1 pairwise LCBs
scaling bp penalty by conservation weight:
1.34956e-05


scaling bp penalty by bp weight: 
0.9

Greedy BPE
Scoring with scaled breakpoint penalty: 4000
done
Arrived at 1 intervals
Adding unaligned intervals
addUnalignedIntervals yields 2 intervals
Merging unaligned intervals
Marbling gaps
Propagating descendant breakpoints
descendant 0(51) has 1 intervals
descendant 1(52) has 1 intervals
propagateDescendantBreakpoints yields 1 intervals
Creating ancestral ordering
Previous anchoring score: -1.79769e+308, new anchor score: 3.1995e+06
Backing up alignment tree...
propagating ancestral breakpoints
recursive anchor search
0,0 have 0 new matches outside LCBs
Restoring backed up alignment tree...
9,12 has 0 pairwise matches
Performing Sum-of-pairs Greedy Breakpoint Elimination
construct LCB tracking matches
There are 19 tracking matches
There are 38 / 1007 components used
init tracking match LCB tracking
pairwise score tracking matches
get pairwise LCBs
there are 1 pairwise LCBs
scaling bp penalty by conservation weight:
1.34956e-05


scaling bp penalty by bp weight: 
0.9

Greedy BPE
Scoring with scaled breakpoint penalty: 4000
done
Arrived at 1 intervals
Adding unaligned intervals
addUnalignedIntervals yields 2 intervals
Merging unaligned intervals
Marbling gaps
Propagating descendant breakpoints
descendant 0(51) has 1 intervals
descendant 1(52) has 1 intervals
propagateDescendantBreakpoints yields 1 intervals
Creating ancestral ordering
Previous anchoring score: 3.1995e+06, new anchor score: 3.1995e+06
propagating ancestral breakpoints
performing a gapped alignment

0%..
100%..Fix left ends

done.
Aligning node 1 to 50 via 2!
get ancestral matches
Performing Sum-of-pairs Greedy Breakpoint Elimination
construct LCB tracking matches
There are 18 tracking matches
There are 72 / 954 components used
init tracking match LCB tracking
pairwise score tracking matches
get pairwise LCBs
there are 2 pairwise LCBs
scaling bp penalty by conservation weight:
1.34956e-05
0


scaling bp penalty by bp weight: 
0.9
0.9

Greedy BPE
Scoring with scaled breakpoint penalty: 4000
done
Arrived at 1 intervals
Adding unaligned intervals
addUnalignedIntervals yields 2 intervals
Merging unaligned intervals
Marbling gaps
Propagating descendant breakpoints
descendant 0(1) has 1 intervals
descendant 1(50) has 1 intervals
propagateDescendantBreakpoints yields 1 intervals
Creating ancestral ordering
Previous anchoring score: -1.79769e+308, new anchor score: 6.01784e+06
Backing up alignment tree...
propagating ancestral breakpoints
recursive anchor search
0,0 have 0 new matches outside LCBs
1,0 have 0 new matches outside LCBs
0,0 has an additional 1 matches
1,0 has an additional 1 matches
Restoring backed up alignment tree...
12,21 has 1 pairwise matches
9,21 has 1 pairwise matches
Performing Sum-of-pairs Greedy Breakpoint Elimination
construct LCB tracking matches
There are 19 tracking matches
There are 76 / 1007 components used
init tracking match LCB tracking
pairwise score tracking matches
get pairwise LCBs
there are 2 pairwise LCBs
scaling bp penalty by conservation weight:
1.34956e-05
0


scaling bp penalty by bp weight: 
0.9
0.9

Greedy BPE
Scoring with scaled breakpoint penalty: 4000
done
Arrived at 1 intervals
Adding unaligned intervals
addUnalignedIntervals yields 2 intervals
Merging unaligned intervals
Marbling gaps
Propagating descendant breakpoints
descendant 0(1) has 1 intervals
descendant 1(50) has 1 intervals
propagateDescendantBreakpoints yields 1 intervals
Creating ancestral ordering
Previous anchoring score: 6.01784e+06, new anchor score: 6.40274e+06
Backing up alignment tree...
propagating ancestral breakpoints
recursive anchor search
0,0 have 0 new matches outside LCBs
1,0 have 0 new matches outside LCBs
Restoring backed up alignment tree...
12,21 has 0 pairwise matches
9,21 has 0 pairwise matches
Performing Sum-of-pairs Greedy Breakpoint Elimination
construct LCB tracking matches
There are 19 tracking matches
There are 76 / 1007 components used
init tracking match LCB tracking
pairwise score tracking matches
get pairwise LCBs
there are 2 pairwise LCBs
scaling bp penalty by conservation weight:
1.34956e-05
0


scaling bp penalty by bp weight: 
0.9
0.9

Greedy BPE
Scoring with scaled breakpoint penalty: 4000
done
Arrived at 1 intervals
Adding unaligned intervals
addUnalignedIntervals yields 2 intervals
Merging unaligned intervals
Marbling gaps
Propagating descendant breakpoints
descendant 0(1) has 1 intervals
descendant 1(50) has 1 intervals
propagateDescendantBreakpoints yields 1 intervals
Creating ancestral ordering
Previous anchoring score: 6.40274e+06, new anchor score: 6.40274e+06
propagating ancestral breakpoints
performing a gapped alignment

0%..
100%..Fix left ends

done.
Aligning node 2 to 49 via 3!
get ancestral matches
Performing Sum-of-pairs Greedy Breakpoint Elimination
construct LCB tracking matches
There are 2656 tracking matches
There are 15936 / 140768 components used
init tracking match LCB tracking
pairwise score tracking matches
get pairwise LCBs
there are 3 pairwise LCBs
scaling bp penalty by conservation weight:
0
1.34956e-05
0


scaling bp penalty by bp weight: 
0.9
0.9
0.9

Greedy BPE
Scoring with scaled breakpoint penalty: 4000
done
Arrived at 1 intervals
Adding unaligned intervals
addUnalignedIntervals yields 4 intervals
Merging unaligned intervals
Marbling gaps
Propagating descendant breakpoints
descendant 0(2) has 1 intervals
descendant 1(49) has 1 intervals
propagateDescendantBreakpoints yields 1 intervals
Creating ancestral ordering
Previous anchoring score: -1.79769e+308, new anchor score: 4.58687e+06
Backing up alignment tree...
propagating ancestral breakpoints
recursive anchor search
0,0 have 0 new matches outside LCBs
1,0 have 0 new matches outside LCBs
2,0 have 0 new matches outside LCBs
Restoring backed up alignment tree...
21,23 has 0 pairwise matches
12,23 has 0 pairwise matches
9,23 has 0 pairwise matches
Performing Sum-of-pairs Greedy Breakpoint Elimination
construct LCB tracking matches
There are 2656 tracking matches
There are 15936 / 140768 components used
init tracking match LCB tracking
pairwise score tracking matches
get pairwise LCBs
there are 3 pairwise LCBs
scaling bp penalty by conservation weight:
0
1.34956e-05
0


scaling bp penalty by bp weight: 
0.9
0.9
0.9

Greedy BPE
Scoring with scaled breakpoint penalty: 4000
done
Arrived at 1 intervals
Adding unaligned intervals
addUnalignedIntervals yields 4 intervals
Merging unaligned intervals
Marbling gaps
Propagating descendant breakpoints
descendant 0(2) has 1 intervals
descendant 1(49) has 1 intervals
propagateDescendantBreakpoints yields 1 intervals
Creating ancestral ordering
Previous anchoring score: 4.58687e+06, new anchor score: 4.58687e+06
propagating ancestral breakpoints
performing a gapped alignment

0%..
25%..
50%..
75%..
100%..Fix left ends

done.
performing iterative refinement

0%..
100%..Fix left ends

done.
Aligning node 33 to 34 via 32!
get ancestral matches
Performing Sum-of-pairs Greedy Breakpoint Elimination
construct LCB tracking matches
There are 7 tracking matches
There are 14 / 371 components used
init tracking match LCB tracking
pairwise score tracking matches
get pairwise LCBs
there are 1 pairwise LCBs
scaling bp penalty by conservation weight:
6.73582e-05


scaling bp penalty by bp weight: 
0.9

Greedy BPE
Scoring with scaled breakpoint penalty: 4000
done
Arrived at 1 intervals
Adding unaligned intervals
addUnalignedIntervals yields 2 intervals
Merging unaligned intervals
Marbling gaps
Propagating descendant breakpoints
descendant 0(33) has 1 intervals
descendant 1(34) has 1 intervals
propagateDescendantBreakpoints yields 1 intervals
Creating ancestral ordering
Previous anchoring score: -1.79769e+308, new anchor score: 3.23867e+06
Backing up alignment tree...
propagating ancestral breakpoints
recursive anchor search
0,0 have 0 new matches outside LCBs
Restoring backed up alignment tree...
26,15 has 0 pairwise matches
Performing Sum-of-pairs Greedy Breakpoint Elimination
construct LCB tracking matches
There are 7 tracking matches
There are 14 / 371 components used
init tracking match LCB tracking
pairwise score tracking matches
get pairwise LCBs
there are 1 pairwise LCBs
scaling bp penalty by conservation weight:
6.73582e-05


scaling bp penalty by bp weight: 
0.9

Greedy BPE
Scoring with scaled breakpoint penalty: 4000
done
Arrived at 1 intervals
Adding unaligned intervals
addUnalignedIntervals yields 2 intervals
Merging unaligned intervals
Marbling gaps
Propagating descendant breakpoints
descendant 0(33) has 1 intervals
descendant 1(34) has 1 intervals
propagateDescendantBreakpoints yields 1 intervals
Creating ancestral ordering
Previous anchoring score: 3.23867e+06, new anchor score: 3.23867e+06
propagating ancestral breakpoints
performing a gapped alignment

0%..
100%..Fix left ends

done.
Aligning node 24 to 25 via 23!
get ancestral matches
Performing Sum-of-pairs Greedy Breakpoint Elimination
construct LCB tracking matches
There are 3 tracking matches
There are 6 / 159 components used
init tracking match LCB tracking
pairwise score tracking matches
get pairwise LCBs
there are 1 pairwise LCBs
scaling bp penalty by conservation weight:
7.97957e-05


scaling bp penalty by bp weight: 
0.9

Greedy BPE
Scoring with scaled breakpoint penalty: 4000
done
Arrived at 1 intervals
Adding unaligned intervals
addUnalignedIntervals yields 1 intervals
Merging unaligned intervals
Marbling gaps
Propagating descendant breakpoints
descendant 0(24) has 1 intervals
descendant 1(25) has 1 intervals
propagateDescendantBreakpoints yields 1 intervals
Creating ancestral ordering
Previous anchoring score: -1.79769e+308, new anchor score: 3.24741e+06
Backing up alignment tree...
propagating ancestral breakpoints
recursive anchor search
0,0 have 0 new matches outside LCBs
Restoring backed up alignment tree...
18,11 has 0 pairwise matches
Performing Sum-of-pairs Greedy Breakpoint Elimination
construct LCB tracking matches
There are 3 tracking matches
There are 6 / 159 components used
init tracking match LCB tracking
pairwise score tracking matches
get pairwise LCBs
there are 1 pairwise LCBs
scaling bp penalty by conservation weight:
7.97957e-05


scaling bp penalty by bp weight: 
0.9

Greedy BPE
Scoring with scaled breakpoint penalty: 4000
done
Arrived at 1 intervals
Adding unaligned intervals
addUnalignedIntervals yields 1 intervals
Merging unaligned intervals
Marbling gaps
Propagating descendant breakpoints
descendant 0(24) has 1 intervals
descendant 1(25) has 1 intervals
propagateDescendantBreakpoints yields 1 intervals
Creating ancestral ordering
Previous anchoring score: 3.24741e+06, new anchor score: 3.24741e+06
propagating ancestral breakpoints
performing a gapped alignment

0%..
100%..Fix left ends

done.
Aligning node 3 to 48 via 4!
get ancestral matches
Performing Sum-of-pairs Greedy Breakpoint Elimination
construct LCB tracking matches
There are 93 tracking matches
There are 744 / 4929 components used
init tracking match LCB tracking
pairwise score tracking matches
get pairwise LCBs
there are 4 pairwise LCBs
scaling bp penalty by conservation weight:
0.000364862
0.000364862
0.000850535
0.000364862


scaling bp penalty by bp weight: 
0.9
0.9
0.9
0.9

Greedy BPE
Scoring with scaled breakpoint penalty: 4000
done
Arrived at 1 intervals
Adding unaligned intervals
addUnalignedIntervals yields 3 intervals
Merging unaligned intervals
Marbling gaps
Propagating descendant breakpoints
descendant 0(3) has 1 intervals
descendant 1(48) has 1 intervals
propagateDescendantBreakpoints yields 1 intervals
Creating ancestral ordering
Previous anchoring score: -1.79769e+308, new anchor score: 1.27033e+07
Backing up alignment tree...
propagating ancestral breakpoints
recursive anchor search
0,0 have 0 new matches outside LCBs
1,0 have 0 new matches outside LCBs
2,0 have 0 new matches outside LCBs
3,0 have 0 new matches outside LCBs
Restoring backed up alignment tree...
23,14 has 0 pairwise matches
21,14 has 0 pairwise matches
12,14 has 0 pairwise matches
9,14 has 0 pairwise matches
Performing Sum-of-pairs Greedy Breakpoint Elimination
construct LCB tracking matches
There are 93 tracking matches
There are 744 / 4929 components used
init tracking match LCB tracking
pairwise score tracking matches
get pairwise LCBs
there are 4 pairwise LCBs
scaling bp penalty by conservation weight:
0.000364862
0.000364862
0.000850535
0.000364862


scaling bp penalty by bp weight: 
0.9
0.9
0.9
0.9

Greedy BPE
Scoring with scaled breakpoint penalty: 4000
done
Arrived at 1 intervals
Adding unaligned intervals
addUnalignedIntervals yields 3 intervals
Merging unaligned intervals
Marbling gaps
Propagating descendant breakpoints
descendant 0(3) has 1 intervals
descendant 1(48) has 1 intervals
propagateDescendantBreakpoints yields 1 intervals
Creating ancestral ordering
Previous anchoring score: 1.27033e+07, new anchor score: 1.27033e+07
propagating ancestral breakpoints
performing a gapped alignment

0%..
100%..Fix left ends

done.
Aligning node 37 to 38 via 36!
get ancestral matches
Performing Sum-of-pairs Greedy Breakpoint Elimination
construct LCB tracking matches
There are 8 tracking matches
There are 16 / 424 components used
init tracking match LCB tracking
pairwise score tracking matches
get pairwise LCBs
there are 1 pairwise LCBs
scaling bp penalty by conservation weight:
9.95616e-05


scaling bp penalty by bp weight: 
0.9

Greedy BPE
Scoring with scaled breakpoint penalty: 4000
done
Arrived at 1 intervals
Adding unaligned intervals
addUnalignedIntervals yields 2 intervals
Merging unaligned intervals
Marbling gaps
Propagating descendant breakpoints
descendant 0(37) has 1 intervals
descendant 1(38) has 1 intervals
propagateDescendantBreakpoints yields 1 intervals
Creating ancestral ordering
Previous anchoring score: -1.79769e+308, new anchor score: 2.8455e+06
Backing up alignment tree...
propagating ancestral breakpoints
recursive anchor search
0,0 have 0 new matches outside LCBs
Restoring backed up alignment tree...
25,16 has 0 pairwise matches
Performing Sum-of-pairs Greedy Breakpoint Elimination
construct LCB tracking matches
There are 8 tracking matches
There are 16 / 424 components used
init tracking match LCB tracking
pairwise score tracking matches
get pairwise LCBs
there are 1 pairwise LCBs
scaling bp penalty by conservation weight:
9.95616e-05


scaling bp penalty by bp weight: 
0.9

Greedy BPE
Scoring with scaled breakpoint penalty: 4000
done
Arrived at 1 intervals
Adding unaligned intervals
addUnalignedIntervals yields 2 intervals
Merging unaligned intervals
Marbling gaps
Propagating descendant breakpoints
descendant 0(37) has 1 intervals
descendant 1(38) has 1 intervals
propagateDescendantBreakpoints yields 1 intervals
Creating ancestral ordering
Previous anchoring score: 2.8455e+06, new anchor score: 2.8455e+06
propagating ancestral breakpoints
performing a gapped alignment

0%..
100%..Fix left ends

done.
Aligning node 7 to 8 via 6!
get ancestral matches
Performing Sum-of-pairs Greedy Breakpoint Elimination
construct LCB tracking matches
There are 23 tracking matches
There are 46 / 1219 components used
init tracking match LCB tracking
pairwise score tracking matches
get pairwise LCBs
there are 1 pairwise LCBs
scaling bp penalty by conservation weight:
0.00278716


scaling bp penalty by bp weight: 
0.9

Greedy BPE
Scoring with scaled breakpoint penalty: 4000
done
Arrived at 1 intervals
Adding unaligned intervals
addUnalignedIntervals yields 3 intervals
Merging unaligned intervals
Marbling gaps
Propagating descendant breakpoints
descendant 0(7) has 1 intervals
descendant 1(8) has 1 intervals
propagateDescendantBreakpoints yields 1 intervals
Creating ancestral ordering
Previous anchoring score: -1.79769e+308, new anchor score: 3.19374e+06
Backing up alignment tree...
propagating ancestral breakpoints
recursive anchor search
0,0 have 0 new matches outside LCBs
Restoring backed up alignment tree...
8,4 has 0 pairwise matches
Performing Sum-of-pairs Greedy Breakpoint Elimination
construct LCB tracking matches
There are 23 tracking matches
There are 46 / 1219 components used
init tracking match LCB tracking
pairwise score tracking matches
get pairwise LCBs
there are 1 pairwise LCBs
scaling bp penalty by conservation weight:
0.00278716


scaling bp penalty by bp weight: 
0.9

Greedy BPE
Scoring with scaled breakpoint penalty: 4000
done
Arrived at 1 intervals
Adding unaligned intervals
addUnalignedIntervals yields 3 intervals
Merging unaligned intervals
Marbling gaps
Propagating descendant breakpoints
descendant 0(7) has 1 intervals
descendant 1(8) has 1 intervals
propagateDescendantBreakpoints yields 1 intervals
Creating ancestral ordering
Previous anchoring score: 3.19374e+06, new anchor score: 3.19374e+06
propagating ancestral breakpoints
performing a gapped alignment

0%..
100%..Fix left ends

done.
Aligning node 43 to 44 via 42!
get ancestral matches
Performing Sum-of-pairs Greedy Breakpoint Elimination
construct LCB tracking matches
There are 324 tracking matches
There are 648 / 17172 components used
init tracking match LCB tracking
pairwise score tracking matches
get pairwise LCBs
there are 7 pairwise LCBs
scaling bp penalty by conservation weight:
0.00762676


scaling bp penalty by bp weight: 
0.9

Greedy BPE
Scoring with scaled breakpoint penalty: 4000

14%..
28%..done
Arrived at 1 intervals
Adding unaligned intervals
addUnalignedIntervals yields 3 intervals
Merging unaligned intervals
Marbling gaps
Propagating descendant breakpoints
descendant 0(43) has 1 intervals
descendant 1(44) has 1 intervals
propagateDescendantBreakpoints yields 1 intervals
Creating ancestral ordering
Previous anchoring score: -1.79769e+308, new anchor score: 2.95585e+06
Backing up alignment tree...
propagating ancestral breakpoints
recursive anchor search
0,0 have 0 new matches outside LCBs
0,0 has an additional 2 matches
Restoring backed up alignment tree...
7,6 has 2 pairwise matches
Performing Sum-of-pairs Greedy Breakpoint Elimination
construct LCB tracking matches
There are 324 tracking matches
There are 648 / 17172 components used
init tracking match LCB tracking
pairwise score tracking matches
get pairwise LCBs
there are 1 pairwise LCBs
scaling bp penalty by conservation weight:
0.00762676


scaling bp penalty by bp weight: 
0.9

Greedy BPE
Scoring with scaled breakpoint penalty: 4000
done
Arrived at 1 intervals
Adding unaligned intervals
addUnalignedIntervals yields 3 intervals
Merging unaligned intervals
Marbling gaps
Propagating descendant breakpoints
descendant 0(43) has 1 intervals
descendant 1(44) has 1 intervals
propagateDescendantBreakpoints yields 1 intervals
Creating ancestral ordering
Previous anchoring score: 2.95585e+06, new anchor score: 3.02945e+06
Backing up alignment tree...
propagating ancestral breakpoints
recursive anchor search
0,0 have 0 new matches outside LCBs
Restoring backed up alignment tree...
7,6 has 0 pairwise matches
Performing Sum-of-pairs Greedy Breakpoint Elimination
construct LCB tracking matches
There are 324 tracking matches
There are 648 / 17172 components used
init tracking match LCB tracking
pairwise score tracking matches
get pairwise LCBs
there are 1 pairwise LCBs
scaling bp penalty by conservation weight:
0.00762676


scaling bp penalty by bp weight: 
0.9

Greedy BPE
Scoring with scaled breakpoint penalty: 4000
done
Arrived at 1 intervals
Adding unaligned intervals
addUnalignedIntervals yields 3 intervals
Merging unaligned intervals
Marbling gaps
Propagating descendant breakpoints
descendant 0(43) has 1 intervals
descendant 1(44) has 1 intervals
propagateDescendantBreakpoints yields 1 intervals
Creating ancestral ordering
Previous anchoring score: 3.02945e+06, new anchor score: 3.02945e+06
propagating ancestral breakpoints
performing a gapped alignment

0%..
100%..Fix left ends

done.
Aligning node 42 to 45 via 41!
get ancestral matches
Performing Sum-of-pairs Greedy Breakpoint Elimination
construct LCB tracking matches
There are 489 tracking matches
There are 1955 / 25917 components used
init tracking match LCB tracking
pairwise score tracking matches
get pairwise LCBs
there are 8 pairwise LCBs
scaling bp penalty by conservation weight:
0.0119925
0.0098217


scaling bp penalty by bp weight: 
0.9
0.9

Greedy BPE
Scoring with scaled breakpoint penalty: 4000

12%..done
Arrived at 1 intervals
Adding unaligned intervals
addUnalignedIntervals yields 3 intervals
Merging unaligned intervals
Marbling gaps
Propagating descendant breakpoints
descendant 0(42) has 1 intervals
descendant 1(45) has 1 intervals
propagateDescendantBreakpoints yields 1 intervals
Creating ancestral ordering
Previous anchoring score: -1.79769e+308, new anchor score: 5.34386e+06
Backing up alignment tree...
propagating ancestral breakpoints
recursive anchor search
0,0 have 0 new matches outside LCBs
1,0 have 0 new matches outside LCBs
0,0 has an additional 4 matches
1,0 has an additional 4 matches
Restoring backed up alignment tree...
6,0 has 4 pairwise matches
7,0 has 4 pairwise matches
Performing Sum-of-pairs Greedy Breakpoint Elimination
construct LCB tracking matches
There are 492 tracking matches
There are 1967 / 26076 components used
init tracking match LCB tracking
pairwise score tracking matches
get pairwise LCBs
there are 2 pairwise LCBs
scaling bp penalty by conservation weight:
0.0119925
0.0098217


scaling bp penalty by bp weight: 
0.9
0.9

Greedy BPE
Scoring with scaled breakpoint penalty: 4000
done
Arrived at 1 intervals
Adding unaligned intervals
addUnalignedIntervals yields 3 intervals
Merging unaligned intervals
Marbling gaps
Propagating descendant breakpoints
descendant 0(42) has 1 intervals
descendant 1(45) has 1 intervals
propagateDescendantBreakpoints yields 1 intervals
Creating ancestral ordering
Previous anchoring score: 5.34386e+06, new anchor score: 5.83171e+06
Backing up alignment tree...
propagating ancestral breakpoints
recursive anchor search
0,0 have 0 new matches outside LCBs
1,0 have 0 new matches outside LCBs
Restoring backed up alignment tree...
6,0 has 0 pairwise matches
7,0 has 0 pairwise matches
Performing Sum-of-pairs Greedy Breakpoint Elimination
construct LCB tracking matches
There are 492 tracking matches
There are 1967 / 26076 components used
init tracking match LCB tracking
pairwise score tracking matches
get pairwise LCBs
there are 2 pairwise LCBs
scaling bp penalty by conservation weight:
0.0119925
0.0098217


scaling bp penalty by bp weight: 
0.9
0.9

Greedy BPE
Scoring with scaled breakpoint penalty: 4000
done
Arrived at 1 intervals
Adding unaligned intervals
addUnalignedIntervals yields 3 intervals
Merging unaligned intervals
Marbling gaps
Propagating descendant breakpoints
descendant 0(42) has 1 intervals
descendant 1(45) has 1 intervals
propagateDescendantBreakpoints yields 1 intervals
Creating ancestral ordering
Previous anchoring score: 5.83171e+06, new anchor score: 5.83171e+06
propagating ancestral breakpoints
performing a gapped alignment

0%..
100%..Fix left ends

done.
Aligning node 4 to 6 via 5!
get ancestral matches
Performing Sum-of-pairs Greedy Breakpoint Elimination
construct LCB tracking matches
There are 2374 tracking matches
There are 28469 / 125822 components used
init tracking match LCB tracking
pairwise score tracking matches
get pairwise LCBs
there are 610 pairwise LCBs
scaling bp penalty by conservation weight:
0.0277542	0.0301139
0.0283597	0.0307452
0.0283597	0.0307452
0.0286445	0.0310155
0.0283597	0.0307452


scaling bp penalty by bp weight: 
0.9	0.9
0.9	0.9
0.9	0.9
0.9	0.9
0.9	0.9

Greedy BPE
Scoring with scaled breakpoint penalty: 4000
1%..2%..3%..done
Arrived at 1 intervals
Adding unaligned intervals
addUnalignedIntervals yields 4 intervals
Merging unaligned intervals
Marbling gaps
Propagating descendant breakpoints
descendant 0(4) has 1 intervals
descendant 1(6) has 1 intervals
propagateDescendantBreakpoints yields 1 intervals
Creating ancestral ordering
Previous anchoring score: -1.79769e+308, new anchor score: 1.38474e+07
Backing up alignment tree...
propagating ancestral breakpoints
recursive anchor search
0,0 have 1 new matches outside LCBs
0,1 have 1 new matches outside LCBs
1,0 have 1 new matches outside LCBs
1,1 have 1 new matches outside LCBs
2,0 have 1 new matches outside LCBs
2,1 have 1 new matches outside LCBs
3,0 have 1 new matches outside LCBs
3,1 have 1 new matches outside LCBs
4,0 have 1 new matches outside LCBs
4,1 have 1 new matches outside LCBs
0,0 has an additional 1 matches
0,1 has an additional 1 matches
1,0 has an additional 1 matches
1,1 has an additional 1 matches
2,0 has an additional 1 matches
2,1 has an additional 1 matches
3,0 has an additional 1 matches
3,1 has an additional 1 matches
4,0 has an additional 1 matches
4,1 has an additional 1 matches
Restoring backed up alignment tree...
14,4 has 1 pairwise matches
14,8 has 1 pairwise matches
23,4 has 1 pairwise matches
23,8 has 1 pairwise matches
21,4 has 1 pairwise matches
21,8 has 1 pairwise matches
12,4 has 1 pairwise matches
12,8 has 1 pairwise matches
9,4 has 1 pairwise matches
9,8 has 1 pairwise matches
Performing Sum-of-pairs Greedy Breakpoint Elimination
construct LCB tracking matches
There are 2354 tracking matches
There are 28229 / 124762 components used
init tracking match LCB tracking
pairwise score tracking matches
get pairwise LCBs
there are 10 pairwise LCBs
scaling bp penalty by conservation weight:
0.0277542	0.0301139
0.0283597	0.0307452
0.0283597	0.0307452
0.0286445	0.0310155
0.0283597	0.0307452


scaling bp penalty by bp weight: 
0.9	0.9
0.9	0.9
0.9	0.9
0.9	0.9
0.9	0.9

Greedy BPE
Scoring with scaled breakpoint penalty: 4000
done
Arrived at 1 intervals
Adding unaligned intervals
addUnalignedIntervals yields 3 intervals
Merging unaligned intervals
Marbling gaps
Propagating descendant breakpoints
descendant 0(4) has 1 intervals
descendant 1(6) has 1 intervals
propagateDescendantBreakpoints yields 1 intervals
Creating ancestral ordering
Previous anchoring score: 1.38474e+07, new anchor score: 1.38705e+07
propagating ancestral breakpoints
performing a gapped alignment

0%..
25%..
50%..
75%..
100%..Fix left ends

done.
performing iterative refinement

0%..
100%..Fix left ends

done.
Aligning node 23 to 26 via 22!
get ancestral matches
Performing Sum-of-pairs Greedy Breakpoint Elimination
construct LCB tracking matches
There are 319 tracking matches
There are 1276 / 16907 components used
init tracking match LCB tracking
pairwise score tracking matches
get pairwise LCBs
there are 34 pairwise LCBs
scaling bp penalty by conservation weight:
0.0421572
0.0421439


scaling bp penalty by bp weight: 
0.9
0.9

Greedy BPE
Scoring with scaled breakpoint penalty: 4000
2%..5%..8%..
11%..14%..17%..done
Arrived at 3 intervals
Adding unaligned intervals
addUnalignedIntervals yields 9 intervals
Merging unaligned intervals
Marbling gaps
Propagating descendant breakpoints
descendant 0(23) has 1 intervals
descendant 1(26) has 1 intervals
propagateDescendantBreakpoints yields 3 intervals
Creating ancestral ordering
Previous anchoring score: -1.79769e+308, new anchor score: 5.46284e+06
Backing up alignment tree...
propagating ancestral breakpoints
recursive anchor search
0,0 have 36 new matches outside LCBs
1,0 have 36 new matches outside LCBs
0,0 has an additional 53 matches
1,0 has an additional 54 matches
Restoring backed up alignment tree...
11,10 has 53 pairwise matches
18,10 has 54 pairwise matches
Performing Sum-of-pairs Greedy Breakpoint Elimination
construct LCB tracking matches
There are 359 tracking matches
There are 1436 / 19027 components used
init tracking match LCB tracking
pairwise score tracking matches
get pairwise LCBs
there are 86 pairwise LCBs
scaling bp penalty by conservation weight:
0.0421572
0.0421439


scaling bp penalty by bp weight: 
0.9
0.9

Greedy BPE
Scoring with scaled breakpoint penalty: 4000
1%..2%..3%..4%..5%..6%..8%..9%..
10%..11%..12%..13%..15%..16%..17%..18%..19%..
20%..22%..23%..24%..25%..26%..27%..29%..
30%..31%..32%..33%..34%..36%..37%..38%..39%..
40%..41%..43%..done
Arrived at 3 intervals
Adding unaligned intervals
addUnalignedIntervals yields 9 intervals
Merging unaligned intervals
Marbling gaps
Propagating descendant breakpoints
descendant 0(23) has 1 intervals
descendant 1(26) has 1 intervals
propagateDescendantBreakpoints yields 3 intervals
Creating ancestral ordering
Previous anchoring score: 5.46284e+06, new anchor score: 5.79932e+06
Backing up alignment tree...
propagating ancestral breakpoints
recursive anchor search
0,0 have 9 new matches outside LCBs
1,0 have 9 new matches outside LCBs
0,0 has an additional 9 matches
1,0 has an additional 9 matches
Restoring backed up alignment tree...
11,10 has 9 pairwise matches
18,10 has 9 pairwise matches
Performing Sum-of-pairs Greedy Breakpoint Elimination
construct LCB tracking matches
There are 331 tracking matches
There are 1324 / 17543 components used
init tracking match LCB tracking
pairwise score tracking matches
get pairwise LCBs
there are 24 pairwise LCBs
scaling bp penalty by conservation weight:
0.0421572
0.0421439


scaling bp penalty by bp weight: 
0.9
0.9

Greedy BPE
Scoring with scaled breakpoint penalty: 4000
4%..8%..
12%..16%..
20%..25%..29%..
33%..done
Arrived at 3 intervals
Adding unaligned intervals
addUnalignedIntervals yields 9 intervals
Merging unaligned intervals
Marbling gaps
Propagating descendant breakpoints
descendant 0(23) has 1 intervals
descendant 1(26) has 1 intervals
propagateDescendantBreakpoints yields 3 intervals
Creating ancestral ordering
Previous anchoring score: 5.79932e+06, new anchor score: 5.7957e+06
propagating ancestral breakpoints
performing a gapped alignment

0%..
90%..95%..
100%..Fix left ends

done.
Aligning node 20 to 21 via 19!
get ancestral matches
Performing Sum-of-pairs Greedy Breakpoint Elimination
construct LCB tracking matches
There are 2334 tracking matches
There are 4668 / 123702 components used
init tracking match LCB tracking
pairwise score tracking matches
get pairwise LCBs
there are 138 pairwise LCBs
scaling bp penalty by conservation weight:
0.055003


scaling bp penalty by bp weight: 
0.9

Greedy BPE
Scoring with scaled breakpoint penalty: 4000
1%..2%..3%..4%..5%..6%..7%..8%..9%..
10%..11%..12%..13%..14%..15%..16%..17%..18%..19%..
20%..21%..22%..23%..24%..25%..26%..27%..28%..29%..
30%..31%..32%..33%..34%..35%..36%..37%..done
Arrived at 1 intervals
Adding unaligned intervals
addUnalignedIntervals yields 5 intervals
Merging unaligned intervals
Marbling gaps
Propagating descendant breakpoints
descendant 0(20) has 1 intervals
descendant 1(21) has 1 intervals
propagateDescendantBreakpoints yields 1 intervals
Creating ancestral ordering
Previous anchoring score: -1.79769e+308, new anchor score: 1.34661e+06
Backing up alignment tree...
propagating ancestral breakpoints
recursive anchor search
0,0 have 1 new matches outside LCBs
0,0 has an additional 1 matches
Restoring backed up alignment tree...
19,3 has 1 pairwise matches
Performing Sum-of-pairs Greedy Breakpoint Elimination
construct LCB tracking matches
There are 2283 tracking matches
There are 4566 / 120999 components used
init tracking match LCB tracking
pairwise score tracking matches
get pairwise LCBs
there are 1 pairwise LCBs
scaling bp penalty by conservation weight:
0.055003


scaling bp penalty by bp weight: 
0.9

Greedy BPE
Scoring with scaled breakpoint penalty: 4000
done
Arrived at 1 intervals
Adding unaligned intervals
addUnalignedIntervals yields 5 intervals
Merging unaligned intervals
Marbling gaps
Propagating descendant breakpoints
descendant 0(20) has 1 intervals
descendant 1(21) has 1 intervals
propagateDescendantBreakpoints yields 1 intervals
Creating ancestral ordering
Previous anchoring score: 1.34661e+06, new anchor score: 1.34753e+06
propagating ancestral breakpoints
performing a gapped alignment

0%..
25%..
50%..
75%..
100%..Fix left ends

done.
Aligning node 19 to 22 via 18!
get ancestral matches
Performing Sum-of-pairs Greedy Breakpoint Elimination
construct LCB tracking matches
There are 2614 tracking matches
There are 20813 / 138542 components used
init tracking match LCB tracking
pairwise score tracking matches
get pairwise LCBs
there are 1562 pairwise LCBs
scaling bp penalty by conservation weight:
0.0843295	0.0609576	0.0605982
0.0697143	0.0601052	0.0597851


scaling bp penalty by bp weight: 
0.9	0.9	0.9
0.9	0.9	0.9

Greedy BPE
Scoring with scaled breakpoint penalty: 4000
1%..2%..3%..4%..5%..6%..7%..done
Arrived at 3 intervals
Adding unaligned intervals
addUnalignedIntervals yields 10 intervals
Merging unaligned intervals
Marbling gaps
Propagating descendant breakpoints
descendant 0(19) has 1 intervals
descendant 1(22) has 3 intervals
propagateDescendantBreakpoints yields 4 intervals
Creating ancestral ordering
Previous anchoring score: -1.79769e+308, new anchor score: 7.688e+06
Backing up alignment tree...
propagating ancestral breakpoints
recursive anchor search
0,0 have 7 new matches outside LCBs
0,1 have 1 new matches outside LCBs
0,2 have 1 new matches outside LCBs
1,0 have 5 new matches outside LCBs
1,1 have 1 new matches outside LCBs
1,2 have 1 new matches outside LCBs
0,0 has an additional 7 matches
0,1 has an additional 1 matches
0,2 has an additional 1 matches
1,0 has an additional 5 matches
1,1 has an additional 1 matches
1,2 has an additional 1 matches
Restoring backed up alignment tree...
3,10 has 7 pairwise matches
3,11 has 1 pairwise matches
3,18 has 1 pairwise matches
19,10 has 5 pairwise matches
19,11 has 1 pairwise matches
19,18 has 1 pairwise matches
Performing Sum-of-pairs Greedy Breakpoint Elimination
construct LCB tracking matches
There are 2509 tracking matches
There are 19990 / 132977 components used
init tracking match LCB tracking
pairwise score tracking matches
get pairwise LCBs
there are 77 pairwise LCBs
scaling bp penalty by conservation weight:
0.0843295	0.0609576	0.0605982
0.0697143	0.0601052	0.0597851


scaling bp penalty by bp weight: 
0.9	0.9	0.9
0.9	0.9	0.9

Greedy BPE
Scoring with scaled breakpoint penalty: 4000
1%..2%..3%..5%..6%..7%..9%..
10%..done
Arrived at 5 intervals
Adding unaligned intervals
addUnalignedIntervals yields 16 intervals
Merging unaligned intervals
Marbling gaps
Propagating descendant breakpoints
descendant 0(19) has 1 intervals
descendant 1(22) has 3 intervals
propagateDescendantBreakpoints yields 7 intervals
Creating ancestral ordering
Previous anchoring score: 7.688e+06, new anchor score: 7.6909e+06
propagating ancestral breakpoints
performing a gapped alignment

0%..
23%..
46%..
69%..
75%..
80%..86%..
92%..97%..99%..Fix left ends

done.
performing iterative refinement

0%..
92%..97%..99%..Fix left ends

done.
Aligning node 18 to 27 via 17!
get ancestral matches
Performing Sum-of-pairs Greedy Breakpoint Elimination
construct LCB tracking matches
There are 1128 tracking matches
There are 11155 / 59784 components used
init tracking match LCB tracking
pairwise score tracking matches
get pairwise LCBs
there are 868 pairwise LCBs
scaling bp penalty by conservation weight:
0.122205
0.117299
0.116926
0.091153
0.111589


scaling bp penalty by bp weight: 
0.9
0.9
0.9
0.9
0.9

Greedy BPE
Scoring with scaled breakpoint penalty: 4000
1%..2%..3%..4%..5%..6%..7%..8%..done
Arrived at 5 intervals
Adding unaligned intervals
addUnalignedIntervals yields 14 intervals
Merging unaligned intervals
Marbling gaps
Propagating descendant breakpoints
descendant 0(18) has 4 intervals
descendant 1(27) has 1 intervals
propagateDescendantBreakpoints yields 8 intervals
Creating ancestral ordering
Previous anchoring score: -1.79769e+308, new anchor score: 1.09763e+07
Backing up alignment tree...
propagating ancestral breakpoints
recursive anchor search
0,0 have 9 new matches outside LCBs
1,0 have 8 new matches outside LCBs
2,0 have 8 new matches outside LCBs
3,0 have 9 new matches outside LCBs
4,0 have 12 new matches outside LCBs
0,0 has an additional 12 matches
1,0 has an additional 11 matches
2,0 has an additional 11 matches
3,0 has an additional 12 matches
4,0 has an additional 22 matches
Restoring backed up alignment tree...
10,2 has 12 pairwise matches
11,2 has 11 pairwise matches
18,2 has 11 pairwise matches
3,2 has 12 pairwise matches
19,2 has 22 pairwise matches
Performing Sum-of-pairs Greedy Breakpoint Elimination
construct LCB tracking matches
There are 1077 tracking matches
There are 10635 / 57081 components used
init tracking match LCB tracking
pairwise score tracking matches
get pairwise LCBs
there are 63 pairwise LCBs
scaling bp penalty by conservation weight:
0.122205
0.117299
0.116926
0.091153
0.111589


scaling bp penalty by bp weight: 
0.9
0.9
0.9
0.9
0.9

Greedy BPE
Scoring with scaled breakpoint penalty: 4000
1%..3%..4%..6%..7%..9%..
11%..12%..14%..15%..17%..done
Arrived at 6 intervals
Adding unaligned intervals
addUnalignedIntervals yields 15 intervals
Merging unaligned intervals
Marbling gaps
Propagating descendant breakpoints
descendant 0(18) has 4 intervals
descendant 1(27) has 1 intervals
propagateDescendantBreakpoints yields 9 intervals
Creating ancestral ordering
Previous anchoring score: 1.09763e+07, new anchor score: 1.13381e+07
Backing up alignment tree...
propagating ancestral breakpoints
recursive anchor search
0,0 have 4 new matches outside LCBs
1,0 have 5 new matches outside LCBs
2,0 have 5 new matches outside LCBs
3,0 have 5 new matches outside LCBs
4,0 have 1 new matches outside LCBs
0,0 has an additional 4 matches
1,0 has an additional 5 matches
2,0 has an additional 5 matches
3,0 has an additional 5 matches
4,0 has an additional 1 matches
Restoring backed up alignment tree...
10,2 has 4 pairwise matches
11,2 has 5 pairwise matches
18,2 has 5 pairwise matches
3,2 has 5 pairwise matches
19,2 has 1 pairwise matches
Performing Sum-of-pairs Greedy Breakpoint Elimination
construct LCB tracking matches
There are 1070 tracking matches
There are 10590 / 56710 components used
init tracking match LCB tracking
pairwise score tracking matches
get pairwise LCBs
there are 35 pairwise LCBs
scaling bp penalty by conservation weight:
0.122205
0.117299
0.116926
0.091153
0.111589


scaling bp penalty by bp weight: 
0.9
0.9
0.9
0.9
0.9

Greedy BPE
Scoring with scaled breakpoint penalty: 4000
2%..5%..8%..
11%..done
Arrived at 6 intervals
Adding unaligned intervals
addUnalignedIntervals yields 15 intervals
Merging unaligned intervals
Marbling gaps
Propagating descendant breakpoints
descendant 0(18) has 4 intervals
descendant 1(27) has 1 intervals
propagateDescendantBreakpoints yields 9 intervals
Creating ancestral ordering
Previous anchoring score: 1.13381e+07, new anchor score: 1.13381e+07
propagating ancestral breakpoints
performing a gapped alignment

0%..6%..9%..
31%..
54%..
77%..
100%..Fix left ends

done.
Aligning node 32 to 35 via 31!
get ancestral matches
Performing Sum-of-pairs Greedy Breakpoint Elimination
construct LCB tracking matches
There are 1904 tracking matches
There are 7615 / 100912 components used
init tracking match LCB tracking
pairwise score tracking matches
get pairwise LCBs
there are 508 pairwise LCBs
scaling bp penalty by conservation weight:
0.0881426
0.0887005


scaling bp penalty by bp weight: 
0.9
0.9

Greedy BPE
Scoring with scaled breakpoint penalty: 4000
1%..2%..3%..4%..5%..6%..7%..8%..9%..
10%..11%..12%..13%..14%..15%..16%..17%..18%..done
Arrived at 1 intervals
Adding unaligned intervals
addUnalignedIntervals yields 4 intervals
Merging unaligned intervals
Marbling gaps
Propagating descendant breakpoints
descendant 0(32) has 1 intervals
descendant 1(35) has 1 intervals
propagateDescendantBreakpoints yields 1 intervals
Creating ancestral ordering
Previous anchoring score: -1.79769e+308, new anchor score: 2.46528e+06
Backing up alignment tree...
propagating ancestral breakpoints
recursive anchor search
0,0 have 7 new matches outside LCBs
1,0 have 7 new matches outside LCBs
0,0 has an additional 7 matches
1,0 has an additional 7 matches
Restoring backed up alignment tree...
15,20 has 7 pairwise matches
26,20 has 7 pairwise matches
Performing Sum-of-pairs Greedy Breakpoint Elimination
construct LCB tracking matches
There are 1816 tracking matches
There are 7264 / 96248 components used
init tracking match LCB tracking
pairwise score tracking matches
get pairwise LCBs
there are 16 pairwise LCBs
scaling bp penalty by conservation weight:
0.0881426
0.0887005


scaling bp penalty by bp weight: 
0.9
0.9

Greedy BPE
Scoring with scaled breakpoint penalty: 4000
6%..
12%..18%..
25%..
31%..done
Arrived at 1 intervals
Adding unaligned intervals
addUnalignedIntervals yields 4 intervals
Merging unaligned intervals
Marbling gaps
Propagating descendant breakpoints
descendant 0(32) has 1 intervals
descendant 1(35) has 1 intervals
propagateDescendantBreakpoints yields 1 intervals
Creating ancestral ordering
Previous anchoring score: 2.46528e+06, new anchor score: 2.46528e+06
propagating ancestral breakpoints
performing a gapped alignment

0%..
25%..
50%..
75%..
100%..Fix left ends

done.
Aligning node 17 to 28 via 16!
get ancestral matches
Performing Sum-of-pairs Greedy Breakpoint Elimination
construct LCB tracking matches
There are 2228 tracking matches
There are 26401 / 118084 components used
init tracking match LCB tracking
pairwise score tracking matches
get pairwise LCBs
there are 3047 pairwise LCBs
scaling bp penalty by conservation weight:
0.139505
0.18852
0.182124
0.181738
0.17632
0.182892


scaling bp penalty by bp weight: 
0.9
0.9
0.9
0.9
0.9
0.9

Greedy BPE
Scoring with scaled breakpoint penalty: 4000
1%..2%..3%..4%..5%..6%..7%..done
Arrived at 4 intervals
Adding unaligned intervals
addUnalignedIntervals yields 14 intervals
Merging unaligned intervals
Marbling gaps
Propagating descendant breakpoints
descendant 0(17) has 9 intervals
descendant 1(28) has 1 intervals
propagateDescendantBreakpoints yields 12 intervals
Creating ancestral ordering
Previous anchoring score: -1.79769e+308, new anchor score: 6.067e+06
Backing up alignment tree...
propagating ancestral breakpoints
recursive anchor search
0,0 have 6 new matches outside LCBs
1,0 have 12 new matches outside LCBs
2,0 have 7 new matches outside LCBs
3,0 have 7 new matches outside LCBs
4,0 have 16 new matches outside LCBs
5,0 have 19 new matches outside LCBs
0,0 has an additional 6 matches
1,0 has an additional 12 matches
2,0 has an additional 7 matches
3,0 has an additional 7 matches
4,0 has an additional 16 matches
5,0 has an additional 19 matches
Restoring backed up alignment tree...
2,24 has 6 pairwise matches
10,24 has 12 pairwise matches
11,24 has 7 pairwise matches
18,24 has 7 pairwise matches
3,24 has 16 pairwise matches
19,24 has 19 pairwise matches
Performing Sum-of-pairs Greedy Breakpoint Elimination
construct LCB tracking matches
There are 2014 tracking matches
There are 23840 / 106742 components used
init tracking match LCB tracking
pairwise score tracking matches
get pairwise LCBs
there are 126 pairwise LCBs
scaling bp penalty by conservation weight:
0.139505
0.18852
0.182124
0.181738
0.17632
0.182892


scaling bp penalty by bp weight: 
0.9
0.9
0.9
0.9
0.9
0.9

Greedy BPE
Scoring with scaled breakpoint penalty: 4000
1%..2%..3%..4%..5%..6%..7%..8%..9%..
10%..11%..12%..13%..14%..15%..16%..done
Arrived at 6 intervals
Adding unaligned intervals
addUnalignedIntervals yields 18 intervals
Merging unaligned intervals
Marbling gaps
Propagating descendant breakpoints
descendant 0(17) has 9 intervals
descendant 1(28) has 1 intervals
propagateDescendantBreakpoints yields 14 intervals
Creating ancestral ordering
Previous anchoring score: 6.067e+06, new anchor score: 6.07979e+06
propagating ancestral breakpoints
performing a gapped alignment

0%..6%..
12%..
38%..
65%..
91%..94%..99%..
100%..Fix left ends

done.
Aligning node 12 to 13 via 11!
get ancestral matches
Performing Sum-of-pairs Greedy Breakpoint Elimination
construct LCB tracking matches
There are 600 tracking matches
There are 1200 / 31800 components used
init tracking match LCB tracking
pairwise score tracking matches
get pairwise LCBs
there are 99 pairwise LCBs
scaling bp penalty by conservation weight:
0.130489


scaling bp penalty by bp weight: 
0.9

Greedy BPE
Scoring with scaled breakpoint penalty: 4000
1%..2%..3%..4%..5%..6%..7%..8%..9%..
10%..11%..12%..13%..14%..15%..16%..17%..18%..19%..
20%..21%..22%..23%..24%..25%..26%..27%..28%..29%..
30%..31%..32%..33%..34%..35%..36%..37%..38%..39%..
40%..41%..42%..43%..done
Arrived at 1 intervals
Adding unaligned intervals
addUnalignedIntervals yields 5 intervals
Merging unaligned intervals
Marbling gaps
Propagating descendant breakpoints
descendant 0(12) has 1 intervals
descendant 1(13) has 1 intervals
propagateDescendantBreakpoints yields 1 intervals
Creating ancestral ordering
Previous anchoring score: -1.79769e+308, new anchor score: 2.10393e+06
Backing up alignment tree...
propagating ancestral breakpoints
recursive anchor search
0,0 have 0 new matches outside LCBs
0,0 has an additional 3 matches
Restoring backed up alignment tree...
22,17 has 3 pairwise matches
Performing Sum-of-pairs Greedy Breakpoint Elimination
construct LCB tracking matches
There are 560 tracking matches
There are 1120 / 29680 components used
init tracking match LCB tracking
pairwise score tracking matches
get pairwise LCBs
there are 1 pairwise LCBs
scaling bp penalty by conservation weight:
0.130489


scaling bp penalty by bp weight: 
0.9

Greedy BPE
Scoring with scaled breakpoint penalty: 4000
done
Arrived at 1 intervals
Adding unaligned intervals
addUnalignedIntervals yields 5 intervals
Merging unaligned intervals
Marbling gaps
Propagating descendant breakpoints
descendant 0(12) has 1 intervals
descendant 1(13) has 1 intervals
propagateDescendantBreakpoints yields 1 intervals
Creating ancestral ordering
Previous anchoring score: 2.10393e+06, new anchor score: 2.17051e+06
Backing up alignment tree...
propagating ancestral breakpoints
recursive anchor search
0,0 have 0 new matches outside LCBs
Restoring backed up alignment tree...
22,17 has 0 pairwise matches
Performing Sum-of-pairs Greedy Breakpoint Elimination
construct LCB tracking matches
There are 560 tracking matches
There are 1120 / 29680 components used
init tracking match LCB tracking
pairwise score tracking matches
get pairwise LCBs
there are 1 pairwise LCBs
scaling bp penalty by conservation weight:
0.130489


scaling bp penalty by bp weight: 
0.9

Greedy BPE
Scoring with scaled breakpoint penalty: 4000
done
Arrived at 1 intervals
Adding unaligned intervals
addUnalignedIntervals yields 5 intervals
Merging unaligned intervals
Marbling gaps
Propagating descendant breakpoints
descendant 0(12) has 1 intervals
descendant 1(13) has 1 intervals
propagateDescendantBreakpoints yields 1 intervals
Creating ancestral ordering
Previous anchoring score: 2.17051e+06, new anchor score: 2.17051e+06
propagating ancestral breakpoints
performing a gapped alignment

0%..
25%..
50%..
75%..
100%..Fix left ends

done.
Aligning node 11 to 14 via 10!
get ancestral matches
Performing Sum-of-pairs Greedy Breakpoint Elimination
construct LCB tracking matches
There are 826 tracking matches
There are 3246 / 43778 components used
init tracking match LCB tracking
pairwise score tracking matches
get pairwise LCBs
there are 143 pairwise LCBs
scaling bp penalty by conservation weight:
0.124714
0.0758565


scaling bp penalty by bp weight: 
0.9
0.9

Greedy BPE
Scoring with scaled breakpoint penalty: 4000
1%..2%..3%..4%..5%..6%..7%..8%..9%..
10%..11%..12%..13%..14%..15%..16%..17%..18%..19%..
20%..21%..22%..23%..done
Arrived at 1 intervals
Adding unaligned intervals
addUnalignedIntervals yields 3 intervals
Merging unaligned intervals
Marbling gaps
Propagating descendant breakpoints
descendant 0(11) has 1 intervals
descendant 1(14) has 1 intervals
propagateDescendantBreakpoints yields 1 intervals
Creating ancestral ordering
Previous anchoring score: -1.79769e+308, new anchor score: 4.61433e+06
Backing up alignment tree...
propagating ancestral breakpoints
recursive anchor search
0,0 have 4 new matches outside LCBs
1,0 have 4 new matches outside LCBs
0,0 has an additional 13 matches
1,0 has an additional 6 matches
Restoring backed up alignment tree...
17,13 has 13 pairwise matches
22,13 has 6 pairwise matches
Performing Sum-of-pairs Greedy Breakpoint Elimination
construct LCB tracking matches
There are 804 tracking matches
There are 3167 / 42612 components used
init tracking match LCB tracking
pairwise score tracking matches
get pairwise LCBs
there are 19 pairwise LCBs
scaling bp penalty by conservation weight:
0.124714
0.0758565


scaling bp penalty by bp weight: 
0.9
0.9

Greedy BPE
Scoring with scaled breakpoint penalty: 4000
5%..
10%..15%..
21%..26%..
31%..36%..done
Arrived at 1 intervals
Adding unaligned intervals
addUnalignedIntervals yields 3 intervals
Merging unaligned intervals
Marbling gaps
Propagating descendant breakpoints
descendant 0(11) has 1 intervals
descendant 1(14) has 1 intervals
propagateDescendantBreakpoints yields 1 intervals
Creating ancestral ordering
Previous anchoring score: 4.61433e+06, new anchor score: 4.7032e+06
Backing up alignment tree...
propagating ancestral breakpoints
recursive anchor search
0,0 have 4 new matches outside LCBs
1,0 have 0 new matches outside LCBs
0,0 has an additional 10 matches
Restoring backed up alignment tree...
17,13 has 10 pairwise matches
22,13 has 0 pairwise matches
Performing Sum-of-pairs Greedy Breakpoint Elimination
construct LCB tracking matches
There are 802 tracking matches
There are 3159 / 42506 components used
init tracking match LCB tracking
pairwise score tracking matches
get pairwise LCBs
there are 11 pairwise LCBs
scaling bp penalty by conservation weight:
0.124714
0.0758565


scaling bp penalty by bp weight: 
0.9
0.9

Greedy BPE
Scoring with scaled breakpoint penalty: 4000
9%..
18%..
27%..
36%..
45%..done
Arrived at 1 intervals
Adding unaligned intervals
addUnalignedIntervals yields 3 intervals
Merging unaligned intervals
Marbling gaps
Propagating descendant breakpoints
descendant 0(11) has 1 intervals
descendant 1(14) has 1 intervals
propagateDescendantBreakpoints yields 1 intervals
Creating ancestral ordering
Previous anchoring score: 4.7032e+06, new anchor score: 4.7032e+06
propagating ancestral breakpoints
performing a gapped alignment

0%..
25%..
50%..
75%..
100%..Fix left ends

done.
Aligning node 5 to 10 via 9!
get ancestral matches
Performing Sum-of-pairs Greedy Breakpoint Elimination
construct LCB tracking matches
There are 1179 tracking matches
There are 21074 / 62487 components used
init tracking match LCB tracking
pairwise score tracking matches
get pairwise LCBs
there are 2977 pairwise LCBs
scaling bp penalty by conservation weight:
0.141958	0.190071	0.144283
0.1429	0.190901	0.145304
0.126548	0.198427	0.141906
0.124365	0.199912	0.140813
0.124365	0.199912	0.140813
0.124716	0.200208	0.141241
0.124365	0.199912	0.140813


scaling bp penalty by bp weight: 
0.9	0.9	0.9
0.9	0.9	0.9
0.9	0.9	0.9
0.9	0.9	0.9
0.9	0.9	0.9
0.9	0.9	0.9
0.9	0.9	0.9

Greedy BPE
Scoring with scaled breakpoint penalty: 4000
1%..2%..done
Arrived at 3 intervals
Adding unaligned intervals
addUnalignedIntervals yields 9 intervals
Merging unaligned intervals
Marbling gaps
Propagating descendant breakpoints
descendant 0(5) has 1 intervals
descendant 1(10) has 1 intervals
propagateDescendantBreakpoints yields 3 intervals
Creating ancestral ordering
Previous anchoring score: -1.79769e+308, new anchor score: 4.19025e+07
Backing up alignment tree...
propagating ancestral breakpoints
recursive anchor search
0,0 have 42 new matches outside LCBs
0,1 have 21 new matches outside LCBs
0,2 have 26 new matches outside LCBs
1,0 have 39 new matches outside LCBs
1,1 have 20 new matches outside LCBs
1,2 have 23 new matches outside LCBs
2,0 have 41 new matches outside LCBs
2,1 have 20 new matches outside LCBs
2,2 have 21 new matches outside LCBs
3,0 have 43 new matches outside LCBs
3,1 have 20 new matches outside LCBs
3,2 have 24 new matches outside LCBs
4,0 have 44 new matches outside LCBs
4,1 have 19 new matches outside LCBs
4,2 have 22 new matches outside LCBs
5,0 have 40 new matches outside LCBs
5,1 have 17 new matches outside LCBs
5,2 have 22 new matches outside LCBs
6,0 have 44 new matches outside LCBs
6,1 have 19 new matches outside LCBs
6,2 have 22 new matches outside LCBs
0,0 has an additional 44 matches
0,1 has an additional 34 matches
0,2 has an additional 28 matches
1,0 has an additional 41 matches
1,1 has an additional 33 matches
1,2 has an additional 25 matches
2,0 has an additional 43 matches
2,1 has an additional 38 matches
2,2 has an additional 23 matches
3,0 has an additional 45 matches
3,1 has an additional 42 matches
3,2 has an additional 26 matches
4,0 has an additional 46 matches
4,1 has an additional 37 matches
4,2 has an additional 24 matches
5,0 has an additional 42 matches
5,1 has an additional 35 matches
5,2 has an additional 24 matches
6,0 has an additional 46 matches
6,1 has an additional 37 matches
6,2 has an additional 24 matches
Restoring backed up alignment tree...
4,13 has 44 pairwise matches
4,17 has 34 pairwise matches
4,22 has 28 pairwise matches
8,13 has 41 pairwise matches
8,17 has 33 pairwise matches
8,22 has 25 pairwise matches
14,13 has 43 pairwise matches
14,17 has 38 pairwise matches
14,22 has 23 pairwise matches
23,13 has 45 pairwise matches
23,17 has 42 pairwise matches
23,22 has 26 pairwise matches
21,13 has 46 pairwise matches
21,17 has 37 pairwise matches
21,22 has 24 pairwise matches
12,13 has 42 pairwise matches
12,17 has 35 pairwise matches
12,22 has 24 pairwise matches
9,13 has 46 pairwise matches
9,17 has 37 pairwise matches
9,22 has 24 pairwise matches
Performing Sum-of-pairs Greedy Breakpoint Elimination
construct LCB tracking matches
There are 1176 tracking matches
There are 20997 / 62328 components used
init tracking match LCB tracking
pairwise score tracking matches
get pairwise LCBs
there are 1162 pairwise LCBs
scaling bp penalty by conservation weight:
0.141958	0.190071	0.144283
0.1429	0.190901	0.145304
0.126548	0.198427	0.141906
0.124365	0.199912	0.140813
0.124365	0.199912	0.140813
0.124716	0.200208	0.141241
0.124365	0.199912	0.140813


scaling bp penalty by bp weight: 
0.9	0.9	0.9
0.9	0.9	0.9
0.9	0.9	0.9
0.9	0.9	0.9
0.9	0.9	0.9
0.9	0.9	0.9
0.9	0.9	0.9

Greedy BPE
Scoring with scaled breakpoint penalty: 4000
1%..2%..3%..4%..5%..done
Arrived at 3 intervals
Adding unaligned intervals
addUnalignedIntervals yields 9 intervals
Merging unaligned intervals
Marbling gaps
Propagating descendant breakpoints
descendant 0(5) has 1 intervals
descendant 1(10) has 1 intervals
propagateDescendantBreakpoints yields 3 intervals
Creating ancestral ordering
Previous anchoring score: 4.19025e+07, new anchor score: 4.2726e+07
Backing up alignment tree...
propagating ancestral breakpoints
recursive anchor search
0,0 have 40 new matches outside LCBs
0,1 have 14 new matches outside LCBs
0,2 have 9 new matches outside LCBs
1,0 have 36 new matches outside LCBs
1,1 have 13 new matches outside LCBs
1,2 have 8 new matches outside LCBs
2,0 have 39 new matches outside LCBs
2,1 have 16 new matches outside LCBs
2,2 have 10 new matches outside LCBs
3,0 have 41 new matches outside LCBs
3,1 have 15 new matches outside LCBs
3,2 have 9 new matches outside LCBs
4,0 have 43 new matches outside LCBs
4,1 have 15 new matches outside LCBs
4,2 have 10 new matches outside LCBs
5,0 have 39 new matches outside LCBs
5,1 have 13 new matches outside LCBs
5,2 have 10 new matches outside LCBs
6,0 have 43 new matches outside LCBs
6,1 have 15 new matches outside LCBs
6,2 have 10 new matches outside LCBs
0,0 has an additional 40 matches
0,1 has an additional 14 matches
0,2 has an additional 9 matches
1,0 has an additional 36 matches
1,1 has an additional 13 matches
1,2 has an additional 8 matches
2,0 has an additional 39 matches
2,1 has an additional 16 matches
2,2 has an additional 10 matches
3,0 has an additional 41 matches
3,1 has an additional 15 matches
3,2 has an additional 9 matches
4,0 has an additional 43 matches
4,1 has an additional 15 matches
4,2 has an additional 10 matches
5,0 has an additional 39 matches
5,1 has an additional 13 matches
5,2 has an additional 10 matches
6,0 has an additional 43 matches
6,1 has an additional 15 matches
6,2 has an additional 10 matches
Restoring backed up alignment tree...
4,13 has 40 pairwise matches
4,17 has 14 pairwise matches
4,22 has 9 pairwise matches
8,13 has 36 pairwise matches
8,17 has 13 pairwise matches
8,22 has 8 pairwise matches
14,13 has 39 pairwise matches
14,17 has 16 pairwise matches
14,22 has 10 pairwise matches
23,13 has 41 pairwise matches
23,17 has 15 pairwise matches
23,22 has 9 pairwise matches
21,13 has 43 pairwise matches
21,17 has 15 pairwise matches
21,22 has 10 pairwise matches
12,13 has 39 pairwise matches
12,17 has 13 pairwise matches
12,22 has 10 pairwise matches
9,13 has 43 pairwise matches
9,17 has 15 pairwise matches
9,22 has 10 pairwise matches
Performing Sum-of-pairs Greedy Breakpoint Elimination
construct LCB tracking matches
There are 1165 tracking matches
There are 20811 / 61745 components used
init tracking match LCB tracking
pairwise score tracking matches
get pairwise LCBs
there are 966 pairwise LCBs
scaling bp penalty by conservation weight:
0.141958	0.190071	0.144283
0.1429	0.190901	0.145304
0.126548	0.198427	0.141906
0.124365	0.199912	0.140813
0.124365	0.199912	0.140813
0.124716	0.200208	0.141241
0.124365	0.199912	0.140813


scaling bp penalty by bp weight: 
0.9	0.9	0.9
0.9	0.9	0.9
0.9	0.9	0.9
0.9	0.9	0.9
0.9	0.9	0.9
0.9	0.9	0.9
0.9	0.9	0.9

Greedy BPE
Scoring with scaled breakpoint penalty: 4000
1%..2%..3%..4%..5%..done
Arrived at 3 intervals
Adding unaligned intervals
addUnalignedIntervals yields 9 intervals
Merging unaligned intervals
Marbling gaps
Propagating descendant breakpoints
descendant 0(5) has 1 intervals
descendant 1(10) has 1 intervals
propagateDescendantBreakpoints yields 3 intervals
Creating ancestral ordering
Previous anchoring score: 4.2726e+07, new anchor score: 4.27234e+07
propagating ancestral breakpoints
performing a gapped alignment

0%..
13%..
23%..
34%..
55%..
76%..
97%..
100%..Fix left ends

done.
performing iterative refinement

0%..
13%..
97%..
100%..Fix left ends

done.
Aligning node 9 to 16 via 15!
get ancestral matches
Performing Sum-of-pairs Greedy Breakpoint Elimination
construct LCB tracking matches
There are 3018 tracking matches
There are 92692 / 159954 components used
init tracking match LCB tracking
pairwise score tracking matches
get pairwise LCBs
there are 63078 pairwise LCBs
scaling bp penalty by conservation weight:
0.155304	0.205101	0.205746	0.180303	0.180431	0.184513	0.182182
0.167573	0.237206	0.18909	0.213211	0.212991	0.211363	0.189861
0.151568	0.210724	0.208269	0.186614	0.185552	0.178617	0.184956
0.198606	0.185557	0.179997	0.160144	0.160238	0.161629	0.175753
0.199847	0.186071	0.181749	0.161677	0.161799	0.16381	0.1767
0.202467	0.191384	0.180505	0.161795	0.161704	0.165803	0.177611
0.204596	0.191952	0.18167	0.161765	0.161673	0.166326	0.177252
0.204596	0.191952	0.18167	0.161765	0.161673	0.166326	0.177252
0.204917	0.192304	0.181638	0.161985	0.161893	0.166797	0.177461
0.204596	0.191952	0.18167	0.161765	0.161673	0.166326	0.177252


scaling bp penalty by bp weight: 
0.9	0.9	0.9	0.9	0.9	0.9	0.9
0.9	0.9	0.9	0.9	0.9	0.9	0.9
0.9	0.9	0.9	0.9	0.9	0.9	0.9
0.9	0.9	0.9	0.9	0.9	0.9	0.9
0.9	0.9	0.9	0.9	0.9	0.9	0.9
0.9	0.9	0.9	0.9	0.9	0.9	0.9
0.9	0.9	0.9	0.9	0.9	0.9	0.9
0.9	0.9	0.9	0.9	0.9	0.9	0.9
0.9	0.9	0.9	0.9	0.9	0.9	0.9
0.9	0.9	0.9	0.9	0.9	0.9	0.9

Greedy BPE
Scoring with scaled breakpoint penalty: 4000
done
Arrived at 12 intervals
Adding unaligned intervals
addUnalignedIntervals yields 31 intervals
Merging unaligned intervals
Marbling gaps
Propagating descendant breakpoints
descendant 0(9) has 3 intervals
descendant 1(16) has 12 intervals
propagateDescendantBreakpoints yields 22 intervals
Creating ancestral ordering
Previous anchoring score: -1.79769e+308, new anchor score: 5.89811e+07
Backing up alignment tree...
propagating ancestral breakpoints
recursive anchor search
0,0 have 22 new matches outside LCBs
0,1 have 20 new matches outside LCBs
0,2 have 17 new matches outside LCBs
0,3 have 17 new matches outside LCBs
0,4 have 17 new matches outside LCBs
0,5 have 31 new matches outside LCBs
0,6 have 13 new matches outside LCBs
1,0 have 27 new matches outside LCBs
1,1 have 22 new matches outside LCBs
1,2 have 14 new matches outside LCBs
1,3 have 32 new matches outside LCBs
1,4 have 32 new matches outside LCBs
1,5 have 30 new matches outside LCBs
1,6 have 24 new matches outside LCBs
2,0 have 13 new matches outside LCBs
2,1 have 12 new matches outside LCBs
2,2 have 5 new matches outside LCBs
2,3 have 10 new matches outside LCBs
2,4 have 10 new matches outside LCBs
2,5 have 15 new matches outside LCBs
2,6 have 22 new matches outside LCBs
3,0 have 34 new matches outside LCBs
3,1 have 42 new matches outside LCBs
3,2 have 38 new matches outside LCBs
3,3 have 34 new matches outside LCBs
3,4 have 32 new matches outside LCBs
3,5 have 30 new matches outside LCBs
3,6 have 47 new matches outside LCBs
4,0 have 34 new matches outside LCBs
4,1 have 38 new matches outside LCBs
4,2 have 35 new matches outside LCBs
4,3 have 32 new matches outside LCBs
4,4 have 31 new matches outside LCBs
4,5 have 30 new matches outside LCBs
4,6 have 48 new matches outside LCBs
5,0 have 32 new matches outside LCBs
5,1 have 40 new matches outside LCBs
5,2 have 36 new matches outside LCBs
5,3 have 33 new matches outside LCBs
5,4 have 33 new matches outside LCBs
5,5 have 35 new matches outside LCBs
5,6 have 43 new matches outside LCBs
6,0 have 36 new matches outside LCBs
6,1 have 40 new matches outside LCBs
6,2 have 42 new matches outside LCBs
6,3 have 34 new matches outside LCBs
6,4 have 33 new matches outside LCBs
6,5 have 30 new matches outside LCBs
6,6 have 46 new matches outside LCBs
7,0 have 32 new matches outside LCBs
7,1 have 41 new matches outside LCBs
7,2 have 36 new matches outside LCBs
7,3 have 33 new matches outside LCBs
7,4 have 32 new matches outside LCBs
7,5 have 34 new matches outside LCBs
7,6 have 43 new matches outside LCBs
8,0 have 32 new matches outside LCBs
8,1 have 41 new matches outside LCBs
8,2 have 36 new matches outside LCBs
8,3 have 33 new matches outside LCBs
8,4 have 32 new matches outside LCBs
8,5 have 33 new matches outside LCBs
8,6 have 43 new matches outside LCBs
9,0 have 32 new matches outside LCBs
9,1 have 41 new matches outside LCBs
9,2 have 36 new matches outside LCBs
9,3 have 33 new matches outside LCBs
9,4 have 32 new matches outside LCBs
9,5 have 34 new matches outside LCBs
9,6 have 43 new matches outside LCBs
0,0 has an additional 29 matches
0,1 has an additional 29 matches
0,2 has an additional 26 matches
0,3 has an additional 25 matches
0,4 has an additional 25 matches
0,5 has an additional 40 matches
0,6 has an additional 20 matches
1,0 has an additional 33 matches
1,1 has an additional 29 matches
1,2 has an additional 24 matches
1,3 has an additional 38 matches
1,4 has an additional 38 matches
1,5 has an additional 39 matches
1,6 has an additional 34 matches
2,0 has an additional 25 matches
2,1 has an additional 27 matches
2,2 has an additional 14 matches
2,3 has an additional 19 matches
2,4 has an additional 19 matches
2,5 has an additional 24 matches
2,6 has an additional 31 matches
3,0 has an additional 41 matches
3,1 has an additional 48 matches
3,2 has an additional 45 matches
3,3 has an additional 41 matches
3,4 has an additional 39 matches
3,5 has an additional 37 matches
3,6 has an additional 55 matches
4,0 has an additional 41 matches
4,1 has an additional 44 matches
4,2 has an additional 42 matches
4,3 has an additional 39 matches
4,4 has an additional 38 matches
4,5 has an additional 37 matches
4,6 has an additional 56 matches
5,0 has an additional 38 matches
5,1 has an additional 46 matches
5,2 has an additional 43 matches
5,3 has an additional 40 matches
5,4 has an additional 40 matches
5,5 has an additional 42 matches
5,6 has an additional 50 matches
6,0 has an additional 42 matches
6,1 has an additional 47 matches
6,2 has an additional 48 matches
6,3 has an additional 41 matches
6,4 has an additional 40 matches
6,5 has an additional 37 matches
6,6 has an additional 53 matches
7,0 has an additional 38 matches
7,1 has an additional 47 matches
7,2 has an additional 43 matches
7,3 has an additional 40 matches
7,4 has an additional 39 matches
7,5 has an additional 41 matches
7,6 has an additional 50 matches
8,0 has an additional 38 matches
8,1 has an additional 47 matches
8,2 has an additional 43 matches
8,3 has an additional 40 matches
8,4 has an additional 39 matches
8,5 has an additional 40 matches
8,6 has an additional 50 matches
9,0 has an additional 38 matches
9,1 has an additional 47 matches
9,2 has an additional 43 matches
9,3 has an additional 40 matches
9,4 has an additional 39 matches
9,5 has an additional 41 matches
9,6 has an additional 50 matches
Restoring backed up alignment tree...
13,24 has 29 pairwise matches
13,2 has 29 pairwise matches
13,10 has 26 pairwise matches
13,11 has 25 pairwise matches
13,18 has 25 pairwise matches
13,3 has 40 pairwise matches
13,19 has 20 pairwise matches
17,24 has 33 pairwise matches
17,2 has 29 pairwise matches
17,10 has 24 pairwise matches
17,11 has 38 pairwise matches
17,18 has 38 pairwise matches
17,3 has 39 pairwise matches
17,19 has 34 pairwise matches
22,24 has 25 pairwise matches
22,2 has 27 pairwise matches
22,10 has 14 pairwise matches
22,11 has 19 pairwise matches
22,18 has 19 pairwise matches
22,3 has 24 pairwise matches
22,19 has 31 pairwise matches
4,24 has 41 pairwise matches
4,2 has 48 pairwise matches
4,10 has 45 pairwise matches
4,11 has 41 pairwise matches
4,18 has 39 pairwise matches
4,3 has 37 pairwise matches
4,19 has 55 pairwise matches
8,24 has 41 pairwise matches
8,2 has 44 pairwise matches
8,10 has 42 pairwise matches
8,11 has 39 pairwise matches
8,18 has 38 pairwise matches
8,3 has 37 pairwise matches
8,19 has 56 pairwise matches
14,24 has 38 pairwise matches
14,2 has 46 pairwise matches
14,10 has 43 pairwise matches
14,11 has 40 pairwise matches
14,18 has 40 pairwise matches
14,3 has 42 pairwise matches
14,19 has 50 pairwise matches
23,24 has 42 pairwise matches
23,2 has 47 pairwise matches
23,10 has 48 pairwise matches
23,11 has 41 pairwise matches
23,18 has 40 pairwise matches
23,3 has 37 pairwise matches
23,19 has 53 pairwise matches
21,24 has 38 pairwise matches
21,2 has 47 pairwise matches
21,10 has 43 pairwise matches
21,11 has 40 pairwise matches
21,18 has 39 pairwise matches
21,3 has 41 pairwise matches
21,19 has 50 pairwise matches
12,24 has 38 pairwise matches
12,2 has 47 pairwise matches
12,10 has 43 pairwise matches
12,11 has 40 pairwise matches
12,18 has 39 pairwise matches
12,3 has 40 pairwise matches
12,19 has 50 pairwise matches
9,24 has 38 pairwise matches
9,2 has 47 pairwise matches
9,10 has 43 pairwise matches
9,11 has 40 pairwise matches
9,18 has 39 pairwise matches
9,3 has 41 pairwise matches
9,19 has 50 pairwise matches
Performing Sum-of-pairs Greedy Breakpoint Elimination
construct LCB tracking matches
There are 2488 tracking matches
There are 77131 / 131864 components used
init tracking match LCB tracking
pairwise score tracking matches
get pairwise LCBs
there are 4623 pairwise LCBs
scaling bp penalty by conservation weight:
0.155304	0.205101	0.205746	0.180303	0.180431	0.184513	0.182182
0.167573	0.237206	0.18909	0.213211	0.212991	0.211363	0.189861
0.151568	0.210724	0.208269	0.186614	0.185552	0.178617	0.184956
0.198606	0.185557	0.179997	0.160144	0.160238	0.161629	0.175753
0.199847	0.186071	0.181749	0.161677	0.161799	0.16381	0.1767
0.202467	0.191384	0.180505	0.161795	0.161704	0.165803	0.177611
0.204596	0.191952	0.18167	0.161765	0.161673	0.166326	0.177252
0.204596	0.191952	0.18167	0.161765	0.161673	0.166326	0.177252
0.204917	0.192304	0.181638	0.161985	0.161893	0.166797	0.177461
0.204596	0.191952	0.18167	0.161765	0.161673	0.166326	0.177252


scaling bp penalty by bp weight: 
0.9	0.9	0.9	0.9	0.9	0.9	0.9
0.9	0.9	0.9	0.9	0.9	0.9	0.9
0.9	0.9	0.9	0.9	0.9	0.9	0.9
0.9	0.9	0.9	0.9	0.9	0.9	0.9
0.9	0.9	0.9	0.9	0.9	0.9	0.9
0.9	0.9	0.9	0.9	0.9	0.9	0.9
0.9	0.9	0.9	0.9	0.9	0.9	0.9
0.9	0.9	0.9	0.9	0.9	0.9	0.9
0.9	0.9	0.9	0.9	0.9	0.9	0.9
0.9	0.9	0.9	0.9	0.9	0.9	0.9

Greedy BPE
Scoring with scaled breakpoint penalty: 4000
1%..done
Arrived at 8 intervals
Adding unaligned intervals
addUnalignedIntervals yields 23 intervals
Merging unaligned intervals
Marbling gaps
Propagating descendant breakpoints
descendant 0(9) has 3 intervals
descendant 1(16) has 12 intervals
propagateDescendantBreakpoints yields 21 intervals
Creating ancestral ordering
Previous anchoring score: 5.89811e+07, new anchor score: 5.91837e+07
propagating ancestral breakpoints
performing a gapped alignment

0%..5%..
11%..18%..
24%..
31%..38%..
64%..66%..67%..68%..
72%..73%..74%..
99%..
100%..Fix left ends

done.
performing iterative refinement

0%..
11%..
63%..65%..67%..
72%..73%..74%..
99%..
100%..Fix left ends

done.
Aligning node 41 to 46 via 40!
get ancestral matches
Performing Sum-of-pairs Greedy Breakpoint Elimination
construct LCB tracking matches
There are 347 tracking matches
There are 2081 / 18391 components used
init tracking match LCB tracking
pairwise score tracking matches
get pairwise LCBs
there are 147 pairwise LCBs
scaling bp penalty by conservation weight:
0.162333
0.159339
0.155209


scaling bp penalty by bp weight: 
0.9
0.9
0.9

Greedy BPE
Scoring with scaled breakpoint penalty: 4000
1%..2%..3%..4%..5%..6%..7%..8%..9%..
10%..11%..12%..13%..14%..15%..16%..17%..done
Arrived at 1 intervals
Adding unaligned intervals
addUnalignedIntervals yields 4 intervals
Merging unaligned intervals
Marbling gaps
Propagating descendant breakpoints
descendant 0(41) has 1 intervals
descendant 1(46) has 1 intervals
propagateDescendantBreakpoints yields 1 intervals
Creating ancestral ordering
Previous anchoring score: -1.79769e+308, new anchor score: 4.28018e+06
Backing up alignment tree...
propagating ancestral breakpoints
recursive anchor search
0,0 have 0 new matches outside LCBs
1,0 have 0 new matches outside LCBs
2,0 have 0 new matches outside LCBs
0,0 has an additional 11 matches
1,0 has an additional 11 matches
2,0 has an additional 11 matches
Restoring backed up alignment tree...
0,1 has 11 pairwise matches
6,1 has 11 pairwise matches
7,1 has 11 pairwise matches
Performing Sum-of-pairs Greedy Breakpoint Elimination
construct LCB tracking matches
There are 333 tracking matches
There are 1997 / 17649 components used
init tracking match LCB tracking
pairwise score tracking matches
get pairwise LCBs
there are 3 pairwise LCBs
scaling bp penalty by conservation weight:
0.162333
0.159339
0.155209


scaling bp penalty by bp weight: 
0.9
0.9
0.9

Greedy BPE
Scoring with scaled breakpoint penalty: 4000
done
Arrived at 1 intervals
Adding unaligned intervals
addUnalignedIntervals yields 4 intervals
Merging unaligned intervals
Marbling gaps
Propagating descendant breakpoints
descendant 0(41) has 1 intervals
descendant 1(46) has 1 intervals
propagateDescendantBreakpoints yields 1 intervals
Creating ancestral ordering
Previous anchoring score: 4.28018e+06, new anchor score: 5.74109e+06
Backing up alignment tree...
propagating ancestral breakpoints
recursive anchor search
0,0 have 0 new matches outside LCBs
1,0 have 0 new matches outside LCBs
2,0 have 0 new matches outside LCBs
Restoring backed up alignment tree...
0,1 has 0 pairwise matches
6,1 has 0 pairwise matches
7,1 has 0 pairwise matches
Performing Sum-of-pairs Greedy Breakpoint Elimination
construct LCB tracking matches
There are 333 tracking matches
There are 1997 / 17649 components used
init tracking match LCB tracking
pairwise score tracking matches
get pairwise LCBs
there are 3 pairwise LCBs
scaling bp penalty by conservation weight:
0.162333
0.159339
0.155209


scaling bp penalty by bp weight: 
0.9
0.9
0.9

Greedy BPE
Scoring with scaled breakpoint penalty: 4000
done
Arrived at 1 intervals
Adding unaligned intervals
addUnalignedIntervals yields 4 intervals
Merging unaligned intervals
Marbling gaps
Propagating descendant breakpoints
descendant 0(41) has 1 intervals
descendant 1(46) has 1 intervals
propagateDescendantBreakpoints yields 1 intervals
Creating ancestral ordering
Previous anchoring score: 5.74109e+06, new anchor score: 5.74109e+06
propagating ancestral breakpoints
performing a gapped alignment

0%..
35%..
71%..
100%..Fix left ends

done.
performing iterative refinement

0%..
69%..
100%..Fix left ends

done.
Aligning node 40 to 47 via 39!
get ancestral matches
Performing Sum-of-pairs Greedy Breakpoint Elimination
construct LCB tracking matches
There are 2065 tracking matches
There are 15903 / 109445 components used
init tracking match LCB tracking
pairwise score tracking matches
get pairwise LCBs
there are 431 pairwise LCBs
scaling bp penalty by conservation weight:
0.254059
0.15357
0.152683
0.149666


scaling bp penalty by bp weight: 
0.9
0.9
0.9
0.9

Greedy BPE
Scoring with scaled breakpoint penalty: 4000
1%..2%..3%..4%..5%..6%..7%..8%..9%..
10%..11%..12%..13%..done
Arrived at 1 intervals
Adding unaligned intervals
addUnalignedIntervals yields 5 intervals
Merging unaligned intervals
Marbling gaps
Propagating descendant breakpoints
descendant 0(40) has 1 intervals
descendant 1(47) has 1 intervals
propagateDescendantBreakpoints yields 1 intervals
Creating ancestral ordering
Previous anchoring score: -1.79769e+308, new anchor score: 4.79118e+06
Backing up alignment tree...
propagating ancestral breakpoints
recursive anchor search
0,0 have 68 new matches outside LCBs
1,0 have 3 new matches outside LCBs
2,0 have 3 new matches outside LCBs
3,0 have 3 new matches outside LCBs
0,0 has an additional 97 matches
1,0 has an additional 30 matches
2,0 has an additional 30 matches
3,0 has an additional 31 matches
Restoring backed up alignment tree...
1,5 has 97 pairwise matches
0,5 has 30 pairwise matches
6,5 has 30 pairwise matches
7,5 has 31 pairwise matches
Performing Sum-of-pairs Greedy Breakpoint Elimination
construct LCB tracking matches
There are 2083 tracking matches
There are 16095 / 110399 components used
init tracking match LCB tracking
pairwise score tracking matches
get pairwise LCBs
there are 585 pairwise LCBs
scaling bp penalty by conservation weight:
0.254059
0.15357
0.152683
0.149666


scaling bp penalty by bp weight: 
0.9
0.9
0.9
0.9

Greedy BPE
Scoring with scaled breakpoint penalty: 4000
1%..2%..3%..4%..5%..6%..7%..8%..9%..
10%..11%..12%..13%..14%..15%..16%..done
Arrived at 1 intervals
Adding unaligned intervals
addUnalignedIntervals yields 4 intervals
Merging unaligned intervals
Marbling gaps
Propagating descendant breakpoints
descendant 0(40) has 1 intervals
descendant 1(47) has 1 intervals
propagateDescendantBreakpoints yields 1 intervals
Creating ancestral ordering
Previous anchoring score: 4.79118e+06, new anchor score: 4.74558e+06
propagating ancestral breakpoints
performing a gapped alignment

0%..
25%..
31%..37%..
43%..
50%..
75%..
100%..Fix left ends

done.
Aligning node 31 to 36 via 30!
get ancestral matches
Performing Sum-of-pairs Greedy Breakpoint Elimination
construct LCB tracking matches
There are 1695 tracking matches
There are 13468 / 89835 components used
init tracking match LCB tracking
pairwise score tracking matches
get pairwise LCBs
there are 4334 pairwise LCBs
scaling bp penalty by conservation weight:
0.28904	0.288468
0.314465	0.314085
0.314425	0.313832


scaling bp penalty by bp weight: 
0.9	0.9
0.9	0.9
0.9	0.9

Greedy BPE
Scoring with scaled breakpoint penalty: 4000
1%..2%..3%..4%..5%..6%..7%..8%..9%..done
Arrived at 1 intervals
Adding unaligned intervals
addUnalignedIntervals yields 5 intervals
Merging unaligned intervals
Marbling gaps
Propagating descendant breakpoints
descendant 0(31) has 1 intervals
descendant 1(36) has 1 intervals
propagateDescendantBreakpoints yields 1 intervals
Creating ancestral ordering
Previous anchoring score: -1.79769e+308, new anchor score: 4.74622e+06
Backing up alignment tree...
propagating ancestral breakpoints
recursive anchor search
0,0 have 73 new matches outside LCBs
0,1 have 74 new matches outside LCBs
1,0 have 82 new matches outside LCBs
1,1 have 83 new matches outside LCBs
2,0 have 81 new matches outside LCBs
2,1 have 83 new matches outside LCBs
0,0 has an additional 158 matches
0,1 has an additional 160 matches
1,0 has an additional 176 matches
1,1 has an additional 178 matches
2,0 has an additional 173 matches
2,1 has an additional 176 matches
Restoring backed up alignment tree...
20,16 has 158 pairwise matches
20,25 has 160 pairwise matches
15,16 has 176 pairwise matches
15,25 has 178 pairwise matches
26,16 has 173 pairwise matches
26,25 has 176 pairwise matches
Performing Sum-of-pairs Greedy Breakpoint Elimination
construct LCB tracking matches
There are 1445 tracking matches
There are 11491 / 76585 components used
init tracking match LCB tracking
pairwise score tracking matches
get pairwise LCBs
there are 874 pairwise LCBs
scaling bp penalty by conservation weight:
0.28904	0.288468
0.314465	0.314085
0.314425	0.313832


scaling bp penalty by bp weight: 
0.9	0.9
0.9	0.9
0.9	0.9

Greedy BPE
Scoring with scaled breakpoint penalty: 4000
1%..2%..3%..4%..5%..6%..7%..8%..9%..
10%..11%..12%..13%..14%..15%..done
Arrived at 1 intervals
Adding unaligned intervals
addUnalignedIntervals yields 5 intervals
Merging unaligned intervals
Marbling gaps
Propagating descendant breakpoints
descendant 0(31) has 1 intervals
descendant 1(36) has 1 intervals
propagateDescendantBreakpoints yields 1 intervals
Creating ancestral ordering
Previous anchoring score: 4.74622e+06, new anchor score: 4.7829e+06
Backing up alignment tree...
propagating ancestral breakpoints
recursive anchor search
0,0 have 22 new matches outside LCBs
0,1 have 23 new matches outside LCBs
1,0 have 79 new matches outside LCBs
1,1 have 80 new matches outside LCBs
2,0 have 79 new matches outside LCBs
2,1 have 81 new matches outside LCBs
0,0 has an additional 57 matches
0,1 has an additional 59 matches
1,0 has an additional 160 matches
1,1 has an additional 162 matches
2,0 has an additional 159 matches
2,1 has an additional 162 matches
Restoring backed up alignment tree...
20,16 has 57 pairwise matches
20,25 has 59 pairwise matches
15,16 has 160 pairwise matches
15,25 has 162 pairwise matches
26,16 has 159 pairwise matches
26,25 has 162 pairwise matches
Performing Sum-of-pairs Greedy Breakpoint Elimination
construct LCB tracking matches
There are 1415 tracking matches
There are 11254 / 74995 components used
init tracking match LCB tracking
pairwise score tracking matches
get pairwise LCBs
there are 668 pairwise LCBs
scaling bp penalty by conservation weight:
0.28904	0.288468
0.314465	0.314085
0.314425	0.313832


scaling bp penalty by bp weight: 
0.9	0.9
0.9	0.9
0.9	0.9

Greedy BPE
Scoring with scaled breakpoint penalty: 4000
1%..2%..3%..4%..5%..6%..7%..8%..9%..
10%..11%..12%..13%..14%..15%..done
Arrived at 1 intervals
Adding unaligned intervals
addUnalignedIntervals yields 5 intervals
Merging unaligned intervals
Marbling gaps
Propagating descendant breakpoints
descendant 0(31) has 1 intervals
descendant 1(36) has 1 intervals
propagateDescendantBreakpoints yields 1 intervals
Creating ancestral ordering
Previous anchoring score: 4.7829e+06, new anchor score: 4.78384e+06
propagating ancestral breakpoints
performing a gapped alignment

0%..7%..
13%..18%..
24%..
30%..36%..
42%..47%..
53%..59%..
65%..
71%..76%..
82%..88%..
94%..
100%..Fix left ends

done.
performing iterative refinement

0%..
12%..
25%..
50%..
75%..
100%..Fix left ends

done.
Aligning node 30 to 39 via 29!
get ancestral matches
Performing Sum-of-pairs Greedy Breakpoint Elimination
construct LCB tracking matches
There are 1739 tracking matches
There are 29466 / 92167 components used
init tracking match LCB tracking
pairwise score tracking matches
get pairwise LCBs
there are 23707 pairwise LCBs
scaling bp penalty by conservation weight:
0.487577	0.530019	0.448728	0.452607	0.449598
0.487388	0.530105	0.449186	0.453292	0.450231
0.438709	0.475446	0.388718	0.396762	0.39366
0.448636	0.455482	0.383698	0.383521	0.377281
0.451682	0.457129	0.386157	0.383654	0.378099


scaling bp penalty by bp weight: 
0.9	0.9	0.9	0.9	0.9
0.9	0.9	0.9	0.9	0.9
0.9	0.9	0.9	0.9	0.9
0.9	0.9	0.9	0.9	0.9
0.9	0.9	0.9	0.9	0.9

Greedy BPE
Scoring with scaled breakpoint penalty: 4000
1%..2%..3%..done
Arrived at 1 intervals
Adding unaligned intervals
addUnalignedIntervals yields 5 intervals
Merging unaligned intervals
Marbling gaps
Propagating descendant breakpoints
descendant 0(30) has 1 intervals
descendant 1(39) has 1 intervals
propagateDescendantBreakpoints yields 1 intervals
Creating ancestral ordering
Previous anchoring score: -1.79769e+308, new anchor score: 1.64421e+07
Backing up alignment tree...
propagating ancestral breakpoints
recursive anchor search
0,0 have 75 new matches outside LCBs
0,1 have 162 new matches outside LCBs
0,2 have 59 new matches outside LCBs
0,3 have 66 new matches outside LCBs
0,4 have 65 new matches outside LCBs
1,0 have 74 new matches outside LCBs
1,1 have 162 new matches outside LCBs
1,2 have 58 new matches outside LCBs
1,3 have 65 new matches outside LCBs
1,4 have 64 new matches outside LCBs
2,0 have 77 new matches outside LCBs
2,1 have 136 new matches outside LCBs
2,2 have 70 new matches outside LCBs
2,3 have 65 new matches outside LCBs
2,4 have 65 new matches outside LCBs
3,0 have 9 new matches outside LCBs
3,1 have 38 new matches outside LCBs
3,2 have 21 new matches outside LCBs
3,3 have 21 new matches outside LCBs
3,4 have 20 new matches outside LCBs
4,0 have 9 new matches outside LCBs
4,1 have 39 new matches outside LCBs
4,2 have 22 new matches outside LCBs
4,3 have 22 new matches outside LCBs
4,4 have 20 new matches outside LCBs
0,0 has an additional 221 matches
0,1 has an additional 274 matches
0,2 has an additional 224 matches
0,3 has an additional 240 matches
0,4 has an additional 235 matches
1,0 has an additional 219 matches
1,1 has an additional 273 matches
1,2 has an additional 224 matches
1,3 has an additional 240 matches
1,4 has an additional 235 matches
2,0 has an additional 245 matches
2,1 has an additional 257 matches
2,2 has an additional 249 matches
2,3 has an additional 243 matches
2,4 has an additional 250 matches
3,0 has an additional 173 matches
3,1 has an additional 147 matches
3,2 has an additional 187 matches
3,3 has an additional 199 matches
3,4 has an additional 194 matches
4,0 has an additional 175 matches
4,1 has an additional 149 matches
4,2 has an additional 187 matches
4,3 has an additional 203 matches
4,4 has an additional 197 matches
Restoring backed up alignment tree...
16,5 has 221 pairwise matches
16,1 has 274 pairwise matches
16,0 has 224 pairwise matches
16,6 has 240 pairwise matches
16,7 has 235 pairwise matches
25,5 has 219 pairwise matches
25,1 has 273 pairwise matches
25,0 has 224 pairwise matches
25,6 has 240 pairwise matches
25,7 has 235 pairwise matches
20,5 has 245 pairwise matches
20,1 has 257 pairwise matches
20,0 has 249 pairwise matches
20,6 has 243 pairwise matches
20,7 has 250 pairwise matches
15,5 has 173 pairwise matches
15,1 has 147 pairwise matches
15,0 has 187 pairwise matches
15,6 has 199 pairwise matches
15,7 has 194 pairwise matches
26,5 has 175 pairwise matches
26,1 has 149 pairwise matches
26,0 has 187 pairwise matches
26,6 has 203 pairwise matches
26,7 has 197 pairwise matches
Performing Sum-of-pairs Greedy Breakpoint Elimination
construct LCB tracking matches
There are 1302 tracking matches
There are 22745 / 69006 components used
init tracking match LCB tracking
pairwise score tracking matches
get pairwise LCBs
there are 10691 pairwise LCBs
scaling bp penalty by conservation weight:
0.487577	0.530019	0.448728	0.452607	0.449598
0.487388	0.530105	0.449186	0.453292	0.450231
0.438709	0.475446	0.388718	0.396762	0.39366
0.448636	0.455482	0.383698	0.383521	0.377281
0.451682	0.457129	0.386157	0.383654	0.378099


scaling bp penalty by bp weight: 
0.9	0.9	0.9	0.9	0.9
0.9	0.9	0.9	0.9	0.9
0.9	0.9	0.9	0.9	0.9
0.9	0.9	0.9	0.9	0.9
0.9	0.9	0.9	0.9	0.9

Greedy BPE
Scoring with scaled breakpoint penalty: 4000
1%..2%..3%..done
Arrived at 1 intervals
Adding unaligned intervals
addUnalignedIntervals yields 5 intervals
Merging unaligned intervals
Marbling gaps
Propagating descendant breakpoints
descendant 0(30) has 1 intervals
descendant 1(39) has 1 intervals
propagateDescendantBreakpoints yields 1 intervals
Creating ancestral ordering
Previous anchoring score: 1.64421e+07, new anchor score: 1.86701e+07
Backing up alignment tree...
propagating ancestral breakpoints
recursive anchor search
0,0 have 16 new matches outside LCBs
0,1 have 41 new matches outside LCBs
0,2 have 32 new matches outside LCBs
0,3 have 29 new matches outside LCBs
0,4 have 30 new matches outside LCBs
1,0 have 16 new matches outside LCBs
1,1 have 41 new matches outside LCBs
1,2 have 32 new matches outside LCBs
1,3 have 29 new matches outside LCBs
1,4 have 30 new matches outside LCBs
2,0 have 25 new matches outside LCBs
2,1 have 83 new matches outside LCBs
2,2 have 13 new matches outside LCBs
2,3 have 13 new matches outside LCBs
2,4 have 13 new matches outside LCBs
3,0 have 9 new matches outside LCBs
3,1 have 36 new matches outside LCBs
3,2 have 24 new matches outside LCBs
3,3 have 23 new matches outside LCBs
3,4 have 22 new matches outside LCBs
4,0 have 9 new matches outside LCBs
4,1 have 37 new matches outside LCBs
4,2 have 25 new matches outside LCBs
4,3 have 24 new matches outside LCBs
4,4 have 22 new matches outside LCBs
0,0 has an additional 46 matches
0,1 has an additional 71 matches
0,2 has an additional 68 matches
0,3 has an additional 67 matches
0,4 has an additional 70 matches
1,0 has an additional 46 matches
1,1 has an additional 71 matches
1,2 has an additional 68 matches
1,3 has an additional 67 matches
1,4 has an additional 70 matches
2,0 has an additional 54 matches
2,1 has an additional 92 matches
2,2 has an additional 34 matches
2,3 has an additional 35 matches
2,4 has an additional 34 matches
3,0 has an additional 67 matches
3,1 has an additional 50 matches
3,2 has an additional 47 matches
3,3 has an additional 48 matches
3,4 has an additional 48 matches
4,0 has an additional 64 matches
4,1 has an additional 51 matches
4,2 has an additional 48 matches
4,3 has an additional 49 matches
4,4 has an additional 48 matches
Restoring backed up alignment tree...
16,5 has 46 pairwise matches
16,1 has 71 pairwise matches
16,0 has 68 pairwise matches
16,6 has 67 pairwise matches
16,7 has 70 pairwise matches
25,5 has 46 pairwise matches
25,1 has 71 pairwise matches
25,0 has 68 pairwise matches
25,6 has 67 pairwise matches
25,7 has 70 pairwise matches
20,5 has 54 pairwise matches
20,1 has 92 pairwise matches
20,0 has 34 pairwise matches
20,6 has 35 pairwise matches
20,7 has 34 pairwise matches
15,5 has 67 pairwise matches
15,1 has 50 pairwise matches
15,0 has 47 pairwise matches
15,6 has 48 pairwise matches
15,7 has 48 pairwise matches
26,5 has 64 pairwise matches
26,1 has 51 pairwise matches
26,0 has 48 pairwise matches
26,6 has 49 pairwise matches
26,7 has 48 pairwise matches
Performing Sum-of-pairs Greedy Breakpoint Elimination
construct LCB tracking matches
There are 1116 tracking matches
There are 19406 / 59148 components used
init tracking match LCB tracking
pairwise score tracking matches
get pairwise LCBs
there are 4629 pairwise LCBs
scaling bp penalty by conservation weight:
0.487577	0.530019	0.448728	0.452607	0.449598
0.487388	0.530105	0.449186	0.453292	0.450231
0.438709	0.475446	0.388718	0.396762	0.39366
0.448636	0.455482	0.383698	0.383521	0.377281
0.451682	0.457129	0.386157	0.383654	0.378099


scaling bp penalty by bp weight: 
0.9	0.9	0.9	0.9	0.9
0.9	0.9	0.9	0.9	0.9
0.9	0.9	0.9	0.9	0.9
0.9	0.9	0.9	0.9	0.9
0.9	0.9	0.9	0.9	0.9

Greedy BPE
Scoring with scaled breakpoint penalty: 4000
1%..2%..done
Arrived at 8 intervals
Adding unaligned intervals
addUnalignedIntervals yields 25 intervals
Merging unaligned intervals
Marbling gaps
Propagating descendant breakpoints
descendant 0(30) has 1 intervals
descendant 1(39) has 1 intervals
propagateDescendantBreakpoints yields 8 intervals
Creating ancestral ordering
Previous anchoring score: 1.86701e+07, new anchor score: 1.85528e+07
propagating ancestral breakpoints
performing a gapped alignment

0%..6%..
12%..18%..
25%..
31%..37%..
43%..
50%..56%..
62%..68%..
75%..
81%..87%..
93%..
100%..Fix left ends

done.
Aligning node 15 to 29 via 0!
get ancestral matches
Performing Sum-of-pairs Greedy Breakpoint Elimination
construct LCB tracking matches
There are 2749 tracking matches
There are 131288 / 145697 components used
init tracking match LCB tracking
pairwise score tracking matches
get pairwise LCBs
there are 298897 pairwise LCBs
scaling bp penalty by conservation weight:
0.505908	0.506056	0.449929	0.454516	0.455077	0.504075	0.504061	0.453952	0.459747	0.458912
0.477689	0.504145	0.429415	0.447277	0.432841	0.473784	0.474841	0.427504	0.438017	0.43722
0.473875	0.490746	0.40775	0.424423	0.415417	0.484311	0.484307	0.433949	0.426466	0.426074
0.472822	0.502836	0.424186	0.437247	0.426614	0.482574	0.481985	0.448226	0.445281	0.445715
0.471731	0.502427	0.423642	0.436812	0.425989	0.483309	0.482719	0.448603	0.445802	0.446117
0.467391	0.500638	0.417653	0.429319	0.423837	0.476397	0.476922	0.430564	0.433915	0.433907
0.470658	0.495346	0.416259	0.432572	0.423576	0.469338	0.469101	0.426444	0.433391	0.434296
0.511586	0.520742	0.458349	0.465126	0.463314	0.504945	0.504767	0.46812	0.468626	0.468587
0.518127	0.49921	0.441948	0.453228	0.446644	0.504414	0.504687	0.46711	0.451258	0.452742
0.511917	0.528593	0.462727	0.472763	0.475324	0.504969	0.504621	0.469792	0.479618	0.477973
0.501108	0.516839	0.452495	0.461768	0.457178	0.492389	0.491715	0.453732	0.462931	0.462361
0.50201	0.518073	0.452888	0.462833	0.457924	0.492457	0.49158	0.455093	0.462443	0.461698
0.498108	0.512264	0.449966	0.454017	0.453241	0.492344	0.491765	0.457522	0.458623	0.45842
0.498191	0.51575	0.448597	0.453446	0.454011	0.493946	0.493367	0.457944	0.45759	0.457672
0.498191	0.51575	0.448597	0.453446	0.454011	0.493946	0.493367	0.457944	0.45759	0.457672
0.499174	0.516106	0.449571	0.454377	0.454999	0.493583	0.493004	0.457584	0.457798	0.457827
0.498191	0.51575	0.448597	0.453446	0.454011	0.493946	0.493367	0.457944	0.45759	0.457672


scaling bp penalty by bp weight: 
0.9	0.9	0.9	0.9	0.9	0.9	0.9	0.9	0.9	0.9
0.9	0.9	0.9	0.9	0.9	0.9	0.9	0.9	0.9	0.9
0.9	0.9	0.9	0.9	0.9	0.9	0.9	0.9	0.9	0.9
0.9	0.9	0.9	0.9	0.9	0.9	0.9	0.9	0.9	0.9
0.9	0.9	0.9	0.9	0.9	0.9	0.9	0.9	0.9	0.9
0.9	0.9	0.9	0.9	0.9	0.9	0.9	0.9	0.9	0.9
0.9	0.9	0.9	0.9	0.9	0.9	0.9	0.9	0.9	0.9
0.9	0.9	0.9	0.9	0.9	0.9	0.9	0.9	0.9	0.9
0.9	0.9	0.9	0.9	0.9	0.9	0.9	0.9	0.9	0.9
0.9	0.9	0.9	0.9	0.9	0.9	0.9	0.9	0.9	0.9
0.9	0.9	0.9	0.9	0.9	0.9	0.9	0.9	0.9	0.9
0.9	0.9	0.9	0.9	0.9	0.9	0.9	0.9	0.9	0.9
0.9	0.9	0.9	0.9	0.9	0.9	0.9	0.9	0.9	0.9
0.9	0.9	0.9	0.9	0.9	0.9	0.9	0.9	0.9	0.9
0.9	0.9	0.9	0.9	0.9	0.9	0.9	0.9	0.9	0.9
0.9	0.9	0.9	0.9	0.9	0.9	0.9	0.9	0.9	0.9
0.9	0.9	0.9	0.9	0.9	0.9	0.9	0.9	0.9	0.9

Greedy BPE
Scoring with scaled breakpoint penalty: 4000
done
Arrived at 13 intervals
Adding unaligned intervals
addUnalignedIntervals yields 39 intervals
Merging unaligned intervals
Marbling gaps
Propagating descendant breakpoints
descendant 0(15) has 22 intervals
descendant 1(29) has 1 intervals
propagateDescendantBreakpoints yields 34 intervals
Creating ancestral ordering
Previous anchoring score: -1.79769e+308, new anchor score: 1.47012e+07
Backing up alignment tree...
propagating ancestral breakpoints
recursive anchor search
0,0 have 174 new matches outside LCBs
0,1 have 174 new matches outside LCBs
0,2 have 180 new matches outside LCBs
0,3 have 183 new matches outside LCBs
0,4 have 180 new matches outside LCBs
0,5 have 166 new matches outside LCBs
0,6 have 166 new matches outside LCBs
0,7 have 180 new matches outside LCBs
0,8 have 178 new matches outside LCBs
0,9 have 176 new matches outside LCBs
1,0 have 176 new matches outside LCBs
1,1 have 185 new matches outside LCBs
1,2 have 180 new matches outside LCBs
1,3 have 189 new matches outside LCBs
1,4 have 184 new matches outside LCBs
1,5 have 165 new matches outside LCBs
1,6 have 165 new matches outside LCBs
1,7 have 175 new matches outside LCBs
1,8 have 178 new matches outside LCBs
1,9 have 177 new matches outside LCBs
2,0 have 185 new matches outside LCBs
2,1 have 192 new matches outside LCBs
2,2 have 199 new matches outside LCBs
2,3 have 188 new matches outside LCBs
2,4 have 192 new matches outside LCBs
2,5 have 171 new matches outside LCBs
2,6 have 171 new matches outside LCBs
2,7 have 176 new matches outside LCBs
2,8 have 184 new matches outside LCBs
2,9 have 183 new matches outside LCBs
3,0 have 175 new matches outside LCBs
3,1 have 175 new matches outside LCBs
3,2 have 181 new matches outside LCBs
3,3 have 176 new matches outside LCBs
3,4 have 177 new matches outside LCBs
3,5 have 168 new matches outside LCBs
3,6 have 168 new matches outside LCBs
3,7 have 178 new matches outside LCBs
3,8 have 184 new matches outside LCBs
3,9 have 183 new matches outside LCBs
4,0 have 175 new matches outside LCBs
4,1 have 174 new matches outside LCBs
4,2 have 181 new matches outside LCBs
4,3 have 176 new matches outside LCBs
4,4 have 177 new matches outside LCBs
4,5 have 169 new matches outside LCBs
4,6 have 169 new matches outside LCBs
4,7 have 178 new matches outside LCBs
4,8 have 184 new matches outside LCBs
4,9 have 183 new matches outside LCBs
5,0 have 169 new matches outside LCBs
5,1 have 176 new matches outside LCBs
5,2 have 174 new matches outside LCBs
5,3 have 172 new matches outside LCBs
5,4 have 177 new matches outside LCBs
5,5 have 162 new matches outside LCBs
5,6 have 162 new matches outside LCBs
5,7 have 183 new matches outside LCBs
5,8 have 181 new matches outside LCBs
5,9 have 181 new matches outside LCBs
6,0 have 181 new matches outside LCBs
6,1 have 182 new matches outside LCBs
6,2 have 188 new matches outside LCBs
6,3 have 188 new matches outside LCBs
6,4 have 191 new matches outside LCBs
6,5 have 162 new matches outside LCBs
6,6 have 162 new matches outside LCBs
6,7 have 183 new matches outside LCBs
6,8 have 187 new matches outside LCBs
6,9 have 187 new matches outside LCBs
7,0 have 179 new matches outside LCBs
7,1 have 172 new matches outside LCBs
7,2 have 179 new matches outside LCBs
7,3 have 179 new matches outside LCBs
7,4 have 175 new matches outside LCBs
7,5 have 153 new matches outside LCBs
7,6 have 153 new matches outside LCBs
7,7 have 171 new matches outside LCBs
7,8 have 166 new matches outside LCBs
7,9 have 165 new matches outside LCBs
8,0 have 175 new matches outside LCBs
8,1 have 183 new matches outside LCBs
8,2 have 195 new matches outside LCBs
8,3 have 193 new matches outside LCBs
8,4 have 197 new matches outside LCBs
8,5 have 144 new matches outside LCBs
8,6 have 144 new matches outside LCBs
8,7 have 165 new matches outside LCBs
8,8 have 170 new matches outside LCBs
8,9 have 170 new matches outside LCBs
9,0 have 174 new matches outside LCBs
9,1 have 161 new matches outside LCBs
9,2 have 176 new matches outside LCBs
9,3 have 178 new matches outside LCBs
9,4 have 176 new matches outside LCBs
9,5 have 159 new matches outside LCBs
9,6 have 159 new matches outside LCBs
9,7 have 172 new matches outside LCBs
9,8 have 175 new matches outside LCBs
9,9 have 174 new matches outside LCBs
10,0 have 164 new matches outside LCBs
10,1 have 167 new matches outside LCBs
10,2 have 165 new matches outside LCBs
10,3 have 176 new matches outside LCBs
10,4 have 172 new matches outside LCBs
10,5 have 169 new matches outside LCBs
10,6 have 169 new matches outside LCBs
10,7 have 178 new matches outside LCBs
10,8 have 189 new matches outside LCBs
10,9 have 187 new matches outside LCBs
11,0 have 164 new matches outside LCBs
11,1 have 165 new matches outside LCBs
11,2 have 163 new matches outside LCBs
11,3 have 173 new matches outside LCBs
11,4 have 169 new matches outside LCBs
11,5 have 166 new matches outside LCBs
11,6 have 166 new matches outside LCBs
11,7 have 173 new matches outside LCBs
11,8 have 187 new matches outside LCBs
11,9 have 185 new matches outside LCBs
12,0 have 185 new matches outside LCBs
12,1 have 181 new matches outside LCBs
12,2 have 180 new matches outside LCBs
12,3 have 178 new matches outside LCBs
12,4 have 173 new matches outside LCBs
12,5 have 173 new matches outside LCBs
12,6 have 173 new matches outside LCBs
12,7 have 177 new matches outside LCBs
12,8 have 183 new matches outside LCBs
12,9 have 181 new matches outside LCBs
13,0 have 182 new matches outside LCBs
13,1 have 177 new matches outside LCBs
13,2 have 177 new matches outside LCBs
13,3 have 174 new matches outside LCBs
13,4 have 170 new matches outside LCBs
13,5 have 169 new matches outside LCBs
13,6 have 169 new matches outside LCBs
13,7 have 174 new matches outside LCBs
13,8 have 184 new matches outside LCBs
13,9 have 181 new matches outside LCBs
14,0 have 183 new matches outside LCBs
14,1 have 177 new matches outside LCBs
14,2 have 177 new matches outside LCBs
14,3 have 175 new matches outside LCBs
14,4 have 171 new matches outside LCBs
14,5 have 169 new matches outside LCBs
14,6 have 169 new matches outside LCBs
14,7 have 175 new matches outside LCBs
14,8 have 181 new matches outside LCBs
14,9 have 179 new matches outside LCBs
15,0 have 185 new matches outside LCBs
15,1 have 179 new matches outside LCBs
15,2 have 179 new matches outside LCBs
15,3 have 177 new matches outside LCBs
15,4 have 173 new matches outside LCBs
15,5 have 169 new matches outside LCBs
15,6 have 169 new matches outside LCBs
15,7 have 175 new matches outside LCBs
15,8 have 181 new matches outside LCBs
15,9 have 179 new matches outside LCBs
16,0 have 183 new matches outside LCBs
16,1 have 177 new matches outside LCBs
16,2 have 177 new matches outside LCBs
16,3 have 175 new matches outside LCBs
16,4 have 171 new matches outside LCBs
16,5 have 169 new matches outside LCBs
16,6 have 169 new matches outside LCBs
16,7 have 175 new matches outside LCBs
16,8 have 181 new matches outside LCBs
16,9 have 179 new matches outside LCBs
0,0 has an additional 486 matches
0,1 has an additional 370 matches
0,2 has an additional 471 matches
0,3 has an additional 479 matches
0,4 has an additional 476 matches
0,5 has an additional 441 matches
0,6 has an additional 441 matches
0,7 has an additional 468 matches
0,8 has an additional 486 matches
0,9 has an additional 483 matches
1,0 has an additional 514 matches
1,1 has an additional 375 matches
1,2 has an additional 507 matches
1,3 has an additional 519 matches
1,4 has an additional 518 matches
1,5 has an additional 486 matches
1,6 has an additional 486 matches
1,7 has an additional 500 matches
1,8 has an additional 519 matches
1,9 has an additional 517 matches
2,0 has an additional 511 matches
2,1 has an additional 381 matches
2,2 has an additional 511 matches
2,3 has an additional 493 matches
2,4 has an additional 504 matches
2,5 has an additional 489 matches
2,6 has an additional 489 matches
2,7 has an additional 509 matches
2,8 has an additional 510 matches
2,9 has an additional 509 matches
3,0 has an additional 502 matches
3,1 has an additional 369 matches
3,2 has an additional 497 matches
3,3 has an additional 490 matches
3,4 has an additional 488 matches
3,5 has an additional 481 matches
3,6 has an additional 481 matches
3,7 has an additional 504 matches
3,8 has an additional 506 matches
3,9 has an additional 506 matches
4,0 has an additional 502 matches
4,1 has an additional 367 matches
4,2 has an additional 496 matches
4,3 has an additional 489 matches
4,4 has an additional 487 matches
4,5 has an additional 484 matches
4,6 has an additional 484 matches
4,7 has an additional 503 matches
4,8 has an additional 507 matches
4,9 has an additional 507 matches
5,0 has an additional 484 matches
5,1 has an additional 359 matches
5,2 has an additional 480 matches
5,3 has an additional 478 matches
5,4 has an additional 475 matches
5,5 has an additional 468 matches
5,6 has an additional 468 matches
5,7 has an additional 504 matches
5,8 has an additional 505 matches
5,9 has an additional 503 matches
6,0 has an additional 497 matches
6,1 has an additional 374 matches
6,2 has an additional 502 matches
6,3 has an additional 517 matches
6,4 has an additional 510 matches
6,5 has an additional 481 matches
6,6 has an additional 481 matches
6,7 has an additional 504 matches
6,8 has an additional 523 matches
6,9 has an additional 520 matches
7,0 has an additional 470 matches
7,1 has an additional 361 matches
7,2 has an additional 469 matches
7,3 has an additional 479 matches
7,4 has an additional 467 matches
7,5 has an additional 466 matches
7,6 has an additional 466 matches
7,7 has an additional 473 matches
7,8 has an additional 488 matches
7,9 has an additional 492 matches
8,0 has an additional 446 matches
8,1 has an additional 351 matches
8,2 has an additional 463 matches
8,3 has an additional 463 matches
8,4 has an additional 474 matches
8,5 has an additional 438 matches
8,6 has an additional 438 matches
8,7 has an additional 446 matches
8,8 has an additional 476 matches
8,9 has an additional 477 matches
9,0 has an additional 485 matches
9,1 has an additional 347 matches
9,2 has an additional 467 matches
9,3 has an additional 477 matches
9,4 has an additional 470 matches
9,5 has an additional 457 matches
9,6 has an additional 457 matches
9,7 has an additional 478 matches
9,8 has an additional 496 matches
9,9 has an additional 496 matches
10,0 has an additional 521 matches
10,1 has an additional 355 matches
10,2 has an additional 497 matches
10,3 has an additional 525 matches
10,4 has an additional 505 matches
10,5 has an additional 472 matches
10,6 has an additional 472 matches
10,7 has an additional 508 matches
10,8 has an additional 527 matches
10,9 has an additional 520 matches
11,0 has an additional 526 matches
11,1 has an additional 357 matches
11,2 has an additional 498 matches
11,3 has an additional 524 matches
11,4 has an additional 501 matches
11,5 has an additional 472 matches
11,6 has an additional 472 matches
11,7 has an additional 503 matches
11,8 has an additional 527 matches
11,9 has an additional 520 matches
12,0 has an additional 535 matches
12,1 has an additional 364 matches
12,2 has an additional 502 matches
12,3 has an additional 500 matches
12,4 has an additional 487 matches
12,5 has an additional 486 matches
12,6 has an additional 486 matches
12,7 has an additional 492 matches
12,8 has an additional 502 matches
12,9 has an additional 500 matches
13,0 has an additional 531 matches
13,1 has an additional 355 matches
13,2 has an additional 512 matches
13,3 has an additional 515 matches
13,4 has an additional 495 matches
13,5 has an additional 482 matches
13,6 has an additional 482 matches
13,7 has an additional 490 matches
13,8 has an additional 510 matches
13,9 has an additional 503 matches
14,0 has an additional 535 matches
14,1 has an additional 364 matches
14,2 has an additional 505 matches
14,3 has an additional 503 matches
14,4 has an additional 488 matches
14,5 has an additional 484 matches
14,6 has an additional 484 matches
14,7 has an additional 491 matches
14,8 has an additional 504 matches
14,9 has an additional 503 matches
15,0 has an additional 537 matches
15,1 has an additional 366 matches
15,2 has an additional 507 matches
15,3 has an additional 505 matches
15,4 has an additional 490 matches
15,5 has an additional 484 matches
15,6 has an additional 484 matches
15,7 has an additional 491 matches
15,8 has an additional 504 matches
15,9 has an additional 502 matches
16,0 has an additional 535 matches
16,1 has an additional 364 matches
16,2 has an additional 505 matches
16,3 has an additional 503 matches
16,4 has an additional 488 matches
16,5 has an additional 484 matches
16,6 has an additional 484 matches
16,7 has an additional 491 matches
16,8 has an additional 504 matches
16,9 has an additional 503 matches
Restoring backed up alignment tree...
24,5 has 486 pairwise matches
24,1 has 370 pairwise matches
24,0 has 471 pairwise matches
24,6 has 479 pairwise matches
24,7 has 476 pairwise matches
24,16 has 441 pairwise matches
24,25 has 441 pairwise matches
24,20 has 468 pairwise matches
24,15 has 486 pairwise matches
24,26 has 483 pairwise matches
2,5 has 514 pairwise matches
2,1 has 375 pairwise matches
2,0 has 507 pairwise matches
2,6 has 519 pairwise matches
2,7 has 518 pairwise matches
2,16 has 486 pairwise matches
2,25 has 486 pairwise matches
2,20 has 500 pairwise matches
2,15 has 519 pairwise matches
2,26 has 517 pairwise matches
10,5 has 511 pairwise matches
10,1 has 381 pairwise matches
10,0 has 511 pairwise matches
10,6 has 493 pairwise matches
10,7 has 504 pairwise matches
10,16 has 489 pairwise matches
10,25 has 489 pairwise matches
10,20 has 509 pairwise matches
10,15 has 510 pairwise matches
10,26 has 509 pairwise matches
11,5 has 502 pairwise matches
11,1 has 369 pairwise matches
11,0 has 497 pairwise matches
11,6 has 490 pairwise matches
11,7 has 488 pairwise matches
11,16 has 481 pairwise matches
11,25 has 481 pairwise matches
11,20 has 504 pairwise matches
11,15 has 506 pairwise matches
11,26 has 506 pairwise matches
18,5 has 502 pairwise matches
18,1 has 367 pairwise matches
18,0 has 496 pairwise matches
18,6 has 489 pairwise matches
18,7 has 487 pairwise matches
18,16 has 484 pairwise matches
18,25 has 484 pairwise matches
18,20 has 503 pairwise matches
18,15 has 507 pairwise matches
18,26 has 507 pairwise matches
3,5 has 484 pairwise matches
3,1 has 359 pairwise matches
3,0 has 480 pairwise matches
3,6 has 478 pairwise matches
3,7 has 475 pairwise matches
3,16 has 468 pairwise matches
3,25 has 468 pairwise matches
3,20 has 504 pairwise matches
3,15 has 505 pairwise matches
3,26 has 503 pairwise matches
19,5 has 497 pairwise matches
19,1 has 374 pairwise matches
19,0 has 502 pairwise matches
19,6 has 517 pairwise matches
19,7 has 510 pairwise matches
19,16 has 481 pairwise matches
19,25 has 481 pairwise matches
19,20 has 504 pairwise matches
19,15 has 523 pairwise matches
19,26 has 520 pairwise matches
13,5 has 470 pairwise matches
13,1 has 361 pairwise matches
13,0 has 469 pairwise matches
13,6 has 479 pairwise matches
13,7 has 467 pairwise matches
13,16 has 466 pairwise matches
13,25 has 466 pairwise matches
13,20 has 473 pairwise matches
13,15 has 488 pairwise matches
13,26 has 492 pairwise matches
17,5 has 446 pairwise matches
17,1 has 351 pairwise matches
17,0 has 463 pairwise matches
17,6 has 463 pairwise matches
17,7 has 474 pairwise matches
17,16 has 438 pairwise matches
17,25 has 438 pairwise matches
17,20 has 446 pairwise matches
17,15 has 476 pairwise matches
17,26 has 477 pairwise matches
22,5 has 485 pairwise matches
22,1 has 347 pairwise matches
22,0 has 467 pairwise matches
22,6 has 477 pairwise matches
22,7 has 470 pairwise matches
22,16 has 457 pairwise matches
22,25 has 457 pairwise matches
22,20 has 478 pairwise matches
22,15 has 496 pairwise matches
22,26 has 496 pairwise matches
4,5 has 521 pairwise matches
4,1 has 355 pairwise matches
4,0 has 497 pairwise matches
4,6 has 525 pairwise matches
4,7 has 505 pairwise matches
4,16 has 472 pairwise matches
4,25 has 472 pairwise matches
4,20 has 508 pairwise matches
4,15 has 527 pairwise matches
4,26 has 520 pairwise matches
8,5 has 526 pairwise matches
8,1 has 357 pairwise matches
8,0 has 498 pairwise matches
8,6 has 524 pairwise matches
8,7 has 501 pairwise matches
8,16 has 472 pairwise matches
8,25 has 472 pairwise matches
8,20 has 503 pairwise matches
8,15 has 527 pairwise matches
8,26 has 520 pairwise matches
14,5 has 535 pairwise matches
14,1 has 364 pairwise matches
14,0 has 502 pairwise matches
14,6 has 500 pairwise matches
14,7 has 487 pairwise matches
14,16 has 486 pairwise matches
14,25 has 486 pairwise matches
14,20 has 492 pairwise matches
14,15 has 502 pairwise matches
14,26 has 500 pairwise matches
23,5 has 531 pairwise matches
23,1 has 355 pairwise matches
23,0 has 512 pairwise matches
23,6 has 515 pairwise matches
23,7 has 495 pairwise matches
23,16 has 482 pairwise matches
23,25 has 482 pairwise matches
23,20 has 490 pairwise matches
23,15 has 510 pairwise matches
23,26 has 503 pairwise matches
21,5 has 535 pairwise matches
21,1 has 364 pairwise matches
21,0 has 505 pairwise matches
21,6 has 503 pairwise matches
21,7 has 488 pairwise matches
21,16 has 484 pairwise matches
21,25 has 484 pairwise matches
21,20 has 491 pairwise matches
21,15 has 504 pairwise matches
21,26 has 503 pairwise matches
12,5 has 537 pairwise matches
12,1 has 366 pairwise matches
12,0 has 507 pairwise matches
12,6 has 505 pairwise matches
12,7 has 490 pairwise matches
12,16 has 484 pairwise matches
12,25 has 484 pairwise matches
12,20 has 491 pairwise matches
12,15 has 504 pairwise matches
12,26 has 502 pairwise matches
9,5 has 535 pairwise matches
9,1 has 364 pairwise matches
9,0 has 505 pairwise matches
9,6 has 503 pairwise matches
9,7 has 488 pairwise matches
9,16 has 484 pairwise matches
9,25 has 484 pairwise matches
9,20 has 491 pairwise matches
9,15 has 504 pairwise matches
9,26 has 503 pairwise matches
Performing Sum-of-pairs Greedy Breakpoint Elimination
construct LCB tracking matches
There are 1158 tracking matches
There are 56199 / 61374 components used
init tracking match LCB tracking
pairwise score tracking matches
get pairwise LCBs
there are 73924 pairwise LCBs
scaling bp penalty by conservation weight:
0.505908	0.506056	0.449929	0.454516	0.455077	0.504075	0.504061	0.453952	0.459747	0.458912
0.477689	0.504145	0.429415	0.447277	0.432841	0.473784	0.474841	0.427504	0.438017	0.43722
0.473875	0.490746	0.40775	0.424423	0.415417	0.484311	0.484307	0.433949	0.426466	0.426074
0.472822	0.502836	0.424186	0.437247	0.426614	0.482574	0.481985	0.448226	0.445281	0.445715
0.471731	0.502427	0.423642	0.436812	0.425989	0.483309	0.482719	0.448603	0.445802	0.446117
0.467391	0.500638	0.417653	0.429319	0.423837	0.476397	0.476922	0.430564	0.433915	0.433907
0.470658	0.495346	0.416259	0.432572	0.423576	0.469338	0.469101	0.426444	0.433391	0.434296
0.511586	0.520742	0.458349	0.465126	0.463314	0.504945	0.504767	0.46812	0.468626	0.468587
0.518127	0.49921	0.441948	0.453228	0.446644	0.504414	0.504687	0.46711	0.451258	0.452742
0.511917	0.528593	0.462727	0.472763	0.475324	0.504969	0.504621	0.469792	0.479618	0.477973
0.501108	0.516839	0.452495	0.461768	0.457178	0.492389	0.491715	0.453732	0.462931	0.462361
0.50201	0.518073	0.452888	0.462833	0.457924	0.492457	0.49158	0.455093	0.462443	0.461698
0.498108	0.512264	0.449966	0.454017	0.453241	0.492344	0.491765	0.457522	0.458623	0.45842
0.498191	0.51575	0.448597	0.453446	0.454011	0.493946	0.493367	0.457944	0.45759	0.457672
0.498191	0.51575	0.448597	0.453446	0.454011	0.493946	0.493367	0.457944	0.45759	0.457672
0.499174	0.516106	0.449571	0.454377	0.454999	0.493583	0.493004	0.457584	0.457798	0.457827
0.498191	0.51575	0.448597	0.453446	0.454011	0.493946	0.493367	0.457944	0.45759	0.457672


scaling bp penalty by bp weight: 
0.9	0.9	0.9	0.9	0.9	0.9	0.9	0.9	0.9	0.9
0.9	0.9	0.9	0.9	0.9	0.9	0.9	0.9	0.9	0.9
0.9	0.9	0.9	0.9	0.9	0.9	0.9	0.9	0.9	0.9
0.9	0.9	0.9	0.9	0.9	0.9	0.9	0.9	0.9	0.9
0.9	0.9	0.9	0.9	0.9	0.9	0.9	0.9	0.9	0.9
0.9	0.9	0.9	0.9	0.9	0.9	0.9	0.9	0.9	0.9
0.9	0.9	0.9	0.9	0.9	0.9	0.9	0.9	0.9	0.9
0.9	0.9	0.9	0.9	0.9	0.9	0.9	0.9	0.9	0.9
0.9	0.9	0.9	0.9	0.9	0.9	0.9	0.9	0.9	0.9
0.9	0.9	0.9	0.9	0.9	0.9	0.9	0.9	0.9	0.9
0.9	0.9	0.9	0.9	0.9	0.9	0.9	0.9	0.9	0.9
0.9	0.9	0.9	0.9	0.9	0.9	0.9	0.9	0.9	0.9
0.9	0.9	0.9	0.9	0.9	0.9	0.9	0.9	0.9	0.9
0.9	0.9	0.9	0.9	0.9	0.9	0.9	0.9	0.9	0.9
0.9	0.9	0.9	0.9	0.9	0.9	0.9	0.9	0.9	0.9
0.9	0.9	0.9	0.9	0.9	0.9	0.9	0.9	0.9	0.9
0.9	0.9	0.9	0.9	0.9	0.9	0.9	0.9	0.9	0.9

Greedy BPE
Scoring with scaled breakpoint penalty: 4000
done
Arrived at 7 intervals
Adding unaligned intervals
addUnalignedIntervals yields 22 intervals
Merging unaligned intervals
Marbling gaps
Propagating descendant breakpoints
descendant 0(15) has 22 intervals
descendant 1(29) has 1 intervals
propagateDescendantBreakpoints yields 28 intervals
Creating ancestral ordering
Previous anchoring score: 1.47012e+07, new anchor score: 1.76136e+08
Backing up alignment tree...
propagating ancestral breakpoints
recursive anchor search
0,0 have 126 new matches outside LCBs
0,1 have 94 new matches outside LCBs
0,2 have 68 new matches outside LCBs
0,3 have 61 new matches outside LCBs
0,4 have 61 new matches outside LCBs
0,5 have 53 new matches outside LCBs
0,6 have 55 new matches outside LCBs
0,7 have 66 new matches outside LCBs
0,8 have 52 new matches outside LCBs
0,9 have 53 new matches outside LCBs
1,0 have 116 new matches outside LCBs
1,1 have 105 new matches outside LCBs
1,2 have 63 new matches outside LCBs
1,3 have 63 new matches outside LCBs
1,4 have 62 new matches outside LCBs
1,5 have 46 new matches outside LCBs
1,6 have 46 new matches outside LCBs
1,7 have 62 new matches outside LCBs
1,8 have 54 new matches outside LCBs
1,9 have 55 new matches outside LCBs
2,0 have 120 new matches outside LCBs
2,1 have 72 new matches outside LCBs
2,2 have 59 new matches outside LCBs
2,3 have 51 new matches outside LCBs
2,4 have 55 new matches outside LCBs
2,5 have 53 new matches outside LCBs
2,6 have 53 new matches outside LCBs
2,7 have 54 new matches outside LCBs
2,8 have 37 new matches outside LCBs
2,9 have 38 new matches outside LCBs
3,0 have 123 new matches outside LCBs
3,1 have 120 new matches outside LCBs
3,2 have 72 new matches outside LCBs
3,3 have 60 new matches outside LCBs
3,4 have 62 new matches outside LCBs
3,5 have 57 new matches outside LCBs
3,6 have 56 new matches outside LCBs
3,7 have 55 new matches outside LCBs
3,8 have 63 new matches outside LCBs
3,9 have 62 new matches outside LCBs
4,0 have 126 new matches outside LCBs
4,1 have 121 new matches outside LCBs
4,2 have 73 new matches outside LCBs
4,3 have 59 new matches outside LCBs
4,4 have 61 new matches outside LCBs
4,5 have 58 new matches outside LCBs
4,6 have 57 new matches outside LCBs
4,7 have 54 new matches outside LCBs
4,8 have 64 new matches outside LCBs
4,9 have 63 new matches outside LCBs
5,0 have 100 new matches outside LCBs
5,1 have 111 new matches outside LCBs
5,2 have 75 new matches outside LCBs
5,3 have 75 new matches outside LCBs
5,4 have 73 new matches outside LCBs
5,5 have 68 new matches outside LCBs
5,6 have 68 new matches outside LCBs
5,7 have 74 new matches outside LCBs
5,8 have 68 new matches outside LCBs
5,9 have 67 new matches outside LCBs
6,0 have 133 new matches outside LCBs
6,1 have 104 new matches outside LCBs
6,2 have 71 new matches outside LCBs
6,3 have 68 new matches outside LCBs
6,4 have 66 new matches outside LCBs
6,5 have 46 new matches outside LCBs
6,6 have 45 new matches outside LCBs
6,7 have 62 new matches outside LCBs
6,8 have 57 new matches outside LCBs
6,9 have 57 new matches outside LCBs
7,0 have 129 new matches outside LCBs
7,1 have 99 new matches outside LCBs
7,2 have 78 new matches outside LCBs
7,3 have 70 new matches outside LCBs
7,4 have 68 new matches outside LCBs
7,5 have 44 new matches outside LCBs
7,6 have 43 new matches outside LCBs
7,7 have 56 new matches outside LCBs
7,8 have 57 new matches outside LCBs
7,9 have 55 new matches outside LCBs
8,0 have 131 new matches outside LCBs
8,1 have 61 new matches outside LCBs
8,2 have 57 new matches outside LCBs
8,3 have 58 new matches outside LCBs
8,4 have 60 new matches outside LCBs
8,5 have 40 new matches outside LCBs
8,6 have 41 new matches outside LCBs
8,7 have 61 new matches outside LCBs
8,8 have 49 new matches outside LCBs
8,9 have 48 new matches outside LCBs
9,0 have 122 new matches outside LCBs
9,1 have 109 new matches outside LCBs
9,2 have 70 new matches outside LCBs
9,3 have 66 new matches outside LCBs
9,4 have 64 new matches outside LCBs
9,5 have 66 new matches outside LCBs
9,6 have 65 new matches outside LCBs
9,7 have 57 new matches outside LCBs
9,8 have 61 new matches outside LCBs
9,9 have 60 new matches outside LCBs
10,0 have 101 new matches outside LCBs
10,1 have 121 new matches outside LCBs
10,2 have 80 new matches outside LCBs
10,3 have 69 new matches outside LCBs
10,4 have 69 new matches outside LCBs
10,5 have 87 new matches outside LCBs
10,6 have 84 new matches outside LCBs
10,7 have 77 new matches outside LCBs
10,8 have 74 new matches outside LCBs
10,9 have 74 new matches outside LCBs
11,0 have 103 new matches outside LCBs
11,1 have 121 new matches outside LCBs
11,2 have 79 new matches outside LCBs
11,3 have 68 new matches outside LCBs
11,4 have 69 new matches outside LCBs
11,5 have 88 new matches outside LCBs
11,6 have 85 new matches outside LCBs
11,7 have 77 new matches outside LCBs
11,8 have 72 new matches outside LCBs
11,9 have 72 new matches outside LCBs
12,0 have 99 new matches outside LCBs
12,1 have 117 new matches outside LCBs
12,2 have 76 new matches outside LCBs
12,3 have 66 new matches outside LCBs
12,4 have 65 new matches outside LCBs
12,5 have 85 new matches outside LCBs
12,6 have 85 new matches outside LCBs
12,7 have 78 new matches outside LCBs
12,8 have 75 new matches outside LCBs
12,9 have 74 new matches outside LCBs
13,0 have 98 new matches outside LCBs
13,1 have 124 new matches outside LCBs
13,2 have 72 new matches outside LCBs
13,3 have 71 new matches outside LCBs
13,4 have 70 new matches outside LCBs
13,5 have 82 new matches outside LCBs
13,6 have 81 new matches outside LCBs
13,7 have 75 new matches outside LCBs
13,8 have 76 new matches outside LCBs
13,9 have 74 new matches outside LCBs
14,0 have 99 new matches outside LCBs
14,1 have 119 new matches outside LCBs
14,2 have 74 new matches outside LCBs
14,3 have 69 new matches outside LCBs
14,4 have 68 new matches outside LCBs
14,5 have 84 new matches outside LCBs
14,6 have 84 new matches outside LCBs
14,7 have 79 new matches outside LCBs
14,8 have 76 new matches outside LCBs
14,9 have 75 new matches outside LCBs
15,0 have 99 new matches outside LCBs
15,1 have 118 new matches outside LCBs
15,2 have 74 new matches outside LCBs
15,3 have 69 new matches outside LCBs
15,4 have 68 new matches outside LCBs
15,5 have 85 new matches outside LCBs
15,6 have 85 new matches outside LCBs
15,7 have 79 new matches outside LCBs
15,8 have 76 new matches outside LCBs
15,9 have 75 new matches outside LCBs
16,0 have 99 new matches outside LCBs
16,1 have 119 new matches outside LCBs
16,2 have 74 new matches outside LCBs
16,3 have 69 new matches outside LCBs
16,4 have 68 new matches outside LCBs
16,5 have 84 new matches outside LCBs
16,6 have 84 new matches outside LCBs
16,7 have 79 new matches outside LCBs
16,8 have 76 new matches outside LCBs
16,9 have 75 new matches outside LCBs
0,0 has an additional 187 matches
0,1 has an additional 149 matches
0,2 has an additional 130 matches
0,3 has an additional 121 matches
0,4 has an additional 117 matches
0,5 has an additional 101 matches
0,6 has an additional 102 matches
0,7 has an additional 150 matches
0,8 has an additional 125 matches
0,9 has an additional 128 matches
1,0 has an additional 182 matches
1,1 has an additional 157 matches
1,2 has an additional 130 matches
1,3 has an additional 126 matches
1,4 has an additional 126 matches
1,5 has an additional 110 matches
1,6 has an additional 109 matches
1,7 has an additional 160 matches
1,8 has an additional 153 matches
1,9 has an additional 152 matches
2,0 has an additional 187 matches
2,1 has an additional 123 matches
2,2 has an additional 126 matches
2,3 has an additional 113 matches
2,4 has an additional 119 matches
2,5 has an additional 120 matches
2,6 has an additional 119 matches
2,7 has an additional 155 matches
2,8 has an additional 121 matches
2,9 has an additional 119 matches
3,0 has an additional 186 matches
3,1 has an additional 171 matches
3,2 has an additional 136 matches
3,3 has an additional 127 matches
3,4 has an additional 126 matches
3,5 has an additional 115 matches
3,6 has an additional 116 matches
3,7 has an additional 152 matches
3,8 has an additional 156 matches
3,9 has an additional 153 matches
4,0 has an additional 189 matches
4,1 has an additional 172 matches
4,2 has an additional 137 matches
4,3 has an additional 126 matches
4,4 has an additional 125 matches
4,5 has an additional 116 matches
4,6 has an additional 117 matches
4,7 has an additional 151 matches
4,8 has an additional 157 matches
4,9 has an additional 154 matches
5,0 has an additional 163 matches
5,1 has an additional 167 matches
5,2 has an additional 137 matches
5,3 has an additional 144 matches
5,4 has an additional 141 matches
5,5 has an additional 129 matches
5,6 has an additional 129 matches
5,7 has an additional 175 matches
5,8 has an additional 158 matches
5,9 has an additional 155 matches
6,0 has an additional 197 matches
6,1 has an additional 154 matches
6,2 has an additional 135 matches
6,3 has an additional 135 matches
6,4 has an additional 128 matches
6,5 has an additional 109 matches
6,6 has an additional 107 matches
6,7 has an additional 167 matches
6,8 has an additional 139 matches
6,9 has an additional 138 matches
7,0 has an additional 187 matches
7,1 has an additional 154 matches
7,2 has an additional 135 matches
7,3 has an additional 132 matches
7,4 has an additional 128 matches
7,5 has an additional 96 matches
7,6 has an additional 94 matches
7,7 has an additional 134 matches
7,8 has an additional 133 matches
7,9 has an additional 130 matches
8,0 has an additional 195 matches
8,1 has an additional 109 matches
8,2 has an additional 113 matches
8,3 has an additional 111 matches
8,4 has an additional 118 matches
8,5 has an additional 90 matches
8,6 has an additional 90 matches
8,7 has an additional 134 matches
8,8 has an additional 121 matches
8,9 has an additional 121 matches
9,0 has an additional 176 matches
9,1 has an additional 156 matches
9,2 has an additional 123 matches
9,3 has an additional 122 matches
9,4 has an additional 114 matches
9,5 has an additional 121 matches
9,6 has an additional 119 matches
9,7 has an additional 139 matches
9,8 has an additional 140 matches
9,9 has an additional 139 matches
10,0 has an additional 190 matches
10,1 has an additional 180 matches
10,2 has an additional 156 matches
10,3 has an additional 138 matches
10,4 has an additional 138 matches
10,5 has an additional 155 matches
10,6 has an additional 149 matches
10,7 has an additional 175 matches
10,8 has an additional 164 matches
10,9 has an additional 164 matches
11,0 has an additional 191 matches
11,1 has an additional 180 matches
11,2 has an additional 155 matches
11,3 has an additional 137 matches
11,4 has an additional 138 matches
11,5 has an additional 155 matches
11,6 has an additional 149 matches
11,7 has an additional 175 matches
11,8 has an additional 162 matches
11,9 has an additional 162 matches
12,0 has an additional 188 matches
12,1 has an additional 171 matches
12,2 has an additional 152 matches
12,3 has an additional 145 matches
12,4 has an additional 139 matches
12,5 has an additional 155 matches
12,6 has an additional 154 matches
12,7 has an additional 180 matches
12,8 has an additional 168 matches
12,9 has an additional 166 matches
13,0 has an additional 190 matches
13,1 has an additional 183 matches
13,2 has an additional 150 matches
13,3 has an additional 145 matches
13,4 has an additional 146 matches
13,5 has an additional 150 matches
13,6 has an additional 147 matches
13,7 has an additional 174 matches
13,8 has an additional 163 matches
13,9 has an additional 160 matches
14,0 has an additional 187 matches
14,1 has an additional 174 matches
14,2 has an additional 150 matches
14,3 has an additional 147 matches
14,4 has an additional 143 matches
14,5 has an additional 152 matches
14,6 has an additional 151 matches
14,7 has an additional 179 matches
14,8 has an additional 168 matches
14,9 has an additional 166 matches
15,0 has an additional 188 matches
15,1 has an additional 173 matches
15,2 has an additional 150 matches
15,3 has an additional 147 matches
15,4 has an additional 143 matches
15,5 has an additional 153 matches
15,6 has an additional 152 matches
15,7 has an additional 179 matches
15,8 has an additional 168 matches
15,9 has an additional 166 matches
16,0 has an additional 187 matches
16,1 has an additional 174 matches
16,2 has an additional 150 matches
16,3 has an additional 147 matches
16,4 has an additional 143 matches
16,5 has an additional 152 matches
16,6 has an additional 151 matches
16,7 has an additional 179 matches
16,8 has an additional 168 matches
16,9 has an additional 166 matches
Restoring backed up alignment tree...
24,5 has 187 pairwise matches
24,1 has 149 pairwise matches
24,0 has 130 pairwise matches
24,6 has 121 pairwise matches
24,7 has 117 pairwise matches
24,16 has 101 pairwise matches
24,25 has 102 pairwise matches
24,20 has 150 pairwise matches
24,15 has 125 pairwise matches
24,26 has 128 pairwise matches
2,5 has 182 pairwise matches
2,1 has 157 pairwise matches
2,0 has 130 pairwise matches
2,6 has 126 pairwise matches
2,7 has 126 pairwise matches
2,16 has 110 pairwise matches
2,25 has 109 pairwise matches
2,20 has 160 pairwise matches
2,15 has 153 pairwise matches
2,26 has 152 pairwise matches
10,5 has 187 pairwise matches
10,1 has 123 pairwise matches
10,0 has 126 pairwise matches
10,6 has 113 pairwise matches
10,7 has 119 pairwise matches
10,16 has 120 pairwise matches
10,25 has 119 pairwise matches
10,20 has 155 pairwise matches
10,15 has 121 pairwise matches
10,26 has 119 pairwise matches
11,5 has 186 pairwise matches
11,1 has 171 pairwise matches
11,0 has 136 pairwise matches
11,6 has 127 pairwise matches
11,7 has 126 pairwise matches
11,16 has 115 pairwise matches
11,25 has 116 pairwise matches
11,20 has 152 pairwise matches
11,15 has 156 pairwise matches
11,26 has 153 pairwise matches
18,5 has 189 pairwise matches
18,1 has 172 pairwise matches
18,0 has 137 pairwise matches
18,6 has 126 pairwise matches
18,7 has 125 pairwise matches
18,16 has 116 pairwise matches
18,25 has 117 pairwise matches
18,20 has 151 pairwise matches
18,15 has 157 pairwise matches
18,26 has 154 pairwise matches
3,5 has 163 pairwise matches
3,1 has 167 pairwise matches
3,0 has 137 pairwise matches
3,6 has 144 pairwise matches
3,7 has 141 pairwise matches
3,16 has 129 pairwise matches
3,25 has 129 pairwise matches
3,20 has 175 pairwise matches
3,15 has 158 pairwise matches
3,26 has 155 pairwise matches
19,5 has 197 pairwise matches
19,1 has 154 pairwise matches
19,0 has 135 pairwise matches
19,6 has 135 pairwise matches
19,7 has 128 pairwise matches
19,16 has 109 pairwise matches
19,25 has 107 pairwise matches
19,20 has 167 pairwise matches
19,15 has 139 pairwise matches
19,26 has 138 pairwise matches
13,5 has 187 pairwise matches
13,1 has 154 pairwise matches
13,0 has 135 pairwise matches
13,6 has 132 pairwise matches
13,7 has 128 pairwise matches
13,16 has 96 pairwise matches
13,25 has 94 pairwise matches
13,20 has 134 pairwise matches
13,15 has 133 pairwise matches
13,26 has 130 pairwise matches
17,5 has 195 pairwise matches
17,1 has 109 pairwise matches
17,0 has 113 pairwise matches
17,6 has 111 pairwise matches
17,7 has 118 pairwise matches
17,16 has 90 pairwise matches
17,25 has 90 pairwise matches
17,20 has 134 pairwise matches
17,15 has 121 pairwise matches
17,26 has 121 pairwise matches
22,5 has 176 pairwise matches
22,1 has 156 pairwise matches
22,0 has 123 pairwise matches
22,6 has 122 pairwise matches
22,7 has 114 pairwise matches
22,16 has 121 pairwise matches
22,25 has 119 pairwise matches
22,20 has 139 pairwise matches
22,15 has 140 pairwise matches
22,26 has 139 pairwise matches
4,5 has 190 pairwise matches
4,1 has 180 pairwise matches
4,0 has 156 pairwise matches
4,6 has 138 pairwise matches
4,7 has 138 pairwise matches
4,16 has 155 pairwise matches
4,25 has 149 pairwise matches
4,20 has 175 pairwise matches
4,15 has 164 pairwise matches
4,26 has 164 pairwise matches
8,5 has 191 pairwise matches
8,1 has 180 pairwise matches
8,0 has 155 pairwise matches
8,6 has 137 pairwise matches
8,7 has 138 pairwise matches
8,16 has 155 pairwise matches
8,25 has 149 pairwise matches
8,20 has 175 pairwise matches
8,15 has 162 pairwise matches
8,26 has 162 pairwise matches
14,5 has 188 pairwise matches
14,1 has 171 pairwise matches
14,0 has 152 pairwise matches
14,6 has 145 pairwise matches
14,7 has 139 pairwise matches
14,16 has 155 pairwise matches
14,25 has 154 pairwise matches
14,20 has 180 pairwise matches
14,15 has 168 pairwise matches
14,26 has 166 pairwise matches
23,5 has 190 pairwise matches
23,1 has 183 pairwise matches
23,0 has 150 pairwise matches
23,6 has 145 pairwise matches
23,7 has 146 pairwise matches
23,16 has 150 pairwise matches
23,25 has 147 pairwise matches
23,20 has 174 pairwise matches
23,15 has 163 pairwise matches
23,26 has 160 pairwise matches
21,5 has 187 pairwise matches
21,1 has 174 pairwise matches
21,0 has 150 pairwise matches
21,6 has 147 pairwise matches
21,7 has 143 pairwise matches
21,16 has 152 pairwise matches
21,25 has 151 pairwise matches
21,20 has 179 pairwise matches
21,15 has 168 pairwise matches
21,26 has 166 pairwise matches
12,5 has 188 pairwise matches
12,1 has 173 pairwise matches
12,0 has 150 pairwise matches
12,6 has 147 pairwise matches
12,7 has 143 pairwise matches
12,16 has 153 pairwise matches
12,25 has 152 pairwise matches
12,20 has 179 pairwise matches
12,15 has 168 pairwise matches
12,26 has 166 pairwise matches
9,5 has 187 pairwise matches
9,1 has 174 pairwise matches
9,0 has 150 pairwise matches
9,6 has 147 pairwise matches
9,7 has 143 pairwise matches
9,16 has 152 pairwise matches
9,25 has 151 pairwise matches
9,20 has 179 pairwise matches
9,15 has 168 pairwise matches
9,26 has 166 pairwise matches
Performing Sum-of-pairs Greedy Breakpoint Elimination
construct LCB tracking matches
There are 1069 tracking matches
There are 49990 / 56657 components used
init tracking match LCB tracking
pairwise score tracking matches
get pairwise LCBs
there are 39187 pairwise LCBs
scaling bp penalty by conservation weight:
0.505908	0.506056	0.449929	0.454516	0.455077	0.504075	0.504061	0.453952	0.459747	0.458912
0.477689	0.504145	0.429415	0.447277	0.432841	0.473784	0.474841	0.427504	0.438017	0.43722
0.473875	0.490746	0.40775	0.424423	0.415417	0.484311	0.484307	0.433949	0.426466	0.426074
0.472822	0.502836	0.424186	0.437247	0.426614	0.482574	0.481985	0.448226	0.445281	0.445715
0.471731	0.502427	0.423642	0.436812	0.425989	0.483309	0.482719	0.448603	0.445802	0.446117
0.467391	0.500638	0.417653	0.429319	0.423837	0.476397	0.476922	0.430564	0.433915	0.433907
0.470658	0.495346	0.416259	0.432572	0.423576	0.469338	0.469101	0.426444	0.433391	0.434296
0.511586	0.520742	0.458349	0.465126	0.463314	0.504945	0.504767	0.46812	0.468626	0.468587
0.518127	0.49921	0.441948	0.453228	0.446644	0.504414	0.504687	0.46711	0.451258	0.452742
0.511917	0.528593	0.462727	0.472763	0.475324	0.504969	0.504621	0.469792	0.479618	0.477973
0.501108	0.516839	0.452495	0.461768	0.457178	0.492389	0.491715	0.453732	0.462931	0.462361
0.50201	0.518073	0.452888	0.462833	0.457924	0.492457	0.49158	0.455093	0.462443	0.461698
0.498108	0.512264	0.449966	0.454017	0.453241	0.492344	0.491765	0.457522	0.458623	0.45842
0.498191	0.51575	0.448597	0.453446	0.454011	0.493946	0.493367	0.457944	0.45759	0.457672
0.498191	0.51575	0.448597	0.453446	0.454011	0.493946	0.493367	0.457944	0.45759	0.457672
0.499174	0.516106	0.449571	0.454377	0.454999	0.493583	0.493004	0.457584	0.457798	0.457827
0.498191	0.51575	0.448597	0.453446	0.454011	0.493946	0.493367	0.457944	0.45759	0.457672


scaling bp penalty by bp weight: 
0.9	0.9	0.9	0.9	0.9	0.9	0.9	0.9	0.9	0.9
0.9	0.9	0.9	0.9	0.9	0.9	0.9	0.9	0.9	0.9
0.9	0.9	0.9	0.9	0.9	0.9	0.9	0.9	0.9	0.9
0.9	0.9	0.9	0.9	0.9	0.9	0.9	0.9	0.9	0.9
0.9	0.9	0.9	0.9	0.9	0.9	0.9	0.9	0.9	0.9
0.9	0.9	0.9	0.9	0.9	0.9	0.9	0.9	0.9	0.9
0.9	0.9	0.9	0.9	0.9	0.9	0.9	0.9	0.9	0.9
0.9	0.9	0.9	0.9	0.9	0.9	0.9	0.9	0.9	0.9
0.9	0.9	0.9	0.9	0.9	0.9	0.9	0.9	0.9	0.9
0.9	0.9	0.9	0.9	0.9	0.9	0.9	0.9	0.9	0.9
0.9	0.9	0.9	0.9	0.9	0.9	0.9	0.9	0.9	0.9
0.9	0.9	0.9	0.9	0.9	0.9	0.9	0.9	0.9	0.9
0.9	0.9	0.9	0.9	0.9	0.9	0.9	0.9	0.9	0.9
0.9	0.9	0.9	0.9	0.9	0.9	0.9	0.9	0.9	0.9
0.9	0.9	0.9	0.9	0.9	0.9	0.9	0.9	0.9	0.9
0.9	0.9	0.9	0.9	0.9	0.9	0.9	0.9	0.9	0.9
0.9	0.9	0.9	0.9	0.9	0.9	0.9	0.9	0.9	0.9

Greedy BPE
Scoring with scaled breakpoint penalty: 4000
done
Arrived at 11 intervals
Adding unaligned intervals
addUnalignedIntervals yields 33 intervals
Merging unaligned intervals
Marbling gaps
Propagating descendant breakpoints
descendant 0(15) has 22 intervals
descendant 1(29) has 1 intervals
propagateDescendantBreakpoints yields 32 intervals
Creating ancestral ordering
Previous anchoring score: 1.76136e+08, new anchor score: 1.79418e+08
Backing up alignment tree...
propagating ancestral breakpoints
recursive anchor search
0,0 have 133 new matches outside LCBs
0,1 have 93 new matches outside LCBs
0,2 have 80 new matches outside LCBs
0,3 have 65 new matches outside LCBs
0,4 have 66 new matches outside LCBs
0,5 have 51 new matches outside LCBs
0,6 have 53 new matches outside LCBs
0,7 have 71 new matches outside LCBs
0,8 have 64 new matches outside LCBs
0,9 have 63 new matches outside LCBs
1,0 have 121 new matches outside LCBs
1,1 have 100 new matches outside LCBs
1,2 have 73 new matches outside LCBs
1,3 have 70 new matches outside LCBs
1,4 have 67 new matches outside LCBs
1,5 have 53 new matches outside LCBs
1,6 have 53 new matches outside LCBs
1,7 have 71 new matches outside LCBs
1,8 have 58 new matches outside LCBs
1,9 have 60 new matches outside LCBs
2,0 have 120 new matches outside LCBs
2,1 have 69 new matches outside LCBs
2,2 have 63 new matches outside LCBs
2,3 have 59 new matches outside LCBs
2,4 have 62 new matches outside LCBs
2,5 have 49 new matches outside LCBs
2,6 have 49 new matches outside LCBs
2,7 have 76 new matches outside LCBs
2,8 have 49 new matches outside LCBs
2,9 have 49 new matches outside LCBs
3,0 have 122 new matches outside LCBs
3,1 have 110 new matches outside LCBs
3,2 have 69 new matches outside LCBs
3,3 have 63 new matches outside LCBs
3,4 have 68 new matches outside LCBs
3,5 have 53 new matches outside LCBs
3,6 have 52 new matches outside LCBs
3,7 have 68 new matches outside LCBs
3,8 have 66 new matches outside LCBs
3,9 have 65 new matches outside LCBs
4,0 have 126 new matches outside LCBs
4,1 have 111 new matches outside LCBs
4,2 have 70 new matches outside LCBs
4,3 have 62 new matches outside LCBs
4,4 have 67 new matches outside LCBs
4,5 have 55 new matches outside LCBs
4,6 have 54 new matches outside LCBs
4,7 have 66 new matches outside LCBs
4,8 have 66 new matches outside LCBs
4,9 have 65 new matches outside LCBs
5,0 have 130 new matches outside LCBs
5,1 have 103 new matches outside LCBs
5,2 have 85 new matches outside LCBs
5,3 have 78 new matches outside LCBs
5,4 have 77 new matches outside LCBs
5,5 have 61 new matches outside LCBs
5,6 have 61 new matches outside LCBs
5,7 have 72 new matches outside LCBs
5,8 have 63 new matches outside LCBs
5,9 have 64 new matches outside LCBs
6,0 have 124 new matches outside LCBs
6,1 have 99 new matches outside LCBs
6,2 have 77 new matches outside LCBs
6,3 have 74 new matches outside LCBs
6,4 have 70 new matches outside LCBs
6,5 have 41 new matches outside LCBs
6,6 have 40 new matches outside LCBs
6,7 have 58 new matches outside LCBs
6,8 have 52 new matches outside LCBs
6,9 have 52 new matches outside LCBs
7,0 have 122 new matches outside LCBs
7,1 have 97 new matches outside LCBs
7,2 have 81 new matches outside LCBs
7,3 have 75 new matches outside LCBs
7,4 have 73 new matches outside LCBs
7,5 have 35 new matches outside LCBs
7,6 have 34 new matches outside LCBs
7,7 have 54 new matches outside LCBs
7,8 have 48 new matches outside LCBs
7,9 have 46 new matches outside LCBs
8,0 have 120 new matches outside LCBs
8,1 have 55 new matches outside LCBs
8,2 have 55 new matches outside LCBs
8,3 have 57 new matches outside LCBs
8,4 have 58 new matches outside LCBs
8,5 have 30 new matches outside LCBs
8,6 have 31 new matches outside LCBs
8,7 have 57 new matches outside LCBs
8,8 have 43 new matches outside LCBs
8,9 have 42 new matches outside LCBs
9,0 have 122 new matches outside LCBs
9,1 have 104 new matches outside LCBs
9,2 have 72 new matches outside LCBs
9,3 have 77 new matches outside LCBs
9,4 have 74 new matches outside LCBs
9,5 have 63 new matches outside LCBs
9,6 have 62 new matches outside LCBs
9,7 have 70 new matches outside LCBs
9,8 have 65 new matches outside LCBs
9,9 have 62 new matches outside LCBs
10,0 have 126 new matches outside LCBs
10,1 have 110 new matches outside LCBs
10,2 have 92 new matches outside LCBs
10,3 have 80 new matches outside LCBs
10,4 have 81 new matches outside LCBs
10,5 have 83 new matches outside LCBs
10,6 have 79 new matches outside LCBs
10,7 have 88 new matches outside LCBs
10,8 have 76 new matches outside LCBs
10,9 have 75 new matches outside LCBs
11,0 have 129 new matches outside LCBs
11,1 have 110 new matches outside LCBs
11,2 have 92 new matches outside LCBs
11,3 have 81 new matches outside LCBs
11,4 have 82 new matches outside LCBs
11,5 have 84 new matches outside LCBs
11,6 have 81 new matches outside LCBs
11,7 have 90 new matches outside LCBs
11,8 have 80 new matches outside LCBs
11,9 have 79 new matches outside LCBs
12,0 have 118 new matches outside LCBs
12,1 have 112 new matches outside LCBs
12,2 have 88 new matches outside LCBs
12,3 have 76 new matches outside LCBs
12,4 have 77 new matches outside LCBs
12,5 have 85 new matches outside LCBs
12,6 have 84 new matches outside LCBs
12,7 have 91 new matches outside LCBs
12,8 have 82 new matches outside LCBs
12,9 have 81 new matches outside LCBs
13,0 have 124 new matches outside LCBs
13,1 have 118 new matches outside LCBs
13,2 have 87 new matches outside LCBs
13,3 have 82 new matches outside LCBs
13,4 have 81 new matches outside LCBs
13,5 have 81 new matches outside LCBs
13,6 have 79 new matches outside LCBs
13,7 have 88 new matches outside LCBs
13,8 have 78 new matches outside LCBs
13,9 have 77 new matches outside LCBs
14,0 have 118 new matches outside LCBs
14,1 have 113 new matches outside LCBs
14,2 have 83 new matches outside LCBs
14,3 have 77 new matches outside LCBs
14,4 have 78 new matches outside LCBs
14,5 have 84 new matches outside LCBs
14,6 have 83 new matches outside LCBs
14,7 have 93 new matches outside LCBs
14,8 have 80 new matches outside LCBs
14,9 have 79 new matches outside LCBs
15,0 have 118 new matches outside LCBs
15,1 have 112 new matches outside LCBs
15,2 have 83 new matches outside LCBs
15,3 have 77 new matches outside LCBs
15,4 have 78 new matches outside LCBs
15,5 have 85 new matches outside LCBs
15,6 have 84 new matches outside LCBs
15,7 have 92 new matches outside LCBs
15,8 have 80 new matches outside LCBs
15,9 have 79 new matches outside LCBs
16,0 have 118 new matches outside LCBs
16,1 have 113 new matches outside LCBs
16,2 have 83 new matches outside LCBs
16,3 have 77 new matches outside LCBs
16,4 have 78 new matches outside LCBs
16,5 have 84 new matches outside LCBs
16,6 have 83 new matches outside LCBs
16,7 have 93 new matches outside LCBs
16,8 have 80 new matches outside LCBs
16,9 have 79 new matches outside LCBs
0,0 has an additional 178 matches
0,1 has an additional 115 matches
0,2 has an additional 137 matches
0,3 has an additional 114 matches
0,4 has an additional 118 matches
0,5 has an additional 92 matches
0,6 has an additional 94 matches
0,7 has an additional 132 matches
0,8 has an additional 122 matches
0,9 has an additional 120 matches
1,0 has an additional 183 matches
1,1 has an additional 123 matches
1,2 has an additional 144 matches
1,3 has an additional 142 matches
1,4 has an additional 136 matches
1,5 has an additional 125 matches
1,6 has an additional 125 matches
1,7 has an additional 157 matches
1,8 has an additional 143 matches
1,9 has an additional 143 matches
2,0 has an additional 186 matches
2,1 has an additional 90 matches
2,2 has an additional 135 matches
2,3 has an additional 125 matches
2,4 has an additional 128 matches
2,5 has an additional 118 matches
2,6 has an additional 118 matches
2,7 has an additional 156 matches
2,8 has an additional 125 matches
2,9 has an additional 125 matches
3,0 has an additional 189 matches
3,1 has an additional 133 matches
3,2 has an additional 142 matches
3,3 has an additional 129 matches
3,4 has an additional 137 matches
3,5 has an additional 122 matches
3,6 has an additional 121 matches
3,7 has an additional 146 matches
3,8 has an additional 147 matches
3,9 has an additional 146 matches
4,0 has an additional 192 matches
4,1 has an additional 134 matches
4,2 has an additional 142 matches
4,3 has an additional 128 matches
4,4 has an additional 136 matches
4,5 has an additional 124 matches
4,6 has an additional 123 matches
4,7 has an additional 145 matches
4,8 has an additional 148 matches
4,9 has an additional 146 matches
5,0 has an additional 194 matches
5,1 has an additional 132 matches
5,2 has an additional 152 matches
5,3 has an additional 147 matches
5,4 has an additional 145 matches
5,5 has an additional 129 matches
5,6 has an additional 129 matches
5,7 has an additional 152 matches
5,8 has an additional 143 matches
5,9 has an additional 144 matches
6,0 has an additional 184 matches
6,1 has an additional 121 matches
6,2 has an additional 144 matches
6,3 has an additional 136 matches
6,4 has an additional 135 matches
6,5 has an additional 112 matches
6,6 has an additional 111 matches
6,7 has an additional 127 matches
6,8 has an additional 124 matches
6,9 has an additional 127 matches
7,0 has an additional 164 matches
7,1 has an additional 121 matches
7,2 has an additional 133 matches
7,3 has an additional 125 matches
7,4 has an additional 125 matches
7,5 has an additional 80 matches
7,6 has an additional 79 matches
7,7 has an additional 102 matches
7,8 has an additional 104 matches
7,9 has an additional 103 matches
8,0 has an additional 144 matches
8,1 has an additional 71 matches
8,2 has an additional 88 matches
8,3 has an additional 91 matches
8,4 has an additional 93 matches
8,5 has an additional 75 matches
8,6 has an additional 76 matches
8,7 has an additional 101 matches
8,8 has an additional 90 matches
8,9 has an additional 92 matches
9,0 has an additional 168 matches
9,1 has an additional 126 matches
9,2 has an additional 121 matches
9,3 has an additional 125 matches
9,4 has an additional 124 matches
9,5 has an additional 116 matches
9,6 has an additional 115 matches
9,7 has an additional 127 matches
9,8 has an additional 126 matches
9,9 has an additional 126 matches
10,0 has an additional 187 matches
10,1 has an additional 132 matches
10,2 has an additional 152 matches
10,3 has an additional 140 matches
10,4 has an additional 140 matches
10,5 has an additional 142 matches
10,6 has an additional 138 matches
10,7 has an additional 158 matches
10,8 has an additional 146 matches
10,9 has an additional 144 matches
11,0 has an additional 190 matches
11,1 has an additional 132 matches
11,2 has an additional 152 matches
11,3 has an additional 141 matches
11,4 has an additional 141 matches
11,5 has an additional 143 matches
11,6 has an additional 140 matches
11,7 has an additional 159 matches
11,8 has an additional 149 matches
11,9 has an additional 147 matches
12,0 has an additional 184 matches
12,1 has an additional 136 matches
12,2 has an additional 148 matches
12,3 has an additional 134 matches
12,4 has an additional 138 matches
12,5 has an additional 141 matches
12,6 has an additional 140 matches
12,7 has an additional 167 matches
12,8 has an additional 153 matches
12,9 has an additional 153 matches
13,0 has an additional 190 matches
13,1 has an additional 144 matches
13,2 has an additional 154 matches
13,3 has an additional 146 matches
13,4 has an additional 145 matches
13,5 has an additional 140 matches
13,6 has an additional 138 matches
13,7 has an additional 164 matches
13,8 has an additional 144 matches
13,9 has an additional 144 matches
14,0 has an additional 185 matches
14,1 has an additional 137 matches
14,2 has an additional 145 matches
14,3 has an additional 137 matches
14,4 has an additional 142 matches
14,5 has an additional 141 matches
14,6 has an additional 140 matches
14,7 has an additional 170 matches
14,8 has an additional 151 matches
14,9 has an additional 150 matches
15,0 has an additional 184 matches
15,1 has an additional 136 matches
15,2 has an additional 145 matches
15,3 has an additional 137 matches
15,4 has an additional 142 matches
15,5 has an additional 142 matches
15,6 has an additional 142 matches
15,7 has an additional 169 matches
15,8 has an additional 151 matches
15,9 has an additional 150 matches
16,0 has an additional 185 matches
16,1 has an additional 137 matches
16,2 has an additional 145 matches
16,3 has an additional 137 matches
16,4 has an additional 142 matches
16,5 has an additional 141 matches
16,6 has an additional 140 matches
16,7 has an additional 170 matches
16,8 has an additional 151 matches
16,9 has an additional 150 matches
Restoring backed up alignment tree...
24,5 has 178 pairwise matches
24,1 has 115 pairwise matches
24,0 has 137 pairwise matches
24,6 has 114 pairwise matches
24,7 has 118 pairwise matches
24,16 has 92 pairwise matches
24,25 has 94 pairwise matches
24,20 has 132 pairwise matches
24,15 has 122 pairwise matches
24,26 has 120 pairwise matches
2,5 has 183 pairwise matches
2,1 has 123 pairwise matches
2,0 has 144 pairwise matches
2,6 has 142 pairwise matches
2,7 has 136 pairwise matches
2,16 has 125 pairwise matches
2,25 has 125 pairwise matches
2,20 has 157 pairwise matches
2,15 has 143 pairwise matches
2,26 has 143 pairwise matches
10,5 has 186 pairwise matches
10,1 has 90 pairwise matches
10,0 has 135 pairwise matches
10,6 has 125 pairwise matches
10,7 has 128 pairwise matches
10,16 has 118 pairwise matches
10,25 has 118 pairwise matches
10,20 has 156 pairwise matches
10,15 has 125 pairwise matches
10,26 has 125 pairwise matches
11,5 has 189 pairwise matches
11,1 has 133 pairwise matches
11,0 has 142 pairwise matches
11,6 has 129 pairwise matches
11,7 has 137 pairwise matches
11,16 has 122 pairwise matches
11,25 has 121 pairwise matches
11,20 has 146 pairwise matches
11,15 has 147 pairwise matches
11,26 has 146 pairwise matches
18,5 has 192 pairwise matches
18,1 has 134 pairwise matches
18,0 has 142 pairwise matches
18,6 has 128 pairwise matches
18,7 has 136 pairwise matches
18,16 has 124 pairwise matches
18,25 has 123 pairwise matches
18,20 has 145 pairwise matches
18,15 has 148 pairwise matches
18,26 has 146 pairwise matches
3,5 has 194 pairwise matches
3,1 has 132 pairwise matches
3,0 has 152 pairwise matches
3,6 has 147 pairwise matches
3,7 has 145 pairwise matches
3,16 has 129 pairwise matches
3,25 has 129 pairwise matches
3,20 has 152 pairwise matches
3,15 has 143 pairwise matches
3,26 has 144 pairwise matches
19,5 has 184 pairwise matches
19,1 has 121 pairwise matches
19,0 has 144 pairwise matches
19,6 has 136 pairwise matches
19,7 has 135 pairwise matches
19,16 has 112 pairwise matches
19,25 has 111 pairwise matches
19,20 has 127 pairwise matches
19,15 has 124 pairwise matches
19,26 has 127 pairwise matches
13,5 has 164 pairwise matches
13,1 has 121 pairwise matches
13,0 has 133 pairwise matches
13,6 has 125 pairwise matches
13,7 has 125 pairwise matches
13,16 has 80 pairwise matches
13,25 has 79 pairwise matches
13,20 has 102 pairwise matches
13,15 has 104 pairwise matches
13,26 has 103 pairwise matches
17,5 has 144 pairwise matches
17,1 has 71 pairwise matches
17,0 has 88 pairwise matches
17,6 has 91 pairwise matches
17,7 has 93 pairwise matches
17,16 has 75 pairwise matches
17,25 has 76 pairwise matches
17,20 has 101 pairwise matches
17,15 has 90 pairwise matches
17,26 has 92 pairwise matches
22,5 has 168 pairwise matches
22,1 has 126 pairwise matches
22,0 has 121 pairwise matches
22,6 has 125 pairwise matches
22,7 has 124 pairwise matches
22,16 has 116 pairwise matches
22,25 has 115 pairwise matches
22,20 has 127 pairwise matches
22,15 has 126 pairwise matches
22,26 has 126 pairwise matches
4,5 has 187 pairwise matches
4,1 has 132 pairwise matches
4,0 has 152 pairwise matches
4,6 has 140 pairwise matches
4,7 has 140 pairwise matches
4,16 has 142 pairwise matches
4,25 has 138 pairwise matches
4,20 has 158 pairwise matches
4,15 has 146 pairwise matches
4,26 has 144 pairwise matches
8,5 has 190 pairwise matches
8,1 has 132 pairwise matches
8,0 has 152 pairwise matches
8,6 has 141 pairwise matches
8,7 has 141 pairwise matches
8,16 has 143 pairwise matches
8,25 has 140 pairwise matches
8,20 has 159 pairwise matches
8,15 has 149 pairwise matches
8,26 has 147 pairwise matches
14,5 has 184 pairwise matches
14,1 has 136 pairwise matches
14,0 has 148 pairwise matches
14,6 has 134 pairwise matches
14,7 has 138 pairwise matches
14,16 has 141 pairwise matches
14,25 has 140 pairwise matches
14,20 has 167 pairwise matches
14,15 has 153 pairwise matches
14,26 has 153 pairwise matches
23,5 has 190 pairwise matches
23,1 has 144 pairwise matches
23,0 has 154 pairwise matches
23,6 has 146 pairwise matches
23,7 has 145 pairwise matches
23,16 has 140 pairwise matches
23,25 has 138 pairwise matches
23,20 has 164 pairwise matches
23,15 has 144 pairwise matches
23,26 has 144 pairwise matches
21,5 has 185 pairwise matches
21,1 has 137 pairwise matches
21,0 has 145 pairwise matches
21,6 has 137 pairwise matches
21,7 has 142 pairwise matches
21,16 has 141 pairwise matches
21,25 has 140 pairwise matches
21,20 has 170 pairwise matches
21,15 has 151 pairwise matches
21,26 has 150 pairwise matches
12,5 has 184 pairwise matches
12,1 has 136 pairwise matches
12,0 has 145 pairwise matches
12,6 has 137 pairwise matches
12,7 has 142 pairwise matches
12,16 has 142 pairwise matches
12,25 has 142 pairwise matches
12,20 has 169 pairwise matches
12,15 has 151 pairwise matches
12,26 has 150 pairwise matches
9,5 has 185 pairwise matches
9,1 has 137 pairwise matches
9,0 has 145 pairwise matches
9,6 has 137 pairwise matches
9,7 has 142 pairwise matches
9,16 has 141 pairwise matches
9,25 has 140 pairwise matches
9,20 has 170 pairwise matches
9,15 has 151 pairwise matches
9,26 has 150 pairwise matches
Performing Sum-of-pairs Greedy Breakpoint Elimination
construct LCB tracking matches
There are 1053 tracking matches
There are 48848 / 55809 components used
init tracking match LCB tracking
pairwise score tracking matches
get pairwise LCBs
there are 31613 pairwise LCBs
scaling bp penalty by conservation weight:
0.505908	0.506056	0.449929	0.454516	0.455077	0.504075	0.504061	0.453952	0.459747	0.458912
0.477689	0.504145	0.429415	0.447277	0.432841	0.473784	0.474841	0.427504	0.438017	0.43722
0.473875	0.490746	0.40775	0.424423	0.415417	0.484311	0.484307	0.433949	0.426466	0.426074
0.472822	0.502836	0.424186	0.437247	0.426614	0.482574	0.481985	0.448226	0.445281	0.445715
0.471731	0.502427	0.423642	0.436812	0.425989	0.483309	0.482719	0.448603	0.445802	0.446117
0.467391	0.500638	0.417653	0.429319	0.423837	0.476397	0.476922	0.430564	0.433915	0.433907
0.470658	0.495346	0.416259	0.432572	0.423576	0.469338	0.469101	0.426444	0.433391	0.434296
0.511586	0.520742	0.458349	0.465126	0.463314	0.504945	0.504767	0.46812	0.468626	0.468587
0.518127	0.49921	0.441948	0.453228	0.446644	0.504414	0.504687	0.46711	0.451258	0.452742
0.511917	0.528593	0.462727	0.472763	0.475324	0.504969	0.504621	0.469792	0.479618	0.477973
0.501108	0.516839	0.452495	0.461768	0.457178	0.492389	0.491715	0.453732	0.462931	0.462361
0.50201	0.518073	0.452888	0.462833	0.457924	0.492457	0.49158	0.455093	0.462443	0.461698
0.498108	0.512264	0.449966	0.454017	0.453241	0.492344	0.491765	0.457522	0.458623	0.45842
0.498191	0.51575	0.448597	0.453446	0.454011	0.493946	0.493367	0.457944	0.45759	0.457672
0.498191	0.51575	0.448597	0.453446	0.454011	0.493946	0.493367	0.457944	0.45759	0.457672
0.499174	0.516106	0.449571	0.454377	0.454999	0.493583	0.493004	0.457584	0.457798	0.457827
0.498191	0.51575	0.448597	0.453446	0.454011	0.493946	0.493367	0.457944	0.45759	0.457672


scaling bp penalty by bp weight: 
0.9	0.9	0.9	0.9	0.9	0.9	0.9	0.9	0.9	0.9
0.9	0.9	0.9	0.9	0.9	0.9	0.9	0.9	0.9	0.9
0.9	0.9	0.9	0.9	0.9	0.9	0.9	0.9	0.9	0.9
0.9	0.9	0.9	0.9	0.9	0.9	0.9	0.9	0.9	0.9
0.9	0.9	0.9	0.9	0.9	0.9	0.9	0.9	0.9	0.9
0.9	0.9	0.9	0.9	0.9	0.9	0.9	0.9	0.9	0.9
0.9	0.9	0.9	0.9	0.9	0.9	0.9	0.9	0.9	0.9
0.9	0.9	0.9	0.9	0.9	0.9	0.9	0.9	0.9	0.9
0.9	0.9	0.9	0.9	0.9	0.9	0.9	0.9	0.9	0.9
0.9	0.9	0.9	0.9	0.9	0.9	0.9	0.9	0.9	0.9
0.9	0.9	0.9	0.9	0.9	0.9	0.9	0.9	0.9	0.9
0.9	0.9	0.9	0.9	0.9	0.9	0.9	0.9	0.9	0.9
0.9	0.9	0.9	0.9	0.9	0.9	0.9	0.9	0.9	0.9
0.9	0.9	0.9	0.9	0.9	0.9	0.9	0.9	0.9	0.9
0.9	0.9	0.9	0.9	0.9	0.9	0.9	0.9	0.9	0.9
0.9	0.9	0.9	0.9	0.9	0.9	0.9	0.9	0.9	0.9
0.9	0.9	0.9	0.9	0.9	0.9	0.9	0.9	0.9	0.9

Greedy BPE
Scoring with scaled breakpoint penalty: 4000
done
Arrived at 12 intervals
Adding unaligned intervals
addUnalignedIntervals yields 33 intervals
Merging unaligned intervals
Marbling gaps
Propagating descendant breakpoints
descendant 0(15) has 22 intervals
descendant 1(29) has 1 intervals
propagateDescendantBreakpoints yields 33 intervals
Creating ancestral ordering
Previous anchoring score: 1.79418e+08, new anchor score: 1.87649e+08
Backing up alignment tree...
propagating ancestral breakpoints
recursive anchor search
0,0 have 88 new matches outside LCBs
0,1 have 93 new matches outside LCBs
0,2 have 69 new matches outside LCBs
0,3 have 58 new matches outside LCBs
0,4 have 60 new matches outside LCBs
0,5 have 54 new matches outside LCBs
0,6 have 55 new matches outside LCBs
0,7 have 75 new matches outside LCBs
0,8 have 61 new matches outside LCBs
0,9 have 62 new matches outside LCBs
1,0 have 85 new matches outside LCBs
1,1 have 101 new matches outside LCBs
1,2 have 66 new matches outside LCBs
1,3 have 64 new matches outside LCBs
1,4 have 62 new matches outside LCBs
1,5 have 44 new matches outside LCBs
1,6 have 44 new matches outside LCBs
1,7 have 65 new matches outside LCBs
1,8 have 58 new matches outside LCBs
1,9 have 60 new matches outside LCBs
2,0 have 79 new matches outside LCBs
2,1 have 73 new matches outside LCBs
2,2 have 61 new matches outside LCBs
2,3 have 55 new matches outside LCBs
2,4 have 55 new matches outside LCBs
2,5 have 49 new matches outside LCBs
2,6 have 48 new matches outside LCBs
2,7 have 67 new matches outside LCBs
2,8 have 42 new matches outside LCBs
2,9 have 42 new matches outside LCBs
3,0 have 88 new matches outside LCBs
3,1 have 110 new matches outside LCBs
3,2 have 67 new matches outside LCBs
3,3 have 57 new matches outside LCBs
3,4 have 59 new matches outside LCBs
3,5 have 53 new matches outside LCBs
3,6 have 52 new matches outside LCBs
3,7 have 62 new matches outside LCBs
3,8 have 56 new matches outside LCBs
3,9 have 55 new matches outside LCBs
4,0 have 87 new matches outside LCBs
4,1 have 111 new matches outside LCBs
4,2 have 69 new matches outside LCBs
4,3 have 56 new matches outside LCBs
4,4 have 58 new matches outside LCBs
4,5 have 54 new matches outside LCBs
4,6 have 53 new matches outside LCBs
4,7 have 60 new matches outside LCBs
4,8 have 57 new matches outside LCBs
4,9 have 56 new matches outside LCBs
5,0 have 89 new matches outside LCBs
5,1 have 105 new matches outside LCBs
5,2 have 72 new matches outside LCBs
5,3 have 72 new matches outside LCBs
5,4 have 66 new matches outside LCBs
5,5 have 61 new matches outside LCBs
5,6 have 61 new matches outside LCBs
5,7 have 74 new matches outside LCBs
5,8 have 65 new matches outside LCBs
5,9 have 66 new matches outside LCBs
6,0 have 99 new matches outside LCBs
6,1 have 99 new matches outside LCBs
6,2 have 62 new matches outside LCBs
6,3 have 59 new matches outside LCBs
6,4 have 57 new matches outside LCBs
6,5 have 42 new matches outside LCBs
6,6 have 41 new matches outside LCBs
6,7 have 59 new matches outside LCBs
6,8 have 50 new matches outside LCBs
6,9 have 50 new matches outside LCBs
7,0 have 102 new matches outside LCBs
7,1 have 92 new matches outside LCBs
7,2 have 71 new matches outside LCBs
7,3 have 59 new matches outside LCBs
7,4 have 58 new matches outside LCBs
7,5 have 38 new matches outside LCBs
7,6 have 37 new matches outside LCBs
7,7 have 55 new matches outside LCBs
7,8 have 47 new matches outside LCBs
7,9 have 45 new matches outside LCBs
8,0 have 84 new matches outside LCBs
8,1 have 55 new matches outside LCBs
8,2 have 53 new matches outside LCBs
8,3 have 51 new matches outside LCBs
8,4 have 54 new matches outside LCBs
8,5 have 32 new matches outside LCBs
8,6 have 33 new matches outside LCBs
8,7 have 55 new matches outside LCBs
8,8 have 39 new matches outside LCBs
8,9 have 38 new matches outside LCBs
9,0 have 83 new matches outside LCBs
9,1 have 104 new matches outside LCBs
9,2 have 67 new matches outside LCBs
9,3 have 68 new matches outside LCBs
9,4 have 62 new matches outside LCBs
9,5 have 62 new matches outside LCBs
9,6 have 61 new matches outside LCBs
9,7 have 60 new matches outside LCBs
9,8 have 54 new matches outside LCBs
9,9 have 51 new matches outside LCBs
10,0 have 77 new matches outside LCBs
10,1 have 111 new matches outside LCBs
10,2 have 86 new matches outside LCBs
10,3 have 73 new matches outside LCBs
10,4 have 74 new matches outside LCBs
10,5 have 88 new matches outside LCBs
10,6 have 84 new matches outside LCBs
10,7 have 85 new matches outside LCBs
10,8 have 73 new matches outside LCBs
10,9 have 73 new matches outside LCBs
11,0 have 81 new matches outside LCBs
11,1 have 111 new matches outside LCBs
11,2 have 83 new matches outside LCBs
11,3 have 73 new matches outside LCBs
11,4 have 72 new matches outside LCBs
11,5 have 86 new matches outside LCBs
11,6 have 83 new matches outside LCBs
11,7 have 84 new matches outside LCBs
11,8 have 69 new matches outside LCBs
11,9 have 69 new matches outside LCBs
12,0 have 80 new matches outside LCBs
12,1 have 110 new matches outside LCBs
12,2 have 84 new matches outside LCBs
12,3 have 69 new matches outside LCBs
12,4 have 71 new matches outside LCBs
12,5 have 87 new matches outside LCBs
12,6 have 85 new matches outside LCBs
12,7 have 87 new matches outside LCBs
12,8 have 77 new matches outside LCBs
12,9 have 77 new matches outside LCBs
13,0 have 79 new matches outside LCBs
13,1 have 113 new matches outside LCBs
13,2 have 79 new matches outside LCBs
13,3 have 75 new matches outside LCBs
13,4 have 75 new matches outside LCBs
13,5 have 83 new matches outside LCBs
13,6 have 83 new matches outside LCBs
13,7 have 84 new matches outside LCBs
13,8 have 73 new matches outside LCBs
13,9 have 72 new matches outside LCBs
14,0 have 81 new matches outside LCBs
14,1 have 110 new matches outside LCBs
14,2 have 80 new matches outside LCBs
14,3 have 70 new matches outside LCBs
14,4 have 72 new matches outside LCBs
14,5 have 84 new matches outside LCBs
14,6 have 83 new matches outside LCBs
14,7 have 89 new matches outside LCBs
14,8 have 75 new matches outside LCBs
14,9 have 75 new matches outside LCBs
15,0 have 79 new matches outside LCBs
15,1 have 109 new matches outside LCBs
15,2 have 80 new matches outside LCBs
15,3 have 69 new matches outside LCBs
15,4 have 72 new matches outside LCBs
15,5 have 85 new matches outside LCBs
15,6 have 84 new matches outside LCBs
15,7 have 88 new matches outside LCBs
15,8 have 76 new matches outside LCBs
15,9 have 76 new matches outside LCBs
16,0 have 81 new matches outside LCBs
16,1 have 110 new matches outside LCBs
16,2 have 80 new matches outside LCBs
16,3 have 70 new matches outside LCBs
16,4 have 72 new matches outside LCBs
16,5 have 84 new matches outside LCBs
16,6 have 83 new matches outside LCBs
16,7 have 89 new matches outside LCBs
16,8 have 75 new matches outside LCBs
16,9 have 75 new matches outside LCBs
0,0 has an additional 120 matches
0,1 has an additional 119 matches
0,2 has an additional 108 matches
0,3 has an additional 93 matches
0,4 has an additional 95 matches
0,5 has an additional 69 matches
0,6 has an additional 70 matches
0,7 has an additional 110 matches
0,8 has an additional 98 matches
0,9 has an additional 99 matches
1,0 has an additional 115 matches
1,1 has an additional 127 matches
1,2 has an additional 102 matches
1,3 has an additional 99 matches
1,4 has an additional 95 matches
1,5 has an additional 68 matches
1,6 has an additional 68 matches
1,7 has an additional 100 matches
1,8 has an additional 100 matches
1,9 has an additional 102 matches
2,0 has an additional 113 matches
2,1 has an additional 95 matches
2,2 has an additional 98 matches
2,3 has an additional 87 matches
2,4 has an additional 89 matches
2,5 has an additional 70 matches
2,6 has an additional 69 matches
2,7 has an additional 105 matches
2,8 has an additional 83 matches
2,9 has an additional 83 matches
3,0 has an additional 120 matches
3,1 has an additional 134 matches
3,2 has an additional 101 matches
3,3 has an additional 93 matches
3,4 has an additional 96 matches
3,5 has an additional 74 matches
3,6 has an additional 74 matches
3,7 has an additional 97 matches
3,8 has an additional 96 matches
3,9 has an additional 95 matches
4,0 has an additional 119 matches
4,1 has an additional 135 matches
4,2 has an additional 103 matches
4,3 has an additional 92 matches
4,4 has an additional 95 matches
4,5 has an additional 75 matches
4,6 has an additional 75 matches
4,7 has an additional 95 matches
4,8 has an additional 97 matches
4,9 has an additional 96 matches
5,0 has an additional 125 matches
5,1 has an additional 137 matches
5,2 has an additional 110 matches
5,3 has an additional 114 matches
5,4 has an additional 110 matches
5,5 has an additional 83 matches
5,6 has an additional 83 matches
5,7 has an additional 112 matches
5,8 has an additional 105 matches
5,9 has an additional 106 matches
6,0 has an additional 124 matches
6,1 has an additional 121 matches
6,2 has an additional 97 matches
6,3 has an additional 96 matches
6,4 has an additional 91 matches
6,5 has an additional 63 matches
6,6 has an additional 62 matches
6,7 has an additional 98 matches
6,8 has an additional 85 matches
6,9 has an additional 86 matches
7,0 has an additional 132 matches
7,1 has an additional 116 matches
7,2 has an additional 111 matches
7,3 has an additional 99 matches
7,4 has an additional 99 matches
7,5 has an additional 59 matches
7,6 has an additional 58 matches
7,7 has an additional 86 matches
7,8 has an additional 85 matches
7,9 has an additional 83 matches
8,0 has an additional 114 matches
8,1 has an additional 75 matches
8,2 has an additional 85 matches
8,3 has an additional 84 matches
8,4 has an additional 84 matches
8,5 has an additional 53 matches
8,6 has an additional 54 matches
8,7 has an additional 87 matches
8,8 has an additional 74 matches
8,9 has an additional 74 matches
9,0 has an additional 112 matches
9,1 has an additional 125 matches
9,2 has an additional 101 matches
9,3 has an additional 105 matches
9,4 has an additional 98 matches
9,5 has an additional 88 matches
9,6 has an additional 87 matches
9,7 has an additional 97 matches
9,8 has an additional 96 matches
9,9 has an additional 94 matches
10,0 has an additional 111 matches
10,1 has an additional 135 matches
10,2 has an additional 115 matches
10,3 has an additional 103 matches
10,4 has an additional 107 matches
10,5 has an additional 108 matches
10,6 has an additional 104 matches
10,7 has an additional 117 matches
10,8 has an additional 106 matches
10,9 has an additional 106 matches
11,0 has an additional 115 matches
11,1 has an additional 135 matches
11,2 has an additional 112 matches
11,3 has an additional 103 matches
11,4 has an additional 105 matches
11,5 has an additional 106 matches
11,6 has an additional 103 matches
11,7 has an additional 116 matches
11,8 has an additional 103 matches
11,9 has an additional 103 matches
12,0 has an additional 119 matches
12,1 has an additional 134 matches
12,2 has an additional 122 matches
12,3 has an additional 105 matches
12,4 has an additional 107 matches
12,5 has an additional 109 matches
12,6 has an additional 107 matches
12,7 has an additional 123 matches
12,8 has an additional 117 matches
12,9 has an additional 117 matches
13,0 has an additional 115 matches
13,1 has an additional 140 matches
13,2 has an additional 114 matches
13,3 has an additional 110 matches
13,4 has an additional 113 matches
13,5 has an additional 102 matches
13,6 has an additional 102 matches
13,7 has an additional 119 matches
13,8 has an additional 107 matches
13,9 has an additional 106 matches
14,0 has an additional 120 matches
14,1 has an additional 134 matches
14,2 has an additional 118 matches
14,3 has an additional 106 matches
14,4 has an additional 109 matches
14,5 has an additional 104 matches
14,6 has an additional 103 matches
14,7 has an additional 123 matches
14,8 has an additional 115 matches
14,9 has an additional 115 matches
15,0 has an additional 117 matches
15,1 has an additional 133 matches
15,2 has an additional 118 matches
15,3 has an additional 105 matches
15,4 has an additional 109 matches
15,5 has an additional 105 matches
15,6 has an additional 104 matches
15,7 has an additional 122 matches
15,8 has an additional 116 matches
15,9 has an additional 116 matches
16,0 has an additional 120 matches
16,1 has an additional 134 matches
16,2 has an additional 118 matches
16,3 has an additional 106 matches
16,4 has an additional 109 matches
16,5 has an additional 104 matches
16,6 has an additional 103 matches
16,7 has an additional 123 matches
16,8 has an additional 115 matches
16,9 has an additional 115 matches
Restoring backed up alignment tree...
24,5 has 120 pairwise matches
24,1 has 119 pairwise matches
24,0 has 108 pairwise matches
24,6 has 93 pairwise matches
24,7 has 95 pairwise matches
24,16 has 69 pairwise matches
24,25 has 70 pairwise matches
24,20 has 110 pairwise matches
24,15 has 98 pairwise matches
24,26 has 99 pairwise matches
2,5 has 115 pairwise matches
2,1 has 127 pairwise matches
2,0 has 102 pairwise matches
2,6 has 99 pairwise matches
2,7 has 95 pairwise matches
2,16 has 68 pairwise matches
2,25 has 68 pairwise matches
2,20 has 100 pairwise matches
2,15 has 100 pairwise matches
2,26 has 102 pairwise matches
10,5 has 113 pairwise matches
10,1 has 95 pairwise matches
10,0 has 98 pairwise matches
10,6 has 87 pairwise matches
10,7 has 89 pairwise matches
10,16 has 70 pairwise matches
10,25 has 69 pairwise matches
10,20 has 105 pairwise matches
10,15 has 83 pairwise matches
10,26 has 83 pairwise matches
11,5 has 120 pairwise matches
11,1 has 134 pairwise matches
11,0 has 101 pairwise matches
11,6 has 93 pairwise matches
11,7 has 96 pairwise matches
11,16 has 74 pairwise matches
11,25 has 74 pairwise matches
11,20 has 97 pairwise matches
11,15 has 96 pairwise matches
11,26 has 95 pairwise matches
18,5 has 119 pairwise matches
18,1 has 135 pairwise matches
18,0 has 103 pairwise matches
18,6 has 92 pairwise matches
18,7 has 95 pairwise matches
18,16 has 75 pairwise matches
18,25 has 75 pairwise matches
18,20 has 95 pairwise matches
18,15 has 97 pairwise matches
18,26 has 96 pairwise matches
3,5 has 125 pairwise matches
3,1 has 137 pairwise matches
3,0 has 110 pairwise matches
3,6 has 114 pairwise matches
3,7 has 110 pairwise matches
3,16 has 83 pairwise matches
3,25 has 83 pairwise matches
3,20 has 112 pairwise matches
3,15 has 105 pairwise matches
3,26 has 106 pairwise matches
19,5 has 124 pairwise matches
19,1 has 121 pairwise matches
19,0 has 97 pairwise matches
19,6 has 96 pairwise matches
19,7 has 91 pairwise matches
19,16 has 63 pairwise matches
19,25 has 62 pairwise matches
19,20 has 98 pairwise matches
19,15 has 85 pairwise matches
19,26 has 86 pairwise matches
13,5 has 132 pairwise matches
13,1 has 116 pairwise matches
13,0 has 111 pairwise matches
13,6 has 99 pairwise matches
13,7 has 99 pairwise matches
13,16 has 59 pairwise matches
13,25 has 58 pairwise matches
13,20 has 86 pairwise matches
13,15 has 85 pairwise matches
13,26 has 83 pairwise matches
17,5 has 114 pairwise matches
17,1 has 75 pairwise matches
17,0 has 85 pairwise matches
17,6 has 84 pairwise matches
17,7 has 84 pairwise matches
17,16 has 53 pairwise matches
17,25 has 54 pairwise matches
17,20 has 87 pairwise matches
17,15 has 74 pairwise matches
17,26 has 74 pairwise matches
22,5 has 112 pairwise matches
22,1 has 125 pairwise matches
22,0 has 101 pairwise matches
22,6 has 105 pairwise matches
22,7 has 98 pairwise matches
22,16 has 88 pairwise matches
22,25 has 87 pairwise matches
22,20 has 97 pairwise matches
22,15 has 96 pairwise matches
22,26 has 94 pairwise matches
4,5 has 111 pairwise matches
4,1 has 135 pairwise matches
4,0 has 115 pairwise matches
4,6 has 103 pairwise matches
4,7 has 107 pairwise matches
4,16 has 108 pairwise matches
4,25 has 104 pairwise matches
4,20 has 117 pairwise matches
4,15 has 106 pairwise matches
4,26 has 106 pairwise matches
8,5 has 115 pairwise matches
8,1 has 135 pairwise matches
8,0 has 112 pairwise matches
8,6 has 103 pairwise matches
8,7 has 105 pairwise matches
8,16 has 106 pairwise matches
8,25 has 103 pairwise matches
8,20 has 116 pairwise matches
8,15 has 103 pairwise matches
8,26 has 103 pairwise matches
14,5 has 119 pairwise matches
14,1 has 134 pairwise matches
14,0 has 122 pairwise matches
14,6 has 105 pairwise matches
14,7 has 107 pairwise matches
14,16 has 109 pairwise matches
14,25 has 107 pairwise matches
14,20 has 123 pairwise matches
14,15 has 117 pairwise matches
14,26 has 117 pairwise matches
23,5 has 115 pairwise matches
23,1 has 140 pairwise matches
23,0 has 114 pairwise matches
23,6 has 110 pairwise matches
23,7 has 113 pairwise matches
23,16 has 102 pairwise matches
23,25 has 102 pairwise matches
23,20 has 119 pairwise matches
23,15 has 107 pairwise matches
23,26 has 106 pairwise matches
21,5 has 120 pairwise matches
21,1 has 134 pairwise matches
21,0 has 118 pairwise matches
21,6 has 106 pairwise matches
21,7 has 109 pairwise matches
21,16 has 104 pairwise matches
21,25 has 103 pairwise matches
21,20 has 123 pairwise matches
21,15 has 115 pairwise matches
21,26 has 115 pairwise matches
12,5 has 117 pairwise matches
12,1 has 133 pairwise matches
12,0 has 118 pairwise matches
12,6 has 105 pairwise matches
12,7 has 109 pairwise matches
12,16 has 105 pairwise matches
12,25 has 104 pairwise matches
12,20 has 122 pairwise matches
12,15 has 116 pairwise matches
12,26 has 116 pairwise matches
9,5 has 120 pairwise matches
9,1 has 134 pairwise matches
9,0 has 118 pairwise matches
9,6 has 106 pairwise matches
9,7 has 109 pairwise matches
9,16 has 104 pairwise matches
9,25 has 103 pairwise matches
9,20 has 123 pairwise matches
9,15 has 115 pairwise matches
9,26 has 115 pairwise matches
Performing Sum-of-pairs Greedy Breakpoint Elimination
construct LCB tracking matches
There are 1021 tracking matches
There are 47675 / 54113 components used
init tracking match LCB tracking
pairwise score tracking matches
get pairwise LCBs
there are 28482 pairwise LCBs
scaling bp penalty by conservation weight:
0.505908	0.506056	0.449929	0.454516	0.455077	0.504075	0.504061	0.453952	0.459747	0.458912
0.477689	0.504145	0.429415	0.447277	0.432841	0.473784	0.474841	0.427504	0.438017	0.43722
0.473875	0.490746	0.40775	0.424423	0.415417	0.484311	0.484307	0.433949	0.426466	0.426074
0.472822	0.502836	0.424186	0.437247	0.426614	0.482574	0.481985	0.448226	0.445281	0.445715
0.471731	0.502427	0.423642	0.436812	0.425989	0.483309	0.482719	0.448603	0.445802	0.446117
0.467391	0.500638	0.417653	0.429319	0.423837	0.476397	0.476922	0.430564	0.433915	0.433907
0.470658	0.495346	0.416259	0.432572	0.423576	0.469338	0.469101	0.426444	0.433391	0.434296
0.511586	0.520742	0.458349	0.465126	0.463314	0.504945	0.504767	0.46812	0.468626	0.468587
0.518127	0.49921	0.441948	0.453228	0.446644	0.504414	0.504687	0.46711	0.451258	0.452742
0.511917	0.528593	0.462727	0.472763	0.475324	0.504969	0.504621	0.469792	0.479618	0.477973
0.501108	0.516839	0.452495	0.461768	0.457178	0.492389	0.491715	0.453732	0.462931	0.462361
0.50201	0.518073	0.452888	0.462833	0.457924	0.492457	0.49158	0.455093	0.462443	0.461698
0.498108	0.512264	0.449966	0.454017	0.453241	0.492344	0.491765	0.457522	0.458623	0.45842
0.498191	0.51575	0.448597	0.453446	0.454011	0.493946	0.493367	0.457944	0.45759	0.457672
0.498191	0.51575	0.448597	0.453446	0.454011	0.493946	0.493367	0.457944	0.45759	0.457672
0.499174	0.516106	0.449571	0.454377	0.454999	0.493583	0.493004	0.457584	0.457798	0.457827
0.498191	0.51575	0.448597	0.453446	0.454011	0.493946	0.493367	0.457944	0.45759	0.457672


scaling bp penalty by bp weight: 
0.9	0.9	0.9	0.9	0.9	0.9	0.9	0.9	0.9	0.9
0.9	0.9	0.9	0.9	0.9	0.9	0.9	0.9	0.9	0.9
0.9	0.9	0.9	0.9	0.9	0.9	0.9	0.9	0.9	0.9
0.9	0.9	0.9	0.9	0.9	0.9	0.9	0.9	0.9	0.9
0.9	0.9	0.9	0.9	0.9	0.9	0.9	0.9	0.9	0.9
0.9	0.9	0.9	0.9	0.9	0.9	0.9	0.9	0.9	0.9
0.9	0.9	0.9	0.9	0.9	0.9	0.9	0.9	0.9	0.9
0.9	0.9	0.9	0.9	0.9	0.9	0.9	0.9	0.9	0.9
0.9	0.9	0.9	0.9	0.9	0.9	0.9	0.9	0.9	0.9
0.9	0.9	0.9	0.9	0.9	0.9	0.9	0.9	0.9	0.9
0.9	0.9	0.9	0.9	0.9	0.9	0.9	0.9	0.9	0.9
0.9	0.9	0.9	0.9	0.9	0.9	0.9	0.9	0.9	0.9
0.9	0.9	0.9	0.9	0.9	0.9	0.9	0.9	0.9	0.9
0.9	0.9	0.9	0.9	0.9	0.9	0.9	0.9	0.9	0.9
0.9	0.9	0.9	0.9	0.9	0.9	0.9	0.9	0.9	0.9
0.9	0.9	0.9	0.9	0.9	0.9	0.9	0.9	0.9	0.9
0.9	0.9	0.9	0.9	0.9	0.9	0.9	0.9	0.9	0.9

Greedy BPE
Scoring with scaled breakpoint penalty: 4000
done
Arrived at 9 intervals
Adding unaligned intervals
addUnalignedIntervals yields 26 intervals
Merging unaligned intervals
Marbling gaps
Propagating descendant breakpoints
descendant 0(15) has 22 intervals
descendant 1(29) has 1 intervals
propagateDescendantBreakpoints yields 30 intervals
Creating ancestral ordering
Previous anchoring score: 1.87649e+08, new anchor score: 1.87582e+08
propagating ancestral breakpoints
performing a gapped alignment

0%..2%..4%..5%..6%..9%..
11%..
31%..
58%..
64%..
71%..78%..
84%..85%..86%..87%..
93%..99%..
100%..Fix left ends

done.
Performing final pass iterative refinement

0%..3%..4%..5%..6%..9%..
11%..
32%..
59%..
65%..
72%..79%..
86%..87%..88%..89%..
99%..
100%..Fix left ends

done.
root alignment has 33 superintervals
root alignment length: 57200
Organisms have 46.1% GC
