overall_rank,alignment_start,alignment_end,alignment_width_columns,target_length_bp,median_length_bp,min_length_bp,max_length_bp,q10_length_bp,q90_length_bp,mean_candidate_coverage,left_end_coverage,right_end_coverage,left_end_conservation,right_end_conservation,left_site_start,left_site_end,left_site_consensus_5to3,left_site_mean_conservation,left_site_exact_fraction,left_site_max_mismatches,left_site_max_3prime_mismatches,right_site_start,right_site_end,right_site_consensus_5to3,right_site_mean_conservation,right_site_exact_fraction,right_site_max_mismatches,right_site_max_3prime_mismatches,minimum_pair_comparable_bp,mean_pair_comparable_bp,diagnostic_sites_don_niv,diagnostic_density_don_niv_per_kb,within_don_niv_group_a_max,within_don_niv_group_b_max,between_don_niv_min,margin_don_niv,diagnostic_sites_adon,diagnostic_density_adon_per_kb,within_adon_group_a_max,within_adon_group_b_max,between_adon_min,margin_adon,balanced_diagnostic_sites,total_diagnostic_sites,balanced_diagnostic_density_per_kb,positive_margin_count,balanced_margin,all_required_margins_positive
1,59401,60992,1592,1500,1500.0,1456,1532,1498.5,1523.0,0.9440562185929648,0.8064583333333334,0.9764583333333333,0.8834642857142656,0.9549583333333673,59659,59680,CATCCGGCTGGGCGTCTCAAGA,1.0,1.0,0,0,60719,60740,TGAACTCGCGAGTGAAGCAGTG,1.0,1.0,0,0,1442,1492.1416666666667,3,2.0,0.06404269513008673,0.18595317725752508,0.012666666666666666,-0.17328651059085842,20,13.333333333333334,0.06404269513008673,0.028334485141672427,0.017333333333333333,-0.0467093617967534,3,23,2.0,0,-0.17328651059085842,False
2,41301,43520,2220,2000,2000.0,1988,2046,1992.0,2015.0,0.9023367117117117,0.8325,0.9997916666666666,0.9664935897435983,0.9730972222222287,41334,41355,GTTGGTGATTCATAGTCGTTTA,1.0,1.0,0,0,43325,43346,AGAAGTAAGGGTTCAGGTAGCC,1.0,1.0,0,0,1946,1977.6916666666666,22,11.0,0.05348133198789102,0.21023017902813299,0.04018081366147665,-0.17004936536665632,2,1.0,0.0524987380111055,0.036720321931589535,0.0080040020010005,-0.044494736010105,2,24,1.0,0,-0.17004936536665632,False
3,41301,44522,3222,3000,3000.0,2990,3046,2994.0,3016.0,0.9322625698324022,0.8325,0.9966666666666667,0.9664935897435983,0.9678009259259367,41334,41355,GTTGGTGATTCATAGTCGTTTA,1.0,1.0,0,0,44486,44507,GGGCGTGAGTCATGTCAATGTC,1.0,1.0,0,0,2946,2977.1833333333334,23,7.666666666666667,0.048837992590097676,0.1928159945781091,0.03225806451612903,-0.16055793006198008,2,0.6666666666666666,0.04649595687331536,0.04049531459170013,0.006668889629876626,-0.039827067243438735,2,25,0.6666666666666666,0,-0.16055793006198008,False
4,41001,44722,3722,3500,3500.0,3490,3537,3494.0,3511.5,0.9410599140247179,1.0,0.99625,0.9585416666666666,0.9595238095238164,41260,41281,AATCCACCGTTGGTAGAGAGTA,1.0,1.0,0,0,44486,44507,GGGCGTGAGTCATGTCAATGTC,1.0,1.0,0,0,3437,3475.008333333333,32,9.142857142857142,0.0478524070337273,0.19203951191167926,0.03452243958573072,-0.15751707232594853,2,0.5714285714285714,0.04555940023068051,0.03813073394495413,0.006573306659045442,-0.038986093571635065,2,34,0.5714285714285714,0,-0.15751707232594853,False
5,41101,44828,3728,3500,3500.0,3488,3536,3489.0,3510.0,0.938975321888412,0.8833333333333333,0.9691666666666666,0.969375,0.9265376984127215,41260,41281,AATCCACCGTTGGTAGAGAGTA,1.0,1.0,0,0,44567,44588,ACAAAGCCTTGAGAACCTTGAC,1.0,1.0,0,0,3429,3470.4666666666667,31,8.857142857142858,0.051430222479052295,0.19831100757134537,0.03748558246828143,-0.16082542510306394,2,0.5714285714285714,0.049132947976878616,0.03841743119266055,0.006001714775650186,-0.04313123320122843,2,33,0.5714285714285714,0,-0.16082542510306394,False
6,32501,34256,1756,1500,1500.0,1489,1557,1492.5,1538.0,0.8598376993166287,0.9997916666666666,1.0,0.9654166666666667,0.9629166666666666,32747,32768,TATAGTCAACAGCCACTCTCTC,1.0,1.0,0,0,34061,34082,AGGTGATGGACACGATTGAGTG,1.0,1.0,0,0,1424,1472.35,19,12.666666666666666,0.07277628032345014,0.16666666666666666,0.04484605087014726,-0.1218206157965194,1,0.6666666666666666,0.07277628032345014,0.03436657681940701,0.016,-0.05677628032345014,1,20,0.6666666666666666,0,-0.1218206157965194,False
7,32601,34356,1756,1500,1500.0,1489,1557,1492.5,1538.0,0.8598376993166287,0.9989583333333333,1.0,0.9691666666666666,0.9604166666666667,32747,32768,TATAGTCAACAGCCACTCTCTC,1.0,1.0,0,0,34061,34082,AGGTGATGGACACGATTGAGTG,1.0,1.0,0,0,1424,1472.35,19,12.666666666666666,0.07345013477088949,0.17086834733893558,0.04618473895582329,-0.1246836083831123,1,0.6666666666666666,0.07345013477088949,0.03706199460916442,0.021333333333333333,-0.05211680143755616,1,20,0.6666666666666666,0,-0.1246836083831123,False
8,32701,34456,1756,1500,1500.0,1490,1557,1492.5,1538.0,0.859873291571754,0.9754166666666667,1.0,0.9689285714285749,0.9570833333333333,32747,32768,TATAGTCAACAGCCACTCTCTC,1.0,1.0,0,0,34214,34235,AGGAATTCGACGATGAGCGTGA,1.0,1.0,0,0,1424,1472.475,19,12.666666666666666,0.07277628032345014,0.1719077568134172,0.04618473895582329,-0.1257230178575939,1,0.6666666666666666,0.07277628032345014,0.03973063973063973,0.022,-0.05077628032345014,1,20,0.6666666666666666,0,-0.1257230178575939,False
9,43301,44808,1508,1500,1500.0,1491,1502,1494.0,1502.0,0.9942805039787799,0.9997916666666666,0.97625,0.9745555555555621,0.9345238095238164,43325,43346,GGCTACCTGAACCCTTACTTCT,1.0,1.0,0,0,44567,44588,ACAAAGCCTTGAGAACCTTGAC,1.0,1.0,0,0,1483,1496.4916666666666,6,4.0,0.046,0.18236877523553163,0.020639147802929428,-0.16172962743260222,1,0.6666666666666666,0.042666666666666665,0.0400266844563042,0.0026666666666666666,-0.04,1,7,0.6666666666666666,0,-0.16172962743260222,False
10,43201,44702,1502,1500,1500.0,1491,1502,1494.0,1502.0,0.9982523302263648,0.9997916666666666,0.99625,0.9724722222222287,0.9628571428571497,43325,43346,GGCTACCTGAACCCTTACTTCT,1.0,1.0,0,0,44486,44507,GGGCGTGAGTCATGTCAATGTC,1.0,1.0,0,0,1486,1497.1916666666666,3,2.0,0.03933333333333333,0.1699126930826058,0.015978695073235686,-0.1539339980093701,1,0.6666666666666666,0.03666666666666667,0.03802535023348899,0.0026666666666666666,-0.03535868356682233,1,4,0.6666666666666666,0,-0.1539339980093701,False
11,43101,44602,1502,1500,1500.0,1497,1502,1500.0,1502.0,0.9990013315579228,1.0,0.9966666666666667,0.9670833333333333,0.96613425925927,43325,43346,GGCTACCTGAACCCTTACTTCT,1.0,1.0,0,0,44486,44507,GGGCGTGAGTCATGTCAATGTC,1.0,1.0,0,0,1495,1499.3666666666666,2,1.3333333333333333,0.04133333333333333,0.16688918558077437,0.013315579227696404,-0.15357360635307796,1,0.6666666666666666,0.03866666666666667,0.03935957304869913,0.0033333333333333335,-0.036026239715365796,1,3,0.6666666666666666,0,-0.15357360635307796,False
12,41201,43420,2220,2000,2000.0,1989,2046,1992.0,2015.0,0.9023648648648649,0.8833333333333333,1.0,0.9770833333333333,0.9725,41260,41281,AATCCACCGTTGGTAGAGAGTA,1.0,1.0,0,0,43325,43346,AGAAGTAAGGGTTCAGGTAGCC,1.0,1.0,0,0,1947,1977.8166666666666,22,11.0,0.05348133198789102,0.20869565217391303,0.04168759417378202,-0.16700805800013102,1,0.5,0.0524987380111055,0.03619909502262444,0.0080040020010005,-0.044494736010105,1,23,0.5,0,-0.16700805800013102,False
13,32801,35073,2273,2000,2000.0,1993,2067,1994.5,2041.0,0.8845138583369996,0.9729166666666667,0.9879166666666667,0.9630952380952416,0.959375,32826,32847,TAGTACATCAACAGGCTCGTCT,1.0,1.0,0,0,34793,34814,TACAGGCTTCCCTCCAAACAAT,0.9971590909090909,0.9375,1,0,1918,1969.55,27,13.5,0.07308467741935484,0.16996871741397288,0.048841893252769386,-0.12112682416120349,4,2.0,0.07308467741935484,0.04534005037783375,0.0285,-0.044584677419354846,4,31,2.0,0,-0.12112682416120349,False
14,32701,34969,2269,2000,2000.0,1993,2067,1994.5,2039.5,0.8859078889378581,0.9754166666666667,1.0,0.9689285714285749,0.9675,32747,32768,TATAGTCAACAGCCACTCTCTC,1.0,1.0,0,0,34793,34814,TACAGGCTTCCCTCCAAACAAT,0.9971590909090909,0.9375,1,0,1919,1969.7583333333334,23,11.5,0.07207661290322581,0.16571130797290257,0.050352467270896276,-0.11535884070200629,4,2.0,0.07207661290322581,0.04332493702770781,0.0275,-0.044576612903225815,4,27,2.0,0,-0.11535884070200629,False
15,32601,34869,2269,2000,2000.0,1993,2067,1994.0,2039.5,0.8858803437637726,0.9989583333333333,1.0,0.9691666666666666,0.966875,32747,32768,TATAGTCAACAGCCACTCTCTC,1.0,1.0,0,0,34793,34814,TACAGGCTTCCCTCCAAACAAT,0.9971590909090909,0.9375,1,0,1919,1969.6333333333334,23,11.5,0.07358870967741936,0.1651902032308494,0.048841893252769386,-0.11634830997808002,4,2.0,0.07358870967741936,0.04334677419354839,0.028,-0.04558870967741936,4,27,2.0,0,-0.11634830997808002,False
16,41201,43920,2720,2500,2500.0,2488,2546,2492.0,2515.0,0.9202895220588235,0.8833333333333333,1.0,0.9770833333333333,0.9708333333333333,41260,41281,AATCCACCGTTGGTAGAGAGTA,1.0,1.0,0,0,43808,43829,TACCCTCATCGAGCATTCGCTC,0.9971590909090909,0.9375,1,0,2446,2477.6916666666666,24,9.6,0.04794520547945205,0.19429735234215886,0.03532717784022481,-0.15897017450193407,2,0.8,0.046352277307537285,0.03617363344051447,0.007202881152460984,-0.0391493961550763,2,26,0.8,0,-0.15897017450193407,False
17,41301,44020,2720,2500,2500.0,2488,2546,2492.0,2515.0,0.9202205882352941,0.8325,0.999375,0.9664935897435983,0.9522916666666666,41334,41355,GTTGGTGATTCATAGTCGTTTA,1.0,1.0,0,0,43808,43829,TACCCTCATCGAGCATTCGCTC,0.9971590909090909,0.9375,1,0,2446,2477.3166666666666,23,9.2,0.05062778452814905,0.20106035889070148,0.03532717784022481,-0.16573318105047669,2,0.8,0.048217179902755265,0.03938906752411576,0.007603041216486595,-0.04061413868626867,2,25,0.8,0,-0.16573318105047669,False
18,41001,44220,3220,3000,3000.0,2988,3045,2992.0,3014.5,0.9325310559006211,1.0,0.9985416666666667,0.9585416666666666,0.9476805555555621,41260,41281,AATCCACCGTTGGTAGAGAGTA,1.0,1.0,0,0,44082,44103,ATGACATGCTCCTTGTACTTCA,0.9971590909090909,0.9375,1,0,2945,2976.825,30,10.0,0.05186931626810374,0.1929587000677048,0.035439652290203946,-0.15751904777750086,2,0.6666666666666666,0.049528301886792456,0.040160642570281124,0.007335778592864288,-0.04219252329392817,2,32,0.6666666666666666,0,-0.15751904777750086,False
19,41101,44320,3220,3000,3000.0,2988,3045,2992.0,3014.5,0.9325310559006211,0.8833333333333333,0.9991666666666666,0.969375,0.9639305555555621,41260,41281,AATCCACCGTTGGTAGAGAGTA,1.0,1.0,0,0,44082,44103,ATGACATGCTCCTTGTACTTCA,0.9971590909090909,0.9375,1,0,2945,2976.825,27,9.0,0.0498484338160997,0.1926201760324983,0.032430625208960215,-0.16018955082353808,2,0.6666666666666666,0.047506738544474396,0.038821954484605084,0.006668889629876626,-0.04083784891459777,2,29,0.6666666666666666,0,-0.16018955082353808,False
20,41001,43220,2220,2000,2000.0,1989,2046,1992.0,2015.0,0.9023648648648649,1.0,1.0,0.9585416666666666,0.9608333333333212,41260,41281,AATCCACCGTTGGTAGAGAGTA,1.0,1.0,0,0,43175,43196,ATGAATCCCTGATGTGAACTTC,0.9971590909090909,0.9375,1,0,1947,1977.8166666666666,28,14.0,0.06004036326942482,0.21074168797953965,0.047212456052235056,-0.1635292319273046,1,0.5,0.05906108026249369,0.03770739064856712,0.009004502251125562,-0.050056578011368126,1,29,0.5,0,-0.1635292319273046,False
21,41101,43320,2220,2000,2000.0,1989,2046,1992.0,2015.0,0.9023648648648649,0.8833333333333333,1.0,0.969375,0.9602083333333333,41260,41281,AATCCACCGTTGGTAGAGAGTA,1.0,1.0,0,0,43175,43196,ATGAATCCCTGATGTGAACTTC,0.9971590909090909,0.9375,1,0,1947,1977.8166666666666,25,12.5,0.05701311806256307,0.21023017902813299,0.04269211451531894,-0.16753806451281406,1,0.5,0.05603230691569914,0.03619909502262444,0.0080040020010005,-0.04802830491469864,1,26,0.5,0,-0.16753806451281406,False
22,59501,61083,1583,1500,1500.0,1414,1532,1499.5,1519.5,0.9471730890713834,0.8258333333333333,0.9510416666666667,0.9072976190476038,0.9343333333333673,59659,59680,CATCCGGCTGGGCGTCTCAAGA,1.0,1.0,0,0,60809,60830,AGATGGTGTTCATGACCTTGGA,0.9971590909090909,0.9375,1,0,1400,1487.0333333333333,0,0.0,0.06204136090727151,0.16789297658862876,0.013333333333333334,-0.15455964325529542,17,11.333333333333334,0.06204136090727151,0.028666666666666667,0.009333333333333334,-0.05270802757393818,0,17,0.0,0,-0.15455964325529542,False
23,32501,34769,2269,2000,2000.0,1993,2067,1994.0,2039.5,0.8858803437637726,0.9997916666666666,0.9610416666666667,0.9654166666666667,0.9470496031746006,32747,32768,TATAGTCAACAGCCACTCTCTC,1.0,1.0,0,0,34736,34757,CCAAAGAGTGCATGGCGGATCT,0.9886363636363636,0.875,2,0,1919,1969.6333333333334,23,11.5,0.07258064516129033,0.16831683168316833,0.04783484390735146,-0.12048198777581687,3,1.5,0.07258064516129033,0.04334677419354839,0.0265,-0.04608064516129033,3,26,1.5,0,-0.12048198777581687,False
24,41001,43720,2720,2500,2500.0,2488,2546,2492.0,2515.0,0.9202895220588235,1.0,0.9997916666666666,0.9585416666666666,0.970805555555562,41260,41281,AATCCACCGTTGGTAGAGAGTA,1.0,1.0,0,0,43553,43574,TGGTAAGACCCAAGAATCCGTC,0.9943181818181818,0.875,1,0,2446,2477.6916666666666,30,12.0,0.05116841257050766,0.19674134419551934,0.03894018466479326,-0.15780115953072607,2,0.8,0.049979846835953246,0.03536977491961415,0.007603041216486595,-0.04237680561946665,2,32,0.8,0,-0.15780115953072607,False
25,41101,43820,2720,2500,2500.0,2488,2546,2492.0,2515.0,0.9202895220588235,0.8833333333333333,1.0,0.969375,0.9708333333333333,41260,41281,AATCCACCGTTGGTAGAGAGTA,1.0,1.0,0,0,43553,43574,TGGTAAGACCCAAGAATCCGTC,0.9943181818181818,0.875,1,0,2446,2477.6916666666666,27,10.8,0.04915390813859791,0.19633401221995928,0.035728623042954634,-0.16060538917700465,2,0.8,0.04796453043127771,0.034967845659163985,0.006802721088435374,-0.04116180934284234,2,29,0.8,0,-0.16060538917700465,False
26,41201,44422,3222,3000,3000.0,2990,3046,2994.0,3016.0,0.9322625698324022,0.8833333333333333,0.9958333333333333,0.9770833333333333,0.9640231481481654,41260,41281,AATCCACCGTTGGTAGAGAGTA,1.0,1.0,0,0,44178,44199,TGTGCATGAAATAGGTGGACTG,0.9943181818181818,0.875,1,0,2946,2977.1833333333334,24,8.0,0.04816436510609633,0.1942372881355932,0.03326612903225806,-0.16097115910333515,2,0.6666666666666666,0.04582210242587601,0.03982597054886212,0.006668889629876626,-0.039153212795999384,2,26,0.6666666666666666,0,-0.16097115910333515,False
27,41001,42706,1706,1500,1500.0,1489,1544,1490.5,1512.5,0.8804953106682297,1.0,0.9520833333333333,0.9585416666666666,0.945625,41260,41281,AATCCACCGTTGGTAGAGAGTA,1.0,1.0,0,0,42436,42457,GGCCTGGCAGGCCTGACAGGAG,0.9943181818181818,0.875,1,0,1448,1478.0,26,17.333333333333332,0.05739365293720459,0.21085164835164835,0.05143620574482298,-0.15941544260682539,1,0.6666666666666666,0.05739365293720459,0.03022162525184688,0.009339559706470981,-0.048054093230733605,1,27,0.6666666666666666,0,-0.15941544260682539,False
28,32801,34569,1769,1500,1500.0,1493,1567,1494.5,1539.5,0.8536602600339175,0.9729166666666667,0.9572916666666667,0.9630952380952416,0.9391008852258771,32826,32847,TAGTACATCAACAGGCTCGTCT,1.0,1.0,0,0,34334,34355,GGGCTTCTCTATGGCCCAAGGA,0.9886363636363636,0.875,2,0,1419,1469.7583333333334,21,14.0,0.07412398921832884,0.18073136427566808,0.047106325706594884,-0.1336250385690732,1,0.6666666666666666,0.07412398921832884,0.04781144781144781,0.026,-0.04812398921832885,1,22,0.6666666666666666,0,-0.1336250385690732,False
29,41301,43020,1720,1500,1500.0,1489,1546,1492.0,1515.0,0.8739825581395348,0.8325,0.9658333333333333,0.9664935897435983,0.9489583333333212,41334,41355,GTTGGTGATTCATAGTCGTTTA,1.0,1.0,0,0,42952,42973,GTGGGTGCAAGTACAGGTTGTA,0.9829545454545454,0.875,3,0,1447,1477.8166666666666,21,14.0,0.06005398110661268,0.2268041237113402,0.05084745762711865,-0.17595666608422156,1,0.6666666666666666,0.05806887238352464,0.038280725319006045,0.009339559706470981,-0.04872931267705366,1,22,0.6666666666666666,0,-0.17595666608422156,False
30,59601,61147,1547,1500,1500.0,1401,1512,1499.5,1508.5,0.9667905623787977,0.9497916666666667,0.9345833333333333,0.9401249999999951,0.9345790598291205,59659,59680,CATCCGGCTGGGCGTCTCAAGA,1.0,1.0,0,0,60976,60997,GAGGCTCGTTGGGAGAAGTAGC,0.9886363636363636,0.875,2,0,1385,1484.9916666666666,0,0.0,0.06337558372248166,0.16510695187165775,0.012,-0.15310695187165774,14,9.333333333333334,0.06337558372248166,0.02881844380403458,0.005333333333333333,-0.05804225038914832,0,14,0.0,0,-0.15310695187165774,False
31,34101,35702,1602,1500,1500.5,1494,1515,1494.0,1509.0,0.9375,1.0,0.8995833333333333,0.9545833333333333,0.885019841269847,34214,34235,TCACGCTCATCGTCGAATTCCT,1.0,1.0,0,0,35439,35460,ATCCCTAGATTTAGGCCTACTC,0.9914772727272727,0.8125,1,0,1485,1495.5583333333334,26,17.327557480839722,0.08477970627503338,0.2080808080808081,0.06898861352980576,-0.13909219455100233,5,3.332222592469177,0.08477970627503338,0.058666666666666666,0.034,-0.05077970627503338,5,31,3.332222592469177,0,-0.13909219455100233,False
32,34001,35577,1577,1500,1500.5,1494,1509,1494.0,1504.5,0.9517279644895371,1.0,0.8079166666666666,0.9635416666666666,0.7679226190476159,34061,34082,CACTCAATCGTGTCCATCACCT,1.0,1.0,0,0,35439,35460,ATCCCTAGATTTAGGCCTACTC,0.9914772727272727,0.8125,1,0,1486,1495.875,20,13.328890369876708,0.08205470313542361,0.20053835800807537,0.0622906898861353,-0.13824766812194006,5,3.332222592469177,0.08205470313542361,0.06266666666666666,0.036,-0.04605470313542361,5,25,3.332222592469177,0,-0.13824766812194006,False
33,33901,35471,1571,1500,1500.5,1494,1509,1494.0,1506.0,0.9554423933800127,1.0,0.821875,0.9597916666666667,0.7740512820512716,34061,34082,CACTCAATCGTGTCCATCACCT,1.0,1.0,0,0,35439,35460,ATCCCTAGATTTAGGCCTACTC,0.9914772727272727,0.8125,1,0,1488,1496.3583333333333,18,11.996001332889037,0.07671781187458306,0.1928763440860215,0.05760214333556597,-0.13527420075045554,5,3.332222592469177,0.07671781187458306,0.06133333333333333,0.036,-0.04071781187458306,5,23,3.332222592469177,0,-0.13527420075045554,False
34,32801,35640,2840,2500,2500.0,2494,2573,2494.5,2542.5,0.8842429577464789,0.9729166666666667,0.9425,0.9630952380952416,0.9120892857142826,32826,32847,TAGTACATCAACAGGCTCGTCT,1.0,1.0,0,0,35439,35460,ATCCCTAGATTTAGGCCTACTC,0.9914772727272727,0.8125,1,0,2414,2468.35,41,16.4,0.08256141763995167,0.1975973487986744,0.060764587525150904,-0.1368327612735235,5,2.0,0.08256141763995167,0.04909456740442656,0.026,-0.05656141763995168,5,46,2.0,0,-0.1368327612735235,False
35,32701,35533,2833,2500,2500.0,2494,2566,2494.5,2542.5,0.8862733851041299,0.9754166666666667,0.8079166666666666,0.9689285714285749,0.7679226190476159,32747,32768,TATAGTCAACAGCCACTCTCTC,1.0,1.0,0,0,35439,35460,ATCCCTAGATTTAGGCCTACTC,0.9914772727272727,0.8125,1,0,2414,2468.35,37,14.8,0.08215867901731776,0.19179784589892296,0.060764587525150904,-0.13103325837377205,5,2.0,0.08215867901731776,0.04788732394366197,0.0264,-0.05575867901731776,5,42,2.0,0,-0.13103325837377205,False
36,32901,35173,2273,2000,2000.0,1994,2068,1994.5,2040.5,0.8845688517377914,0.9283333333333333,0.9875,0.9391666666666667,0.9429166666666666,32985,33006,CGATGTTACAATATAATGCAAG,1.0,1.0,0,0,34877,34898,ATTTGCACTATGCTTACAACAA,0.9914772727272727,0.8125,1,0,1918,1969.7583333333334,25,12.5,0.07506297229219143,0.17935349322210636,0.050327126321087066,-0.1290263669010193,4,2.0,0.07506297229219143,0.0508816120906801,0.029,-0.04606297229219143,4,29,2.0,0,-0.1290263669010193,False
37,32901,34669,1769,1500,1500.0,1494,1568,1494.5,1539.5,0.8538015828151498,0.9283333333333333,0.9572916666666667,0.9391666666666667,0.946600885225877,32985,33006,CGATGTTACAATATAATGCAAG,1.0,1.0,0,0,34424,34445,GGATTGAGCAGTACAACTTTGG,0.9914772727272727,0.8125,1,0,1420,1470.2083333333333,19,12.666666666666666,0.07407407407407407,0.1848208011243851,0.04774714189643578,-0.1370736592279493,1,0.6666666666666666,0.07407407407407407,0.048484848484848485,0.028666666666666667,-0.0454074074074074,1,20,0.6666666666666666,0,-0.1370736592279493,False
38,41101,42818,1718,1500,1500.0,1489,1546,1492.0,1515.0,0.8749272409778812,0.8833333333333333,0.95375,0.969375,0.93625,41260,41281,AATCCACCGTTGGTAGAGAGTA,1.0,1.0,0,0,42633,42654,TGACGAAAAATGAAGCATTAGG,0.9886363636363636,0.75,1,0,1447,1477.8083333333334,23,15.333333333333334,0.06005398110661268,0.21855670103092784,0.05143620574482298,-0.16712049528610484,1,0.6666666666666666,0.05806887238352464,0.03425117528542646,0.009339559706470981,-0.04872931267705366,1,24,0.6666666666666666,0,-0.16712049528610484,False
39,41201,42920,1720,1500,1500.0,1489,1546,1492.0,1515.0,0.8739825581395348,0.8833333333333333,0.9504166666666667,0.9770833333333333,0.9327083333333334,41260,41281,AATCCACCGTTGGTAGAGAGTA,1.0,1.0,0,0,42633,42654,TGACGAAAAATGAAGCATTAGG,0.9886363636363636,0.75,1,0,1447,1477.8166666666666,22,14.666666666666666,0.059379217273954114,0.2261168384879725,0.05288135593220339,-0.17323548255576912,1,0.6666666666666666,0.05739365293720459,0.03895231699126931,0.009339559706470981,-0.048054093230733605,1,23,0.6666666666666666,0,-0.17323548255576912,False
40,16201,17830,1630,1500,1500.0,1475,1533,1486.5,1522.5,0.9222776073619632,0.9660416666666667,0.979375,0.9529464285714312,0.9103789682539658,16244,16265,GCGAACATCTCGGGATAGCCCA,1.0,1.0,0,0,17578,17599,ATCTTGGGTCTCGCGAAAGTCG,0.9744318181818182,0.6875,2,0,1436,1482.8166666666666,52,34.666666666666664,0.13244147157190636,0.2518568534773801,0.11788345612860013,-0.13397339734878,11,7.333333333333333,0.13244147157190636,0.07167235494880546,0.0033377837116154874,-0.12910368786029086,11,63,7.333333333333333,0,-0.13397339734878,False
41,16101,17732,1632,1500,1500.5,1476,1534,1487.0,1526.0,0.9221813725490197,0.9670833333333333,0.96625,0.9675555555555547,0.9137083333333309,16109,16130,CTTGTAAGGATCCCAAGTACTG,1.0,1.0,0,0,17578,17599,ATCTTGGGTCTCGCGAAAGTCG,0.9744318181818182,0.6875,2,0,1435,1483.8083333333334,49,32.65578140619794,0.12633689839572193,0.2542258282623394,0.10904255319148937,-0.14518327507085005,11,7.33088970343219,0.12366310160427807,0.06480218281036836,0.0020013342228152103,-0.12166176738146287,11,60,7.33088970343219,0,-0.14518327507085005,False
42,15501,17630,2130,2000,2000.5,1976,2034,1987.0,2026.0,0.941255868544601,1.0,0.9620833333333333,0.9725,0.9118522727272709,15567,15588,GCAGTCTTGAACTCGTGGTAAG,1.0,1.0,0,0,17578,17599,ATCTTGGGTCTCGCGAAAGTCG,0.9744318181818182,0.6875,2,0,1935,1983.8083333333334,44,21.994501374656334,0.09619238476953908,0.22132390096008084,0.07715430861723446,-0.14416959234284638,11,5.4986253436640835,0.09177057356608478,0.052899287894201424,0.002001000500250125,-0.08976957306583466,11,55,5.4986253436640835,0,-0.14416959234284638,False
43,16001,17630,1630,1500,1500.5,1476,1534,1487.0,1526.0,0.9232361963190184,0.9845833333333334,0.9620833333333333,0.9719305555555547,0.9118522727272709,16109,16130,CTTGTAAGGATCCCAAGTACTG,1.0,1.0,0,0,17578,17599,ATCTTGGGTCTCGCGAAAGTCG,0.9744318181818182,0.6875,2,0,1435,1483.8083333333334,44,29.32355881372876,0.11497326203208556,0.2515212981744422,0.10026737967914438,-0.1512539184952978,10,6.664445184938354,0.11163101604278075,0.05798090040927694,0.0020013342228152103,-0.10962968181996555,10,54,6.664445184938354,0,-0.1512539184952978,False
44,32501,35275,2775,2500,2500.0,2493,2566,2494.0,2541.0,0.9046396396396397,0.9997916666666666,0.9810416666666667,0.9654166666666667,0.9212179487179432,32747,32768,TATAGTCAACAGCCACTCTCTC,1.0,1.0,0,0,35087,35108,TAATGATATATAGTTAATAGCA,0.9744318181818182,0.6875,3,0,2416,2468.85,32,12.8,0.07652033830044301,0.17922185430463577,0.05472837022132797,-0.1244934840833078,4,1.6,0.07652033830044301,0.04750402576489533,0.0252,-0.05132033830044301,4,36,1.6,0,-0.1244934840833078,False
45,15401,16973,1573,1500,1500.0,1499,1509,1499.0,1509.0,0.9546249205340115,1.0,0.8641666666666666,0.9820833333333333,0.8710218253968136,15567,15588,GCAGTCTTGAACTCGTGGTAAG,1.0,1.0,0,0,16745,16766,CAAACTCAATTCAAGAGGCCTG,0.9715909090909091,0.625,3,0,1474,1492.9166666666667,9,6.0,0.06608811748998665,0.19418132611637348,0.029372496662216287,-0.1648088294541572,1,0.6666666666666666,0.06563965170797052,0.0466977985323549,0.0013333333333333333,-0.06430631837463718,1,10,0.6666666666666666,0,-0.1648088294541572,False
46,15301,16844,1544,1500,1500.0,1494,1510,1496.5,1503.0,0.9716645077720207,1.0,0.9197916666666667,0.98125,0.880525793650789,15567,15588,GCAGTCTTGAACTCGTGGTAAG,1.0,1.0,0,0,16745,16766,CAAACTCAATTCAAGAGGCCTG,0.9715909090909091,0.625,3,0,1478,1494.2083333333333,5,3.3333333333333335,0.060828877005347594,0.18488529014844804,0.02134756504336224,-0.1635377251050858,1,0.6666666666666666,0.060828877005347594,0.04536357571714476,0.0013333333333333333,-0.05949554367201426,1,6,0.6666666666666666,0,-0.1635377251050858,False
47,15301,18748,3448,3000,3000.5,2945,3296,2955.5,3281.0,0.8931445765661253,1.0,0.6695833333333333,0.98125,0.909638888888876,15567,15588,GCAGTCTTGAACTCGTGGTAAG,1.0,1.0,0,0,18654,18675,CCGCATCGAAGAGTCTCTTCAA,0.9659090909090909,0.5625,3,0,2809,2971.7833333333333,74,24.66255624062656,0.10547667342799188,0.20966243419015174,0.09962724500169434,-0.1100351891884574,21,6.998833527745376,0.10493827160493827,0.06723549488054607,0.0050573162508428865,-0.09988095535409539,21,95,6.998833527745376,0,-0.1100351891884574,False
48,15501,17102,1602,1500,1500.0,1499,1528,1499.0,1518.5,0.9388264669163545,1.0,0.8158333333333333,0.9725,0.8533432539682447,15567,15588,GCAGTCTTGAACTCGTGGTAAG,1.0,1.0,0,0,16937,16958,CTGTCCATAAGGATGGCCTAAG,0.9772727272727273,0.5625,2,0,1472,1492.6083333333333,14,9.333333333333334,0.07543391188251002,0.21544715447154472,0.04205607476635514,-0.17339107970518958,1,0.6666666666666666,0.07434695244474213,0.04869913275517011,0.0013333333333333333,-0.07301361911140879,1,15,0.6666666666666666,0,-0.17339107970518958,False
49,16201,18642,2442,2000,2000.0,1945,2295,1955.5,2280.5,0.8510186322686323,0.9660416666666667,0.5852083333333333,0.9529464285714312,0.8826349206348884,16244,16265,GCGAACATCTCGGGATAGCCCA,1.0,1.0,0,0,18363,18384,TGCTTACCTCTCCTTGCATCAT,0.9659090909090909,0.5,3,0,1809,1971.8833333333334,70,35.0,0.13840653728294178,0.2429403854773644,0.12931034482758622,-0.11363004064977819,17,8.5,0.13840653728294178,0.08601036269430051,0.0035623409669211198,-0.13484419631602065,17,87,8.5,0,-0.13484419631602065,False
50,16101,18390,2290,2000,2000.0,1966,2150,1979.5,2134.5,0.8933951965065502,0.9670833333333333,0.858125,0.9675555555555547,0.9012208994708938,16109,16130,CTTGTAAGGATCCCAAGTACTG,1.0,1.0,0,0,18363,18384,TGCTTACCTCTCCTTGCATCAT,0.9659090909090909,0.5,3,0,1847,1985.3666666666666,66,33.0,0.13453815261044177,0.23859817570811329,0.1216008209338122,-0.11699735477430108,17,8.5,0.13353413654618473,0.0814663951120163,0.0035,-0.13003413654618473,17,83,8.5,0,-0.13003413654618473,False
51,15301,17937,2637,2500,2500.0,2430,2535,2475.5,2526.5,0.9482366325369739,1.0,0.9620833333333333,0.98125,0.906900793650772,15567,15588,GCAGTCTTGAACTCGTGGTAAG,1.0,1.0,0,0,17790,17811,CCAAACTCGCACAAGTCTCATG,0.9715909090909091,0.375,1,0,2372,2473.35,57,22.8,0.09695512820512821,0.2062852538275584,0.08209851822186624,-0.12418673560569217,12,4.8,0.09263854425144748,0.06044624746450304,0.0024,-0.09023854425144748,12,69,4.8,0,-0.12418673560569217,False
52,21501,25165,3665,3500,3500.0,3486,3535,3486.5,3531.0,0.9557298772169168,1.0,0.921875,0.936875,0.940380494505492,21749,21770,AAGAGACTGCATGGATGACAGC,0.9943181818181818,0.9375,2,0,24920,24941,GCATCATGCGCATCTCTGCGTA,1.0,1.0,0,0,3382,3458.9666666666667,24,6.857142857142857,0.09933964972724663,0.20449897750511248,0.07687877915346962,-0.12762019835164284,218,62.285714285714285,0.05973135181480423,0.0161243881370573,0.09041016753321779,0.030678815718413556,24,242,6.857142857142857,1,-0.12762019835164284,False
53,41401,43582,2182,2000,2000.0,1988,2010,1992.0,2009.0,0.9166762144821264,0.936875,0.9997916666666666,0.9514670329670358,0.9737222222222287,41435,41456,CGATCAAAGAGGGGCAAGGCGC,0.9971590909090909,0.9375,1,0,43325,43346,AGAAGTAAGGGTTCAGGTAGCC,1.0,1.0,0,0,1946,1977.6083333333333,22,11.0,0.05247225025227043,0.21023017902813299,0.040683073832245106,-0.1695471051958879,2,1.0,0.05199394245330641,0.036720321931589535,0.007503751875937969,-0.04449019057736844,2,24,1.0,0,-0.1695471051958879,False
54,41401,44584,3184,3000,3000.0,2990,3010,2994.0,3010.0,0.942446608040201,0.936875,0.9966666666666667,0.9514670329670358,0.96988425925927,41435,41456,CGATCAAAGAGGGGCAAGGCGC,0.9971590909090909,0.9375,1,0,44486,44507,GGGCGTGAGTCATGTCAATGTC,1.0,1.0,0,0,2946,2977.1,22,7.333333333333333,0.047490737622094985,0.19349373093866487,0.03192204301075269,-0.16157168792791218,2,0.6666666666666666,0.045485175202156336,0.03982597054886212,0.006335445148382794,-0.03914973005377354,2,24,0.6666666666666666,0,-0.16157168792791218,False
55,21601,24740,3140,3000,3000.0,2993,3018,2995.0,3014.5,0.9563893312101911,1.0,0.981875,0.934375,0.9436111111110829,21749,21770,AAGAGACTGCATGGATGACAGC,0.9943181818181818,0.9375,2,0,24669,24690,TGTCGTTCTCAACCAAGGTCTG,0.9971590909090909,0.9375,1,0,2912,2971.883333333333,18,6.0,0.10305471634776771,0.20341880341880342,0.07851653859004344,-0.12490226482875998,211,70.33333333333333,0.057429048414023375,0.01067378252168112,0.09437141894169195,0.03694237052766857,18,229,6.0,1,-0.12490226482875998,False
56,21701,24840,3140,3000,3000.0,2993,3018,2995.0,3014.5,0.9563893312101911,1.0,0.981875,0.9385416666666667,0.9415277777777494,21749,21770,AAGAGACTGCATGGATGACAGC,0.9943181818181818,0.9375,2,0,24669,24690,TGTCGTTCTCAACCAAGGTCTG,0.9971590909090909,0.9375,1,0,2912,2971.883333333333,18,6.0,0.10070493454179255,0.20273504273504273,0.07784831272970263,-0.12488673000534009,204,68.0,0.05709515859766277,0.01134089392928619,0.09302325581395349,0.035928097216290714,18,222,6.0,1,-0.12488673000534009,False
57,21601,24228,2628,2500,2500.0,2485,2518,2491.0,2514.5,0.9522926179604262,1.0,0.9629166666666666,0.934375,0.9562361111111144,21749,21770,AAGAGACTGCATGGATGACAGC,0.9943181818181818,0.9375,2,0,24105,24126,GCTTGCGCACCTTCATGCTGGC,0.9971590909090909,0.9375,1,0,2413,2472.9416666666666,12,4.8,0.1111111111111111,0.21402061855670104,0.08102687525070197,-0.13299374330599906,198,79.2,0.05851703406813627,0.009207365892714172,0.10258481421647819,0.04406778014834192,12,210,4.8,1,-0.13299374330599906,False
58,21701,24335,2635,2500,2500.0,2492,2518,2494.5,2514.5,0.9500948766603415,1.0,0.9425,0.9385416666666667,0.9531111111111144,21749,21770,AAGAGACTGCATGGATGACAGC,0.9943181818181818,0.9375,2,0,24105,24126,GCTTGCGCACCTTCATGCTGGC,0.9971590909090909,0.9375,1,0,2413,2473.0,12,4.8,0.11196443007275667,0.21195876288659793,0.08102687525070197,-0.13093188763589597,195,78.0,0.061322645290581165,0.008406725380304243,0.10137318255250403,0.04005053726192287,12,207,4.8,1,-0.13093188763589597,False
59,41401,44082,2682,2500,2500.0,2488,2510,2492.0,2509.0,0.9321401938851603,0.936875,0.999375,0.9514670329670358,0.954375,41435,41456,CGATCAAAGAGGGGCAAGGCGC,0.9971590909090909,0.9375,1,0,43808,43829,TACCCTCATCGAGCATTCGCTC,0.9971590909090909,0.9375,1,0,2446,2477.233333333333,22,8.8,0.050222762251923854,0.200652528548124,0.03532717784022481,-0.16532535070789917,2,0.8,0.048217179902755265,0.04019292604501608,0.007202881152460984,-0.04101429875029428,2,24,0.8,0,-0.16532535070789917,False
60,21701,23816,2116,2000,2000.0,1985,2018,1990.0,2015.0,0.9460066162570888,1.0,1.0,0.9385416666666667,0.959375,21749,21770,AAGAGACTGCATGGATGACAGC,0.9943181818181818,0.9375,2,0,23778,23799,AGGTAGGCTCTTGTTCAAGCAT,0.9943181818181818,0.875,1,0,1914,1973.1333333333334,9,4.5,0.11874684183931278,0.23272727272727273,0.08730556949322629,-0.14542170323404643,174,87.0,0.06068204613841525,0.0080040020010005,0.11026808295397066,0.04958603681555541,9,183,4.5,1,-0.14542170323404643,False
61,41401,43082,1682,1500,1500.0,1489,1510,1492.0,1509.0,0.8919441141498217,0.936875,0.9933333333333333,0.9514670329670358,0.9541666666666545,41435,41456,CGATCAAAGAGGGGCAAGGCGC,0.9971590909090909,0.9375,1,0,42952,42973,GTGGGTGCAAGTACAGGTTGTA,0.9829545454545454,0.875,3,0,1447,1477.7333333333333,20,13.333333333333334,0.060379918588873815,0.2274914089347079,0.05084745762711865,-0.17664395130758925,1,0.6666666666666666,0.05739365293720459,0.03895231699126931,0.00867244829886591,-0.04872120463833868,1,21,0.6666666666666666,0,-0.17664395130758925,False
62,43001,44502,1502,1500,1500.0,1497,1502,1500.0,1502.0,0.9990013315579228,1.0,0.9966666666666667,0.9610416666666667,0.9665509259259367,43175,43196,GAAGTTCACATCAGGGATTCAT,0.9971590909090909,0.9375,1,0,44229,44250,TCCATCGCTCAGGCTTGAACTT,0.9943181818181818,0.875,1,0,1495,1499.3666666666666,2,1.3333333333333333,0.04466666666666667,0.16221628838451269,0.013981358189081226,-0.14823493019543146,1,0.6666666666666666,0.042,0.04336224149432955,0.0033333333333333335,-0.04002890816099622,1,3,0.6666666666666666,0,-0.14823493019543146,False
63,42901,44402,1502,1500,1500.0,1497,1502,1500.0,1502.0,0.9990013315579228,1.0,0.9958333333333333,0.9604166666666546,0.9583981481481654,43175,43196,GAAGTTCACATCAGGGATTCAT,0.9971590909090909,0.9375,1,0,44178,44199,TGTGCATGAAATAGGTGGACTG,0.9943181818181818,0.875,1,0,1495,1499.3666666666666,2,1.3333333333333333,0.043333333333333335,0.16822429906542055,0.014,-0.15422429906542054,1,0.6666666666666666,0.04066666666666666,0.04136090727151434,0.0033333333333333335,-0.03802757393818101,1,3,0.6666666666666666,0,-0.15422429906542054,False
64,21501,24640,3140,3000,3000.0,2993,3018,2995.0,3014.5,0.9565684713375796,1.0,0.98375,0.936875,0.9475,21749,21770,AAGAGACTGCATGGATGACAGC,0.9943181818181818,0.9375,2,0,24547,24568,CGGCAACAAAACTGCCGCCTTT,0.9914772727272727,0.8125,1,0,2913,2973.008333333333,20,6.666666666666667,0.10352941176470588,0.20622435020519836,0.07851653859004344,-0.12770781161515493,216,72.0,0.05642737896494157,0.009006004002668445,0.09509408602150538,0.038666707056563804,20,236,6.666666666666667,1,-0.12770781161515493,False
65,21501,24116,2616,2500,2500.0,2485,2518,2490.0,2515.0,0.9563264525993884,1.0,1.0,0.936875,0.9554166666666667,21749,21770,AAGAGACTGCATGGATGACAGC,0.9943181818181818,0.9375,2,0,23865,23886,TATACCATTTAGAAATGTCAAC,0.9886363636363636,0.75,1,0,2414,2473.133333333333,14,5.6,0.11075181891673404,0.21938144329896908,0.08182912154031288,-0.1375523217586562,201,80.4,0.05573376102646351,0.008803521408563426,0.10415825595478401,0.048424494928320495,14,215,5.6,1,-0.1375523217586562,False
66,21601,23716,2116,2000,2000.0,1985,2018,1990.0,2015.0,0.9460066162570888,1.0,1.0,0.934375,0.943125,21749,21770,AAGAGACTGCATGGATGACAGC,0.9943181818181818,0.9375,2,0,23610,23631,CATCCTTCATGGCGTCCGGGTG,0.9886363636363636,0.75,1,0,1914,1973.1333333333334,10,5.0,0.12278928751894896,0.23636363636363636,0.08931259407927747,-0.1470510422843589,177,88.5,0.06068204613841525,0.009004502251125562,0.11431461810824481,0.05363257196982956,10,187,5.0,1,-0.1470510422843589,False
67,21501,23616,2116,2000,2000.0,1985,2018,1990.0,2015.0,0.9460066162570888,1.0,0.99375,0.936875,0.9388690476190459,21749,21770,AAGAGACTGCATGGATGACAGC,0.9943181818181818,0.9375,2,0,23592,23613,GGTGGTTGAACGAGAGCATGTT,0.9857954545454546,0.75,2,0,1914,1973.1333333333334,9,4.5,0.12430520464881253,0.24363636363636362,0.08881083793276467,-0.15482552570359895,179,89.5,0.05917753259779338,0.009004502251125562,0.11532625189681335,0.05614871929901997,9,188,4.5,1,-0.15482552570359895,False
68,15701,17836,2136,2000,2000.5,1975,2034,1986.5,2025.5,0.9383485486891385,1.0,0.978125,0.965,0.9094484126984086,15852,15873,GCATAAAGGCCGTTGTTGAGAC,0.9971590909090909,0.9375,1,0,17578,17599,ATCTTGGGTCTCGCGAAAGTCG,0.9744318181818182,0.6875,2,0,1934,1981.9666666666667,52,25.99350162459385,0.11027568922305764,0.22738756947953512,0.09418837675350701,-0.1331991927260281,12,5.998500374906273,0.10687405920722529,0.06412213740458016,0.0025012506253126563,-0.10437280858191263,12,64,5.998500374906273,0,-0.1331991927260281,False
69,15601,17732,2132,2000,2000.5,1976,2034,1987.0,2026.0,0.9404315196998124,1.0,0.96625,0.9689583333333334,0.9137083333333309,15627,15648,CGGACGTCGAAGCGAATGAGCT,0.9971590909090909,0.9375,1,0,17578,17599,ATCTTGGGTCTCGCGAAAGTCG,0.9744318181818182,0.6875,2,0,1935,1983.8083333333334,49,24.493876530867283,0.10521042084168336,0.22435573521980798,0.08617234468937876,-0.13818339053042922,12,5.998500374906273,0.09975062344139651,0.05849440488301119,0.0015007503751875938,-0.09824987306620891,12,61,5.998500374906273,0,-0.13818339053042922,False
70,15801,18748,2948,2500,2500.5,2445,2796,2455.5,2781.0,0.8750212008141113,1.0,0.6695833333333333,0.9752083333333333,0.909638888888876,15852,15873,GCATAAAGGCCGTTGTTGAGAC,0.9971590909090909,0.9375,1,0,18654,18675,CCGCATCGAAGAGTCTCTTCAA,0.9659090909090909,0.5625,3,0,2309,2471.7833333333333,74,29.594081183763244,0.12164361269324654,0.22499083913521437,0.11646741226378712,-0.10852342687142724,21,8.398320335932812,0.11920529801324503,0.07448559670781893,0.0056772100567721,-0.11352808795647293,21,95,8.398320335932812,0,-0.11352808795647293,False
71,15601,17214,1614,1500,1500.5,1478,1526,1488.5,1517.5,0.9303361214374225,1.0,0.8216666666666667,0.9689583333333334,0.848630952380942,15627,15648,CGGACGTCGAAGCGAATGAGCT,0.9971590909090909,0.9375,1,0,16937,16958,CTGTCCATAAGGATGGCCTAAG,0.9772727272727273,0.5625,2,0,1440,1484.6416666666667,18,11.996001332889037,0.08544726301735647,0.23337856173677068,0.0527369826435247,-0.180641579093246,1,0.6664445184938355,0.08205470313542361,0.05449591280653951,0.0006666666666666666,-0.08138803646875695,1,19,0.6664445184938355,0,-0.180641579093246,False
72,15601,18390,2790,2500,2500.0,2466,2650,2479.5,2634.5,0.9125,1.0,0.858125,0.9689583333333334,0.9012208994708938,15627,15648,CGGACGTCGAAGCGAATGAGCT,0.9971590909090909,0.9375,1,0,18363,18384,TGCTTACCTCTCCTTGCATCAT,0.9659090909090909,0.5,3,0,2347,2485.366666666667,66,26.4,0.11597110754414125,0.21912504839334107,0.10526315789473684,-0.11386189049860423,18,7.2,0.1100244498777506,0.07305194805194805,0.0028,-0.10722444987775061,18,84,7.2,0,-0.11386189049860423,False
73,15701,18648,2948,2500,2500.5,2445,2796,2455.5,2781.0,0.8750212008141113,1.0,0.5852083333333333,0.965,0.8865932539682216,15852,15873,GCATAAAGGCCGTTGTTGAGAC,0.9971590909090909,0.9375,1,0,18363,18384,TGCTTACCTCTCCTTGCATCAT,0.9659090909090909,0.5,3,0,2309,2471.7833333333333,70,27.994401119776043,0.11960943856794141,0.2268230120923415,0.11342309261525908,-0.11339991947708243,18,7.198560287942411,0.11754966887417219,0.07654320987654321,0.00283860502838605,-0.11471106384578614,18,88,7.198560287942411,0,-0.11471106384578614,False
74,21501,23080,1580,1500,1500.0,1472,1516,1483.0,1514.0,0.9485363924050633,1.0,0.8264583333333333,0.936875,0.9142136243386267,21749,21770,AAGAGACTGCATGGATGACAGC,0.9943181818181818,0.9375,2,0,23014,23035,TCATGCAATCCTAAACTAGGCC,0.9573863636363636,0.5,2,0,1422,1474.575,7,4.666666666666667,0.12338983050847457,0.25471039776692256,0.08914209115281502,-0.16556830661410754,134,89.33333333333333,0.05492297387809779,0.01134089392928619,0.11231393775372124,0.05739096387562345,7,141,4.666666666666667,1,-0.16556830661410754,False
75,21601,23201,1601,1500,1500.0,1484,1516,1489.0,1514.0,0.9373828856964397,1.0,0.8210416666666667,0.934375,0.9049576719576726,21749,21770,AAGAGACTGCATGGATGACAGC,0.9943181818181818,0.9375,2,0,23014,23035,TCATGCAATCCTAAACTAGGCC,0.9573863636363636,0.5,2,0,1422,1474.7083333333333,5,3.3333333333333335,0.12745762711864406,0.2602930914166085,0.09249329758713137,-0.16779979382947713,138,92.0,0.05760214333556597,0.01200800533689126,0.11569688768606225,0.058094744350496275,5,143,3.3333333333333335,1,-0.16779979382947713,False
76,42901,44910,2010,2000,2000.5,1910,2002,1948.5,2002.0,0.9887748756218906,1.0,0.9297916666666667,0.9604166666666546,0.9114003357752517,43175,43196,GAAGTTCACATCAGGGATTCAT,0.9971590909090909,0.9375,1,0,44611,44632,GAGTTATCCAGTAAGATATTGA,0.9630681818181818,0.5,3,0,1894,1972.7333333333333,6,2.9992501874531365,0.05471887550200803,0.18292040063257775,0.028585757271815445,-0.1543346433607623,1,0.4998750312421894,0.05271084337349398,0.04254254254254254,0.0035,-0.049210843373493976,1,7,0.4998750312421894,0,-0.1543346433607623,False
77,15801,17937,2137,2000,2000.0,1930,2035,1975.5,2026.5,0.9361254094525036,1.0,0.9620833333333333,0.9752083333333333,0.906900793650772,15852,15873,GCATAAAGGCCGTTGTTGAGAC,0.9971590909090909,0.9375,1,0,17790,17811,CCAAACTCGCACAAGTCTCATG,0.9715909090909091,0.375,1,0,1872,1973.35,57,28.5,0.11472945891783567,0.22575757575757577,0.10115172759138708,-0.12460584816618869,12,6.0,0.1092184368737475,0.06768447837150127,0.0025,-0.10671843687374749,12,69,6.0,0,-0.12460584816618869,False
78,22001,25165,3165,3000,3000.0,2986,3035,2986.5,3031.0,0.948736176935229,0.9789583333333334,0.921875,0.9383333333333334,0.940380494505492,22266,22287,ATAGATGCTGTCAAGGCTCTCC,0.9886363636363636,0.875,2,0,24920,24941,GCATCATGCGCATCTCTGCGTA,1.0,1.0,0,0,2882,2958.9666666666667,21,7.0,0.09956419711699631,0.20287375983578515,0.07601749075008409,-0.12685626908570108,178,59.333333333333336,0.06568856285428476,0.017154389505549948,0.08946657663740716,0.0237780137831224,21,199,7.0,1,-0.12685626908570108,False
79,23601,25142,1542,1500,1500.5,1481,1513,1481.0,1512.0,0.9708576523994812,1.0,0.9258333333333333,0.96125,0.9391904761904758,23778,23799,ATGCTTGAACAAGAGCCTACCT,0.9943181818181818,0.875,1,0,24920,24941,GCATCATGCGCATCTCTGCGTA,1.0,1.0,0,0,1463,1483.0333333333333,15,9.99666777740753,0.06526172671651938,0.1548731642189586,0.05687203791469194,-0.09800112630426666,39,25.99133622125958,0.05792276964047936,0.02515295717199184,0.05199189736664416,-0.005930872273835201,15,54,9.99666777740753,0,-0.09800112630426666,False
80,23501,25025,1525,1500,1500.0,1487,1512,1494.5,1501.5,0.9829508196721312,1.0,0.9889583333333334,0.9575,0.9516488095238189,23778,23799,ATGCTTGAACAAGAGCCTACCT,0.9943181818181818,0.875,1,0,24920,24941,GCATCATGCGCATCTCTGCGTA,1.0,1.0,0,0,1482,1494.6583333333333,14,9.333333333333334,0.06894243641231593,0.138255033557047,0.05953177257525084,-0.07872326098179616,48,32.0,0.05548128342245989,0.02208835341365462,0.05533333333333333,-0.00014795008912656116,14,62,9.333333333333334,0,-0.07872326098179616,False
81,40801,43520,2720,2500,2500.0,2488,2546,2492.0,2515.0,0.9202895220588235,1.0,0.9997916666666666,0.9608333333333333,0.9730972222222287,40929,40950,CGAGCACGGTCCTTGCGAGTCG,0.9943181818181818,0.875,1,0,43325,43346,AGAAGTAAGGGTTCAGGTAGCC,1.0,1.0,0,0,2446,2477.6916666666666,31,12.4,0.0515713134568896,0.1975560081466395,0.04014452027298274,-0.15741148787365677,3,1.2,0.05038291011688835,0.034967845659163985,0.007603041216486595,-0.04277986890040175,3,34,1.2,0,-0.15741148787365677,False
82,40801,44522,3722,3500,3500.0,3490,3546,3494.0,3516.0,0.9413621708758731,1.0,0.9966666666666667,0.9608333333333333,0.9678009259259367,40929,40950,CGAGCACGGTCCTTGCGAGTCG,0.9943181818181818,0.875,1,0,44486,44507,GGGCGTGAGTCATGTCAATGTC,1.0,1.0,0,0,3446,3477.1833333333334,32,9.142857142857142,0.04900547708273278,0.18581765557163532,0.03481012658227848,-0.15100752898935685,3,0.8571428571428571,0.04671280276816609,0.03870412844036697,0.006573306659045442,-0.04013949610912065,3,35,0.8571428571428571,0,-0.15100752898935685,False
83,40601,44852,4252,4000,4000.0,3966,4013,3991.0,4004.5,0.9400723189087489,0.9189583333333333,0.9591666666666666,0.9465001665001668,0.9215674603174314,40854,40875,AAGACCCTCAGACATTGTTGTC,0.9886363636363636,0.875,2,0,44567,44588,ACAAAGCCTTGAGAACCTTGAC,1.0,1.0,0,0,3877,3958.508333333333,37,9.25,0.05405405405405406,0.1957249549317538,0.0398796087283672,-0.15584534620338658,3,0.75,0.05176767676767677,0.038365095285857576,0.006751687921980495,-0.04501598884569627,3,40,0.75,0,-0.15584534620338658,False
84,40901,43620,2720,2500,2500.0,2488,2546,2492.0,2515.0,0.9202895220588235,1.0,0.9997916666666666,0.9575,0.9716388888888954,40929,40950,CGAGCACGGTCCTTGCGAGTCG,0.9943181818181818,0.875,1,0,43325,43346,AGAAGTAAGGGTTCAGGTAGCC,1.0,1.0,0,0,2446,2477.6916666666666,30,12.0,0.0515713134568896,0.1979633401221996,0.04014452027298274,-0.15781881984921686,2,0.8,0.05038291011688835,0.03617363344051447,0.007603041216486595,-0.04277986890040175,2,32,0.8,0,-0.15781881984921686,False
85,40701,43425,2725,2500,2500.0,2489,2529,2492.5,2510.0,0.9181422018348624,0.9789583333333334,1.0,0.9579693223443246,0.9729166666666667,40929,40950,CGAGCACGGTCCTTGCGAGTCG,0.9943181818181818,0.875,1,0,43325,43346,AGAAGTAAGGGTTCAGGTAGCC,1.0,1.0,0,0,2430,2473.725,30,12.0,0.05147952979327118,0.19975389663658738,0.0404971932638332,-0.1592567033727542,2,0.8,0.05078597339782346,0.03615910004017678,0.008803521408563426,-0.04198245198926003,2,32,0.8,0,-0.1592567033727542,False
86,40901,44622,3722,3500,3500.0,3490,3546,3494.0,3516.0,0.9413621708758731,1.0,0.9966666666666667,0.9575,0.9653009259259367,40929,40950,CGAGCACGGTCCTTGCGAGTCG,0.9943181818181818,0.875,1,0,44486,44507,GGGCGTGAGTCATGTCAATGTC,1.0,1.0,0,0,3446,3477.1833333333334,30,8.571428571428571,0.0478524070337273,0.18864097363083165,0.03308400460299195,-0.15555696902783972,2,0.5714285714285714,0.04555940023068051,0.03841743119266055,0.006573306659045442,-0.038986093571635065,2,32,0.5714285714285714,0,-0.15555696902783972,False
87,41801,43468,1668,1500,1500.0,1493,1540,1497.0,1532.5,0.9053507194244604,0.8183333333333334,0.9997916666666666,0.9136011904761957,0.972680555555562,42002,42023,GTGCAAGACCATCCATGTACAT,0.9829545454545454,0.875,3,0,43325,43346,AGAAGTAAGGGTTCAGGTAGCC,1.0,1.0,0,0,1482,1495.9,14,9.333333333333334,0.05733333333333333,0.22834116856950973,0.03642384105960265,-0.1919173275099071,1,0.6666666666666666,0.056,0.041527126590756865,0.007333333333333333,-0.04866666666666667,1,15,0.6666666666666666,0,-0.1919173275099071,False
88,41901,43541,1641,1500,1500.0,1493,1523,1497.0,1520.0,0.9182282145033516,0.8666666666666667,0.9997916666666666,0.8952678571428624,0.973305555555562,42002,42023,GTGCAAGACCATCCATGTACAT,0.9829545454545454,0.875,3,0,43325,43346,AGAAGTAAGGGTTCAGGTAGCC,1.0,1.0,0,0,1482,1495.5666666666666,11,7.333333333333333,0.05533333333333333,0.21864520456069753,0.033156498673740056,-0.18548870588695748,1,0.6666666666666666,0.05466666666666667,0.041527126590756865,0.007333333333333333,-0.04733333333333334,1,12,0.6666666666666666,0,-0.18548870588695748,False
89,42001,43615,1615,1500,1500.0,1493,1515,1497.0,1508.0,0.9299148606811145,0.86875,0.9997916666666666,0.8814285714285749,0.9728888888888954,42002,42023,GTGCAAGACCATCCATGTACAT,0.9829545454545454,0.875,3,0,43325,43346,AGAAGTAAGGGTTCAGGTAGCC,1.0,1.0,0,0,1481,1494.0666666666666,10,6.666666666666667,0.05266666666666667,0.20796758946657665,0.028781793842034806,-0.17918579562454184,1,0.6666666666666666,0.05266666666666667,0.041527126590756865,0.006666666666666667,-0.046,1,11,0.6666666666666666,0,-0.17918579562454184,False
90,32001,34291,2291,2000,2000.0,1988,2060,1992.5,2037.0,0.8766095591444784,1.0,1.0,0.963125,0.964375,32272,32293,GGGCCTGATTGCAAAGCTGTGG,0.9829545454545454,0.875,3,0,34061,34082,AGGTGATGGACACGATTGAGTG,1.0,1.0,0,0,1910,1966.3416666666667,25,12.5,0.06990881458966565,0.17127937336814622,0.04527162977867203,-0.1260077435894742,1,0.5,0.06990881458966565,0.03277861825516894,0.015,-0.05490881458966565,1,26,0.5,0,-0.1260077435894742,False
91,32101,34391,2291,2000,2000.0,1988,2060,1992.5,2037.0,0.8766095591444784,0.9910416666666667,1.0,0.9633333333333334,0.9533333333333334,32282,32303,GCAAAGCTGTGGACCATCCCTC,0.9886363636363636,0.875,2,0,34214,34235,AGGAATTCGACGATGAGCGTGA,1.0,1.0,0,0,1910,1966.3416666666667,25,12.5,0.07142857142857142,0.17597911227154048,0.045774647887323945,-0.13020446438421654,1,0.5,0.07142857142857142,0.03530005042864347,0.018,-0.05342857142857142,1,26,0.5,0,-0.13020446438421654,False
92,32201,34495,2295,2000,2000.0,1988,2060,1990.0,2039.0,0.874537037037037,0.878125,0.9825,0.9375952380952367,0.9539262820512765,32282,32303,GCAAAGCTGTGGACCATCCCTC,0.9886363636363636,0.875,2,0,34214,34235,AGGAATTCGACGATGAGCGTGA,1.0,1.0,0,0,1907,1963.5416666666667,24,12.0,0.07041540020263425,0.17776612480335605,0.045454545454545456,-0.1323115793488106,1,0.5,0.07041540020263425,0.037821482602118005,0.019,-0.05141540020263424,1,25,0.5,0,-0.1323115793488106,False
93,31701,34495,2795,2500,2500.0,2488,2560,2490.0,2539.0,0.8969812164579607,1.0,0.9825,0.95875,0.9539262820512765,31922,31943,CCTCAATCATCATGGCGCGCCT,0.9829545454545454,0.875,3,0,34214,34235,AGGAATTCGACGATGAGCGTGA,1.0,1.0,0,0,2407,2463.5416666666665,35,14.0,0.07154405820533549,0.1724137931034483,0.04758064516129032,-0.12483314794215797,1,0.4,0.07154405820533549,0.03544099879178413,0.0176,-0.05394405820533549,1,36,0.4,0,-0.12483314794215797,False
94,41901,44542,2642,2500,2500.0,2494,2524,2497.0,2519.0,0.9486657834973505,0.8666666666666667,0.9966666666666667,0.8952678571428624,0.9690509259259367,42002,42023,GTGCAAGACCATCCATGTACAT,0.9829545454545454,0.875,3,0,44486,44507,GGGCGTGAGTCATGTCAATGTC,1.0,1.0,0,0,2480,2494.0583333333334,12,4.8,0.04853590052146009,0.19549477071600965,0.02525050100200401,-0.17024426971400564,1,0.4,0.04653028479743281,0.04373996789727127,0.0056022408963585435,-0.04092804390107427,1,13,0.4,0,-0.17024426971400564,False
95,42001,44617,2617,2500,2500.0,2495,2517,2498.0,2509.0,0.9561998471532289,0.86875,0.9966666666666667,0.8814285714285749,0.9669675925926033,42002,42023,GTGCAAGACCATCCATGTACAT,0.9829545454545454,0.875,3,0,44486,44507,GGGCGTGAGTCATGTCAATGTC,1.0,1.0,0,0,2478,2493.5583333333334,10,4.0,0.04570970328789094,0.19241629689390882,0.022435897435897436,-0.16998039945801138,1,0.4,0.044105854049719326,0.04251905334937826,0.0052,-0.03890585404971933,1,11,0.4,0,-0.16998039945801138,False
96,42201,44800,2600,2500,2500.0,2492,2511,2493.5,2505.0,0.9614903846153846,0.77375,0.985,0.7872619047619083,0.9366071428571497,42436,42457,CTCCTGTCAGGCCTGCCAGGCC,0.9943181818181818,0.875,1,0,44567,44588,ACAAAGCCTTGAGAACCTTGAC,1.0,1.0,0,0,2470,2491.45,10,4.0,0.04891740176423416,0.19749089437474707,0.026041666666666668,-0.1714492277080804,1,0.4,0.046511627906976744,0.04251905334937826,0.0052,-0.04131162790697675,1,11,0.4,0,-0.1714492277080804,False
97,31801,34091,2291,2000,2000.0,1988,2060,1992.5,2037.0,0.8766095591444784,1.0,0.9125,0.9616666666666667,0.9028273809523792,31922,31943,CCTCAATCATCATGGCGCGCCT,0.9829545454545454,0.875,3,0,34061,34082,AGGTGATGGACACGATTGAGTG,1.0,1.0,0,0,1910,1966.3416666666667,29,14.5,0.07497467071935157,0.1733681462140992,0.04527162977867203,-0.1280965164354272,0,0.0,0.07497467071935157,0.02924861321230459,0.012,-0.06297467071935157,0,29,0.0,0,-0.1280965164354272,False
98,31901,34191,2291,2000,2000.0,1988,2060,1992.5,2037.0,0.8766095591444784,1.0,1.0,0.9654166666666667,0.95875,31922,31943,CCTCAATCATCATGGCGCGCCT,0.9829545454545454,0.875,3,0,34061,34082,AGGTGATGGACACGATTGAGTG,1.0,1.0,0,0,1910,1966.3416666666667,27,13.5,0.07244174265450862,0.17389033942558746,0.04527162977867203,-0.12861870964691544,0,0.0,0.07244174265450862,0.03177004538577912,0.0145,-0.05794174265450862,0,27,0.0,0,-0.12861870964691544,False
99,31701,33279,1579,1500,1500.0,1491,1539,1493.5,1504.0,0.9506016466117796,1.0,0.8866666666666667,0.95875,0.9417658730158777,31922,31943,CCTCAATCATCATGGCGCGCCT,0.9829545454545454,0.875,3,0,32985,33006,CTTGCATTATATTGTAACATCG,1.0,1.0,0,0,1472,1489.3916666666667,20,13.333333333333334,0.07542087542087542,0.16960651289009498,0.04701141705842848,-0.1225950958316665,0,0.0,0.07542087542087542,0.026052104208416832,0.01,-0.06542087542087542,0,20,0.0,0,-0.1225950958316665,False
100,22201,24833,2633,2500,2500.0,2489,2518,2492.5,2514.5,0.9503892897835169,1.0,0.981875,0.9310416666666667,0.9411111111110828,22266,22287,ATAGATGCTGTCAAGGCTCTCC,0.9886363636363636,0.875,2,0,24669,24690,TGTCGTTCTCAACCAAGGTCTG,0.9971590909090909,0.9375,1,0,2412,2471.9666666666667,18,7.2,0.10205728116175877,0.19595709570957096,0.07781789009225833,-0.11813920561731263,165,66.0,0.06212424849699399,0.012404961984793917,0.09481361426256078,0.032689365765566795,18,183,7.2,1,-0.11813920561731263,False
101,22101,24733,2633,2500,2500.0,2489,2518,2492.5,2514.5,0.9503655526015952,0.9997916666666666,0.981875,0.9402083333333333,0.9440277777777495,22266,22287,ATAGATGCTGTCAAGGCTCTCC,0.9886363636363636,0.875,2,0,24669,24690,TGTCGTTCTCAACCAAGGTCTG,0.9971590909090909,0.9375,1,0,2412,2471.8416666666667,17,6.8,0.10246066962484873,0.20082474226804123,0.07821901323706378,-0.12260572903097745,169,67.6,0.0625250501002004,0.010408326661329063,0.09323064450749899,0.030705594407298586,17,186,6.8,1,-0.12260572903097745,False
102,22201,24328,2128,2000,2000.0,1988,2018,1992.0,2014.5,0.9411712875939849,1.0,0.9425,0.9310416666666667,0.951027777777781,22266,22287,ATAGATGCTGTCAAGGCTCTCC,0.9886363636363636,0.875,2,0,24105,24126,GCTTGCGCACCTTCATGCTGGC,0.9971590909090909,0.9375,1,0,1914,1973.0833333333333,12,6.0,0.11752786220871327,0.20634095634095634,0.08228800802809834,-0.124052948312858,156,78.0,0.06817042606516291,0.009004502251125562,0.10571573090541224,0.03754530484024933,12,168,6.0,1,-0.124052948312858,False
103,22101,24209,2109,2000,2000.0,1981,2018,1987.5,2015.0,0.9487612612612613,0.9997916666666666,0.9997916666666666,0.9402083333333333,0.9575,22266,22287,ATAGATGCTGTCAAGGCTCTCC,0.9886363636363636,0.875,2,0,24105,24126,GCTTGCGCACCTTCATGCTGGC,0.9971590909090909,0.9375,1,0,1913,1972.9666666666667,11,5.5,0.11195542046605876,0.2135064935064935,0.08178625188158554,-0.13172024162490797,154,77.0,0.06369107321965897,0.00850850850850851,0.1027327935222672,0.03904172030260823,11,165,5.5,1,-0.13172024162490797,False
104,32301,35108,2808,2500,2500.0,2490,2562,2493.0,2544.0,0.8934740028490028,0.878125,0.9879166666666667,0.9382202380952367,0.9570833333333333,32520,32541,AGCATGCAAGCAAGGGCAACGA,0.9886363636363636,0.875,2,0,34809,34830,GTAGACCCTAAGCGACTACAGG,0.9971590909090909,0.9375,1,0,2405,2463.4166666666665,31,12.4,0.07316087308003234,0.16881496881496882,0.04959677419354839,-0.11921819462142044,4,1.6,0.07316087308003234,0.042287555376560614,0.0252,-0.04796087308003234,4,35,1.6,0,-0.11921819462142044,False
105,32101,34904,2804,2500,2500.0,2490,2562,2493.0,2542.5,0.8946148359486448,0.9910416666666667,1.0,0.9633333333333334,0.968125,32282,32303,GCAAAGCTGTGGACCATCCCTC,0.9886363636363636,0.875,2,0,34793,34814,TACAGGCTTCCCTCCAAACAAT,0.9971590909090909,0.9375,1,0,2406,2463.625,28,11.2,0.07113985448666128,0.16916043225270158,0.04798387096774193,-0.12117656128495966,4,1.6,0.07113985448666128,0.03987112364075715,0.024,-0.04713985448666128,4,32,1.6,0,-0.12117656128495966,False
106,32201,35004,2804,2500,2500.0,2490,2562,2493.0,2542.5,0.8946148359486448,0.878125,1.0,0.9375952380952367,0.9720833333333333,32282,32303,GCAAAGCTGTGGACCATCCCTC,0.9886363636363636,0.875,2,0,34793,34814,TACAGGCTTCCCTCCAAACAAT,0.9971590909090909,0.9375,1,0,2406,2463.625,27,10.8,0.06992724333063864,0.16749792186201165,0.04838709677419355,-0.1191108250878181,4,1.6,0.06992724333063864,0.03987112364075715,0.024,-0.04592724333063864,4,31,1.6,0,-0.1191108250878181,False
107,31701,35004,3304,3000,3000.0,2990,3062,2993.0,3042.5,0.9105629539951574,1.0,1.0,0.95875,0.9720833333333333,31922,31943,CCTCAATCATCATGGCGCGCCT,0.9829545454545454,0.875,3,0,34793,34814,TACAGGCTTCCCTCCAAACAAT,0.9971590909090909,0.9375,1,0,2906,2963.625,38,12.666666666666666,0.07094821788836583,0.16483138334480385,0.049664429530201344,-0.11516695381460251,4,1.3333333333333333,0.07094821788836583,0.03754609453570231,0.022,-0.048948217888365834,4,42,1.3333333333333333,0,-0.11516695381460251,False
108,31801,35108,3308,3000,3000.0,2990,3062,2993.0,3044.0,0.9095752720677146,1.0,0.9879166666666667,0.9616666666666667,0.9570833333333333,31922,31943,CCTCAATCATCATGGCGCGCCT,0.9829545454545454,0.875,3,0,34809,34830,GTAGACCCTAAGCGACTACAGG,0.9971590909090909,0.9375,1,0,2905,2963.4166666666665,38,12.666666666666666,0.0726294552790854,0.1676419965576592,0.04832214765100671,-0.11931984890665251,4,1.3333333333333333,0.0726294552790854,0.039557492457257794,0.023,-0.049629455279085403,4,42,1.3333333333333333,0,-0.11931984890665251,False
109,40601,43844,3244,3000,3000.0,2990,3024,2995.0,3012.0,0.9256704685573366,0.9189583333333333,1.0,0.9465001665001668,0.9722916666666667,40854,40875,AAGACCCTCAGACATTGTTGTC,0.9886363636363636,0.875,2,0,43808,43829,TACCCTCATCGAGCATTCGCTC,0.9971590909090909,0.9375,1,0,2919,2971.5333333333333,33,11.0,0.04954499494438827,0.1915983606557377,0.035058430717863104,-0.1565399299378746,3,1.0,0.04784366576819407,0.03480589022757698,0.00766922307435812,-0.04017444269383595,3,36,1.0,0,-0.1565399299378746,False
110,40701,43925,3225,3000,3000.0,2988,3029,2992.5,3010.0,0.9308139534883721,0.9789583333333334,1.0,0.9579693223443246,0.9704166666666667,40929,40950,CGAGCACGGTCCTTGCGAGTCG,0.9943181818181818,0.875,1,0,43808,43829,TACCCTCATCGAGCATTCGCTC,0.9971590909090909,0.9375,1,0,2929,2973.6,32,10.666666666666666,0.04853387259858443,0.18890401633764464,0.035404141616566465,-0.15349987472107818,3,1.0,0.04652730950775455,0.035809906291834004,0.008002667555851951,-0.0385246419519026,3,35,1.0,0,-0.15349987472107818,False
111,40801,44020,3220,3000,3000.0,2988,3046,2992.0,3015.0,0.9326086956521739,1.0,0.999375,0.9608333333333333,0.9522916666666666,40929,40950,CGAGCACGGTCCTTGCGAGTCG,0.9943181818181818,0.875,1,0,43808,43829,TACCCTCATCGAGCATTCGCTC,0.9971590909090909,0.9375,1,0,2946,2977.3166666666666,32,10.666666666666666,0.05052206130010104,0.1918781725888325,0.03610832497492478,-0.15576984761390772,3,1.0,0.04818059299191375,0.03748326639892905,0.007335778592864288,-0.04084481439904946,3,35,1.0,0,-0.15576984761390772,False
112,40601,44344,3744,3500,3500.0,3490,3523,3495.0,3512.0,0.9354801014957265,0.9189583333333333,0.9991666666666666,0.9465001665001668,0.9653888888888954,40854,40875,AAGACCCTCAGACATTGTTGTC,0.9886363636363636,0.875,2,0,44082,44103,ATGACATGCTCCTTGTACTTCA,0.9971590909090909,0.9375,1,0,3418,3470.6666666666665,33,9.428571428571429,0.051341217190654743,0.18996206594689233,0.03233190271816881,-0.15763016322872353,3,0.8571428571428571,0.049019607843137254,0.03841743119266055,0.007430694484138326,-0.041588913358998926,3,36,0.8571428571428571,0,-0.15763016322872353,False
113,40601,43344,2744,2500,2500.0,2491,2524,2495.0,2512.0,0.9121492346938775,0.9189583333333333,1.0,0.9465001665001668,0.9614583333333333,40854,40875,AAGACCCTCAGACATTGTTGTC,0.9886363636363636,0.875,2,0,43175,43196,ATGAATCCCTGATGTGAACTTC,0.9971590909090909,0.9375,1,0,2420,2471.6583333333333,31,12.4,0.05472233481961897,0.2026359143327842,0.04008016032064128,-0.1625557540121429,2,0.8,0.0526742301458671,0.03615910004017678,0.008803521408563426,-0.04387070873730367,2,33,0.8,0,-0.1625557540121429,False
114,40901,44120,3220,3000,3000.0,2988,3046,2992.0,3015.0,0.9326086956521739,1.0,0.999375,0.9575,0.9525,40929,40950,CGAGCACGGTCCTTGCGAGTCG,0.9943181818181818,0.875,1,0,44082,44103,ATGACATGCTCCTTGTACTTCA,0.9971590909090909,0.9375,1,0,2946,2977.3166666666666,30,10.0,0.05119568878410239,0.1907181571815718,0.03597848016139879,-0.15473967702017302,2,0.6666666666666666,0.0488544474393531,0.0391566265060241,0.007335778592864288,-0.04151866884648881,2,32,0.6666666666666666,0,-0.15473967702017302,False
115,42401,43930,1530,1500,1500.0,1499,1515,1500.0,1512.0,0.9821486928104575,0.9520833333333333,1.0,0.9464583333333333,0.9708333333333333,42436,42457,CTCCTGTCAGGCCTGCCAGGCC,0.9943181818181818,0.875,1,0,43808,43829,TACCCTCATCGAGCATTCGCTC,0.9971590909090909,0.9375,1,0,1498,1499.8,5,3.3333333333333335,0.044,0.180787191460974,0.018,-0.162787191460974,1,0.6666666666666666,0.042,0.04136090727151434,0.006666666666666667,-0.035333333333333335,1,6,0.6666666666666666,0,-0.162787191460974,False
116,42301,43876,1576,1500,1500.0,1496,1513,1498.5,1511.0,0.9531646573604061,0.80375,1.0,0.82375,0.9722916666666667,42436,42457,CTCCTGTCAGGCCTGCCAGGCC,0.9943181818181818,0.875,1,0,43808,43829,TACCCTCATCGAGCATTCGCTC,0.9971590909090909,0.9375,1,0,1495,1498.1833333333334,5,3.3333333333333335,0.04408817635270541,0.18649732620320855,0.02004008016032064,-0.16645724604288792,1,0.6666666666666666,0.04275217100868404,0.040106951871657755,0.006,-0.03675217100868404,1,6,0.6666666666666666,0,-0.16645724604288792,False
117,41801,43968,2168,2000,2000.0,1993,2040,1997.0,2032.5,0.927092942804428,0.8183333333333334,0.999375,0.9136011904761957,0.9608333333333333,42002,42023,GTGCAAGACCATCCATGTACAT,0.9829545454545454,0.875,3,0,43808,43829,TACCCTCATCGAGCATTCGCTC,0.9971590909090909,0.9375,1,0,1982,1995.525,15,7.5,0.04964894684052156,0.21015585721468075,0.03009027081243731,-0.18006558640224343,1,0.5,0.047642928786359076,0.04014049172102358,0.0065,-0.04114292878635908,1,16,0.5,0,-0.18006558640224343,False
118,41901,44041,2141,2000,2000.0,1993,2023,1997.0,2020.0,0.9372372723026623,0.8666666666666667,0.999375,0.8952678571428624,0.953125,42002,42023,GTGCAAGACCATCCATGTACAT,0.9829545454545454,0.875,3,0,43808,43829,TACCCTCATCGAGCATTCGCTC,0.9971590909090909,0.9375,1,0,1982,1995.1916666666666,12,6.0,0.051654964894684054,0.2052313883299799,0.027582748244734202,-0.1776486400852457,1,0.5,0.04964894684052156,0.04415454089312594,0.0065,-0.04314894684052156,1,13,0.5,0,-0.1776486400852457,False
119,42001,44115,2115,2000,2000.0,1993,2015,1997.0,2008.0,0.9463947990543735,0.86875,0.999375,0.8814285714285749,0.9533333333333334,42002,42023,GTGCAAGACCATCCATGTACAT,0.9829545454545454,0.875,3,0,44082,44103,ATGACATGCTCCTTGTACTTCA,0.9971590909090909,0.9375,1,0,1980,1993.6916666666666,10,5.0,0.05015045135406219,0.19636547198384655,0.02457372116349047,-0.17179175082035608,1,0.5,0.04864593781344032,0.04515805318615153,0.006,-0.042645937813440324,1,11,0.5,0,-0.17179175082035608,False
120,42201,44295,2095,2000,2000.0,1993,2009,1994.5,2004.5,0.9548329355608592,0.77375,0.9991666666666666,0.7872619047619083,0.962680555555562,42436,42457,CTCCTGTCAGGCCTGCCAGGCC,0.9943181818181818,0.875,1,0,44082,44103,ATGACATGCTCCTTGTACTTCA,0.9971590909090909,0.9375,1,0,1981,1993.9916666666666,6,3.0,0.04964894684052156,0.19153225806451613,0.02106318956870612,-0.17046906849581,1,0.5,0.04714142427281846,0.04565980933266432,0.006,-0.04114142427281846,1,7,0.5,0,-0.17046906849581,False
121,42301,44378,2078,2000,2000.0,1997,2013,1998.5,2012.0,0.9637872954764196,0.80375,0.9958333333333333,0.82375,0.9617314814814987,42436,42457,CTCCTGTCAGGCCTGCCAGGCC,0.9943181818181818,0.875,1,0,44082,44103,ATGACATGCTCCTTGTACTTCA,0.9971590909090909,0.9375,1,0,1991,1997.675,5,2.5,0.0485728592889334,0.18806419257773319,0.01950975487743872,-0.16855443770029446,1,0.5,0.04606910365548322,0.045591182364729456,0.006,-0.040069103655483225,1,6,0.5,0,-0.16855443770029446,False
122,22201,23809,1609,1500,1500.0,1481,1518,1487.5,1515.0,0.9329164077066501,1.0,1.0,0.9310416666666667,0.9577083333333334,22266,22287,ATAGATGCTGTCAAGGCTCTCC,0.9886363636363636,0.875,2,0,23778,23799,AGGTAGGCTCTTGTTCAAGCAT,0.9943181818181818,0.875,1,0,1415,1473.2166666666667,9,6.0,0.12754409769335143,0.23157894736842105,0.09109176155391828,-0.14048718581450276,135,90.0,0.07028112449799197,0.008,0.11907983761840325,0.048798713120411286,9,144,6.0,1,-0.14048718581450276,False
123,32001,34804,2804,2500,2500.0,2490,2562,2493.0,2542.5,0.8946148359486448,1.0,0.9779166666666667,0.963125,0.9576746031746006,32272,32293,GGGCCTGATTGCAAAGCTGTGG,0.9829545454545454,0.875,3,0,34736,34757,CCAAAGAGTGCATGGCGGATCT,0.9886363636363636,0.875,2,0,2406,2463.625,29,11.6,0.07113985448666128,0.16999168744804655,0.04798387096774193,-0.12200781648030462,4,1.6,0.07113985448666128,0.04067660088602497,0.0244,-0.04673985448666128,4,33,1.6,0,-0.12200781648030462,False
124,40701,44427,3727,3500,3500.0,3490,3529,3494.5,3512.0,0.939747115642608,0.9789583333333334,0.9958333333333333,0.9579693223443246,0.9648564814814987,40929,40950,CGAGCACGGTCCTTGCGAGTCG,0.9943181818181818,0.875,1,0,44178,44199,TGTGCATGAAATAGGTGGACTG,0.9943181818181818,0.875,1,0,3429,3473.0916666666667,32,9.142857142857142,0.049610614364003464,0.18906340895869692,0.034058385804235834,-0.15500502315446107,3,0.8571428571428571,0.04731679169070975,0.0389908256880734,0.007430694484138326,-0.03988609720657142,3,35,0.8571428571428571,0,-0.15500502315446107,False
125,40801,42491,1691,1500,1500.0,1489,1531,1490.5,1506.0,0.887344766410408,1.0,0.77375,0.9608333333333333,0.7830952380952415,40929,40950,CGAGCACGGTCCTTGCGAGTCG,0.9943181818181818,0.875,1,0,42436,42457,GGCCTGGCAGGCCTGACAGGAG,0.9943181818181818,0.875,1,0,1448,1477.8916666666667,27,18.0,0.05263157894736842,0.19917582417582416,0.04275217100868404,-0.15642365316714013,2,1.3333333333333333,0.05064145847400405,0.029550033579583614,0.00733822548365577,-0.04330323299034828,2,29,1.3333333333333333,0,-0.15642365316714013,False
126,40801,43020,2220,2000,2000.0,1989,2046,1992.0,2015.0,0.9023648648648649,1.0,0.9658333333333333,0.9608333333333333,0.9489583333333212,40929,40950,CGAGCACGGTCCTTGCGAGTCG,0.9943181818181818,0.875,1,0,42952,42973,GTGGGTGCAAGTACAGGTTGTA,0.9829545454545454,0.875,3,0,1947,1977.8166666666666,30,15.0,0.05600403632694248,0.20664961636828644,0.04922149673530889,-0.15742811963297754,2,1.0,0.05401312468450278,0.03569632981397687,0.008504252126063032,-0.045508872558439745,2,32,1.0,0,-0.15742811963297754,False
127,40901,42604,1704,1500,1500.0,1489,1544,1490.5,1512.5,0.8815287558685446,1.0,0.81625,0.9575,0.82375,40929,40950,CGAGCACGGTCCTTGCGAGTCG,0.9943181818181818,0.875,1,0,42436,42457,GGCCTGGCAGGCCTGACAGGAG,0.9943181818181818,0.875,1,0,1448,1478.0,25,16.666666666666668,0.05465587044534413,0.20741758241758243,0.047428189712758854,-0.15998939270482357,1,0.6666666666666666,0.053342336259284265,0.029550033579583614,0.009339559706470981,-0.04400277655281328,1,26,0.6666666666666666,0,-0.15998939270482357,False
128,42201,43795,1595,1500,1500.0,1493,1509,1497.0,1505.0,0.940948275862069,0.77375,1.0,0.7872619047619083,0.9704166666666667,42436,42457,CTCCTGTCAGGCCTGCCAGGCC,0.9943181818181818,0.875,1,0,43553,43574,TGGTAAGACCCAAGAATCCGTC,0.9943181818181818,0.875,1,0,1485,1494.8583333333333,6,4.0,0.04666666666666667,0.19636852723604573,0.022757697456492636,-0.17361082977955308,1,0.6666666666666666,0.04533333333333334,0.041527126590756865,0.006,-0.03933333333333334,1,7,0.6666666666666666,0,-0.17361082977955308,False
129,40901,43120,2220,2000,2000.0,1989,2046,1992.0,2015.0,0.9023648648648649,1.0,0.99375,0.9575,0.9502083333333212,40929,40950,CGAGCACGGTCCTTGCGAGTCG,0.9943181818181818,0.875,1,0,42952,42973,GTGGGTGCAAGTACAGGTTGTA,0.9829545454545454,0.875,3,0,1947,1977.8166666666666,28,14.0,0.05852674066599395,0.20869565217391303,0.04810126582278481,-0.16059438635112822,1,0.5,0.05653710247349823,0.03971845148315736,0.008504252126063032,-0.0480328503474352,1,29,0.5,0,-0.16059438635112822,False
130,32301,34604,2304,2000,2000.0,1990,2062,1993.0,2042.5,0.8717447916666666,0.878125,0.9572916666666667,0.9382202380952367,0.9391008852258771,32520,32541,AGCATGCAAGCAAGGGCAACGA,0.9886363636363636,0.875,2,0,34334,34355,GGGCTTCTCTATGGCCCAAGGA,0.9886363636363636,0.875,2,0,1906,1963.625,25,12.5,0.07396149949341439,0.1757607555089192,0.048484848484848485,-0.1272759070240707,1,0.5,0.07396149949341439,0.04286434694906707,0.0235,-0.05046149949341439,1,26,0.5,0,-0.1272759070240707,False
131,42401,44431,2031,2000,2000.0,1996,2014,1999.0,2012.0,0.9858444116198917,0.9520833333333333,0.9958333333333333,0.9464583333333333,0.9648564814814987,42436,42457,CTCCTGTCAGGCCTGCCAGGCC,0.9943181818181818,0.875,1,0,44178,44199,TGTGCATGAAATAGGTGGACTG,0.9943181818181818,0.875,1,0,1993,1998.2916666666667,5,2.5,0.04752376188094047,0.1848697394789579,0.018490754622688656,-0.16637898485626926,1,0.5,0.04502251125562781,0.045545545545545546,0.006003001500750375,-0.03954254404479517,1,6,0.5,0,-0.16637898485626926,False
132,31801,34604,2804,2500,2500.0,2490,2562,2493.0,2542.5,0.8946148359486448,1.0,0.9572916666666667,0.9616666666666667,0.9391008852258771,31922,31943,CCTCAATCATCATGGCGCGCCT,0.9829545454545454,0.875,3,0,34334,34355,GGGCTTCTCTATGGCCCAAGGA,0.9886363636363636,0.875,2,0,2406,2463.625,32,12.8,0.07316087308003234,0.17290108063175394,0.04717741935483871,-0.12572366127691523,1,0.4,0.07316087308003234,0.03946838501812324,0.0212,-0.051960873080032347,1,33,0.4,0,-0.12572366127691523,False
133,41801,44469,2669,2500,2500.0,2494,2539,2497.0,2532.5,0.9403100412139378,0.8183333333333334,0.9966666666666667,0.9136011904761957,0.9669675925926033,42002,42023,GTGCAAGACCATCCATGTACAT,0.9829545454545454,0.875,3,0,44178,44199,TGTGCATGAAATAGGTGGACTG,0.9943181818181818,0.875,1,0,2480,2494.391666666667,15,6.0,0.05054151624548736,0.20353982300884957,0.027254509018036072,-0.17628531399081349,1,0.4,0.04853590052146009,0.04333868378812199,0.0056022408963585435,-0.042933659625101546,1,16,0.4,0,-0.17628531399081349,False
134,22001,24640,2640,2500,2500.0,2493,2518,2495.0,2514.5,0.948342803030303,0.9789583333333334,0.98375,0.9383333333333334,0.9475,22266,22287,ATAGATGCTGTCAAGGCTCTCC,0.9886363636363636,0.875,2,0,24547,24568,CGGCAACAAAACTGCCGCCTTT,0.9914772727272727,0.8125,1,0,2413,2473.008333333333,17,6.8,0.10505050505050505,0.20577319587628867,0.07902125952667469,-0.126751936349614,176,70.4,0.06292585170340681,0.008807045636509208,0.09483454398708636,0.031908692283679554,17,193,6.8,1,-0.126751936349614,False
135,32301,35680,3380,3000,3000.0,2991,3066,2993.5,3048.0,0.8905510355029586,0.878125,0.9366666666666666,0.9382202380952367,0.9196031746031804,32520,32541,AGCATGCAAGCAAGGGCAACGA,0.9886363636363636,0.875,2,0,35439,35460,ATCCCTAGATTTAGGCCTACTC,0.9914772727272727,0.8125,1,0,2900,2961.891666666667,47,15.666666666666666,0.08109017496635262,0.19344827586206897,0.05977165883143049,-0.1336766170306385,5,1.6666666666666667,0.08109017496635262,0.04525645323499832,0.023333333333333334,-0.05775684163301929,5,52,1.6666666666666667,0,-0.1336766170306385,False
136,32201,35568,3368,3000,3000.0,2991,3065,2993.5,3043.5,0.8934642220902613,0.878125,0.8079166666666666,0.9375952380952367,0.767297619047616,32282,32303,GCAAAGCTGTGGACCATCCCTC,0.9886363636363636,0.875,2,0,35439,35460,ATCCCTAGATTTAGGCCTACTC,0.9914772727272727,0.8125,1,0,2901,2962.2166666666667,41,13.666666666666666,0.07870837537840565,0.1923474663908997,0.05740181268882175,-0.13494565370207795,5,1.6666666666666667,0.07870837537840565,0.04492122024807241,0.023333333333333334,-0.05537504204507232,5,46,1.6666666666666667,0,-0.13494565370207795,False
137,32101,35462,3362,3000,3000.0,2991,3063,2993.5,3044.5,0.8950959250446163,0.9910416666666667,0.821875,0.9633333333333334,0.7763429487179383,32282,32303,GCAAAGCTGTGGACCATCCCTC,0.9886363636363636,0.875,2,0,35439,35460,ATCCCTAGATTTAGGCCTACTC,0.9914772727272727,0.8125,1,0,2903,2962.7,39,13.0,0.07736293306424487,0.18704788150189458,0.05579979709164694,-0.13124808441024766,5,1.6666666666666667,0.07736293306424487,0.04391552128729467,0.023333333333333334,-0.05402959973091154,5,44,1.6666666666666667,0,-0.13124808441024766,False
138,31801,35680,3880,3500,3500.0,3491,3566,3493.5,3548.0,0.9046552835051547,1.0,0.9366666666666666,0.9616666666666667,0.9196031746031804,31922,31943,CCTCAATCATCATGGCGCGCCT,0.9829545454545454,0.875,3,0,35439,35460,ATCCCTAGATTTAGGCCTACTC,0.9914772727272727,0.8125,1,0,3400,3461.891666666667,54,15.428571428571429,0.07949308755760369,0.1888235294117647,0.05721679125934445,-0.13160673815242024,5,1.4285714285714286,0.07949308755760369,0.04249210450760838,0.021714285714285714,-0.057778801843317976,5,59,1.4285714285714286,0,-0.13160673815242024,False
139,31701,35568,3868,3500,3500.0,3491,3565,3493.5,3543.5,0.9072356514994829,1.0,0.8079166666666666,0.95875,0.767297619047616,31922,31943,CCTCAATCATCATGGCGCGCCT,0.9829545454545454,0.875,3,0,35439,35460,ATCCCTAGATTTAGGCCTACTC,0.9914772727272727,0.8125,1,0,3401,3462.2166666666667,52,14.857142857142858,0.07831845666570689,0.18641576007056748,0.057200344926703076,-0.12921541514386442,5,1.4285714285714286,0.07831845666570689,0.04220499569336779,0.021714285714285714,-0.05660417095142117,5,57,1.4285714285714286,0,-0.12921541514386442,False
140,32401,35207,2807,2500,2500.0,2487,2562,2492.0,2544.5,0.8937255076594228,0.886875,0.9816666666666667,0.9384285714285701,0.938125,32520,32541,AGCATGCAAGCAAGGGCAACGA,0.9886363636363636,0.875,2,0,34967,34988,CCACCGAGTATTTTCTCAACAC,0.9914772727272727,0.8125,1,0,2404,2463.2916666666665,33,13.2,0.07437348423605497,0.17387687188019968,0.05161290322580645,-0.12226396865439323,4,1.6,0.07437348423605497,0.04589371980676329,0.0252,-0.04917348423605497,4,37,1.6,0,-0.12226396865439323,False
141,31901,35210,3310,3000,3000.0,2990,3062,2993.0,3044.5,0.9090634441087613,1.0,0.9816666666666667,0.9654166666666667,0.936875,31922,31943,CCTCAATCATCATGGCGCGCCT,0.9829545454545454,0.875,3,0,34967,34988,CCACCGAGTATTTTCTCAACAC,0.9914772727272727,0.8125,1,0,2904,2963.1916666666666,38,12.666666666666666,0.0726294552790854,0.174931129476584,0.05,-0.12493112947658401,4,1.3333333333333333,0.0726294552790854,0.042239356352665104,0.023,-0.049629455279085403,4,42,1.3333333333333333,0,-0.12493112947658401,False
142,32401,34701,2301,2000,2000.0,1987,2062,1992.0,2042.5,0.8727455454150369,0.886875,0.9572916666666667,0.9384285714285701,0.9468092185592104,32520,32541,AGCATGCAAGCAAGGGCAACGA,0.9886363636363636,0.875,2,0,34424,34445,GGATTGAGCAGTACAACTTTGG,0.9914772727272727,0.8125,1,0,1906,1963.725,26,13.0,0.07396149949341439,0.1731374606505771,0.048484848484848485,-0.12465261216572862,2,1.0,0.07396149949341439,0.043850806451612906,0.025,-0.04896149949341439,2,28,1.0,0,-0.12465261216572862,False
143,31901,34704,2804,2500,2500.0,2490,2562,2493.0,2542.5,0.8946148359486448,1.0,0.9572916666666667,0.9654166666666667,0.9468092185592104,31922,31943,CCTCAATCATCATGGCGCGCCT,0.9829545454545454,0.875,3,0,34424,34445,GGATTGAGCAGTACAACTTTGG,0.9914772727272727,0.8125,1,0,2406,2463.625,31,12.4,0.0719482619240097,0.17373233582709893,0.04717741935483871,-0.12655491647226022,2,0.8,0.0719482619240097,0.03946838501812324,0.0224,-0.0495482619240097,2,33,0.8,0,-0.12655491647226022,False
144,31701,33991,2291,2000,2000.0,1988,2060,1992.5,2037.0,0.8766095591444784,1.0,0.8239583333333333,0.95875,0.891345899470895,31922,31943,CCTCAATCATCATGGCGCGCCT,0.9829545454545454,0.875,3,0,33734,33755,TGGAAGTATGTTTTGCGGGTAC,0.9914772727272727,0.8125,1,0,1910,1966.3416666666667,32,16.0,0.07649442755825735,0.17597911227154048,0.04778672032193159,-0.12819239194960888,0,0.0,0.07649442755825735,0.02723146747352496,0.011,-0.06549442755825735,0,32,0.0,0,-0.12819239194960888,False
145,32001,33758,1758,1500,1500.0,1488,1560,1492.5,1533.0,0.8575085324232082,1.0,0.7229166666666667,0.963125,0.9389057840307821,32272,32293,GGGCCTGATTGCAAAGCTGTGG,0.9829545454545454,0.875,3,0,33734,33755,TGGAAGTATGTTTTGCGGGTAC,0.9914772727272727,0.8125,1,0,1414,1467.2333333333333,20,13.333333333333334,0.07666214382632293,0.17970401691331925,0.04849726775956284,-0.1312067491537564,0,0.0,0.07666214382632293,0.029669588671611596,0.011333333333333334,-0.0653288104929896,0,20,0.0,0,-0.1312067491537564,False
146,22001,24116,2116,2000,2000.0,1985,2018,1990.0,2015.0,0.9460066162570888,0.9789583333333334,1.0,0.9383333333333334,0.9554166666666667,22266,22287,ATAGATGCTGTCAAGGCTCTCC,0.9886363636363636,0.875,2,0,23865,23886,TATACCATTTAGAAATGTCAAC,0.9886363636363636,0.75,1,0,1914,1973.1333333333334,11,5.5,0.11448834853090173,0.22285714285714286,0.08283132530120482,-0.14002581755593804,161,80.5,0.06369107321965897,0.008504252126063032,0.10616784630940344,0.04247677308974447,11,172,5.5,1,-0.14002581755593804,False
147,22101,23709,1609,1500,1500.0,1481,1518,1487.5,1515.0,0.9328775637041641,0.9997916666666666,1.0,0.9402083333333333,0.9445833333333333,22266,22287,ATAGATGCTGTCAAGGCTCTCC,0.9886363636363636,0.875,2,0,23610,23631,CATCCTTCATGGCGTCCGGGTG,0.9886363636363636,0.75,1,0,1414,1473.0916666666667,9,6.0,0.12778904665314403,0.24350877192982456,0.09243134628265237,-0.1510774256471722,134,89.33333333333333,0.07028112449799197,0.008005336891260841,0.11983750846310089,0.04955638396510892,9,143,6.0,1,-0.1510774256471722,False
148,22001,23616,1616,1500,1500.0,1485,1518,1490.0,1515.0,0.9293007425742574,0.9789583333333334,0.99375,0.9383333333333334,0.9388690476190459,22266,22287,ATAGATGCTGTCAAGGCTCTCC,0.9886363636363636,0.875,2,0,23592,23613,GGTGGTTGAACGAGAGCATGTT,0.9857954545454546,0.75,2,0,1414,1473.1333333333334,6,4.0,0.13319810682893848,0.256140350877193,0.0918230563002681,-0.1643172945769249,139,92.66666666666667,0.07095046854082998,0.00867244829886591,0.12110960757780785,0.05015913903697787,6,145,4.0,1,-0.1643172945769249,False
149,40701,42925,2225,2000,2000.0,1989,2029,1992.5,2010.0,0.8997471910112359,0.9789583333333334,0.9504166666666667,0.9579693223443246,0.9341666666666667,40929,40950,CGAGCACGGTCCTTGCGAGTCG,0.9943181818181818,0.875,1,0,42633,42654,TGACGAAAAATGAAGCATTAGG,0.9886363636363636,0.75,1,0,1930,1973.725,30,15.0,0.056459816887080364,0.21052631578947367,0.04864593781344032,-0.16188037797603336,2,1.0,0.05401312468450278,0.038210155857214684,0.010505252626313157,-0.04350787205818962,2,32,1.0,0,-0.16188037797603336,False
150,40601,42844,2244,2000,2000.0,1991,2024,1995.0,2012.0,0.8925746434937611,0.9189583333333333,0.9475,0.9465001665001668,0.933125,40854,40875,AAGACCCTCAGACATTGTTGTC,0.9886363636363636,0.875,2,0,42633,42654,TGACGAAAAATGAAGCATTAGG,0.9886363636363636,0.75,1,0,1920,1971.6583333333333,29,14.5,0.05643111337061515,0.21006224066390042,0.04795204795204795,-0.16211019271185245,2,1.0,0.05436991869918699,0.03469079939668175,0.010505252626313157,-0.04386466607287383,2,31,1.0,0,-0.16211019271185245,False
151,31801,33476,1676,1500,1500.0,1483,1537,1489.5,1519.0,0.8963305489260143,1.0,0.5770833333333333,0.9616666666666667,0.9360912698412964,31922,31943,CCTCAATCATCATGGCGCGCCT,0.9829545454545454,0.875,3,0,33233,33254,GTACCCGCTCGGAGGTTGGAGG,0.9829545454545454,0.75,2,0,1430,1473.8333333333333,16,10.666666666666666,0.07650643195666892,0.17445917655268667,0.0445945945945946,-0.12986458195809208,0,0.0,0.07650643195666892,0.02562373567093729,0.010666666666666666,-0.06583976529000225,0,16,0.0,0,-0.12986458195809208,False
152,15101,16633,1533,1500,1500.0,1400,1505,1449.5,1502.5,0.9706457925636007,0.94625,0.9366666666666666,0.9563392857142329,0.8928273809523852,15354,15375,GCAACCACGTAAATGCGATCGG,0.9943181818181818,0.875,1,0,16387,16408,CACGATGTTGCCACAAGTTATT,0.9659090909090909,0.75,3,0,1388,1472.3083333333334,0,0.0,0.05949197860962567,0.1811646297627606,0.00733822548365577,-0.17382640427910484,1,0.6666666666666666,0.05949197860962567,0.04136090727151434,0.0013333333333333333,-0.05815864527629234,0,1,0.0,0,-0.17382640427910484,False
153,15101,17737,2637,2500,2500.0,2438,2519,2457.5,2514.5,0.9457243079256731,0.94625,0.96625,0.9563392857142329,0.9107916666666642,15354,15375,GCAACCACGTAAATGCGATCGG,0.9943181818181818,0.875,1,0,17578,17599,ATCTTGGGTCTCGCGAAAGTCG,0.9744318181818182,0.6875,2,0,2339,2461.366666666667,49,19.6,0.09217877094972067,0.2129979035639413,0.07168602322787344,-0.14131188033606784,12,4.8,0.09217877094972067,0.05147952979327118,0.002,-0.09017877094972067,12,61,4.8,0,-0.14131188033606784,False
154,15201,17836,2636,2500,2500.5,2475,2533,2486.5,2525.0,0.9499952579666161,0.9995833333333334,0.978125,0.9710416666666667,0.9094484126984086,15354,15375,GCAACCACGTAAATGCGATCGG,0.9943181818181818,0.875,1,0,17578,17599,ATCTTGGGTCTCGCGAAAGTCG,0.9744318181818182,0.6875,2,0,2433,2481.725,52,20.795840831833633,0.09185720016044925,0.2120967741935484,0.07612179487179487,-0.1359749793217535,12,4.799040191961607,0.09185720016044925,0.05517241379310345,0.0024009603841536613,-0.08945623977629559,12,64,4.799040191961607,0,-0.1359749793217535,False
155,32001,35357,3357,3000,3000.0,2990,3063,2993.0,3043.5,0.8962987786714328,1.0,0.8366666666666667,0.963125,0.7753846153846098,32272,32293,GGGCCTGATTGCAAAGCTGTGG,0.9829545454545454,0.875,3,0,35087,35108,TAATGATATATAGTTAATAGCA,0.9744318181818182,0.6875,3,0,2903,2962.8416666666667,38,12.666666666666666,0.0750084090144635,0.18325869789872545,0.054380664652567974,-0.1288780332461575,5,1.6666666666666667,0.0750084090144635,0.04425075427422058,0.023333333333333334,-0.05167507568113017,5,43,1.6666666666666667,0,-0.1288780332461575,False
156,40601,42266,1666,1500,1500.0,1490,1514,1497.5,1509.5,0.9012605042016807,0.9189583333333333,0.8577083333333333,0.9465001665001668,0.8805952380952415,40854,40875,AAGACCCTCAGACATTGTTGTC,0.9886363636363636,0.875,2,0,42100,42121,TGCGGAAGCAACATTAAGCTTT,0.9744318181818182,0.6875,3,0,1427,1474.975,27,18.0,0.056309362279511534,0.19442508710801393,0.0426098535286285,-0.15181523357938542,2,1.3333333333333333,0.05223880597014925,0.0294314381270903,0.00867244829886591,-0.04356635767128334,2,29,1.3333333333333333,0,-0.15181523357938542,False
157,40701,42395,1695,1500,1500.0,1489,1514,1490.0,1506.0,0.884476401179941,0.9789583333333334,0.7464583333333333,0.9579693223443246,0.7608035714285749,40929,40950,CGAGCACGGTCCTTGCGAGTCG,0.9943181818181818,0.875,1,0,42100,42121,TGCGGAAGCAACATTAAGCTTT,0.9744318181818182,0.6875,3,0,1431,1473.8,27,18.0,0.05525238744884038,0.20222376650451704,0.042,-0.16022376650451703,2,1.3333333333333333,0.05115961800818554,0.03089321692411014,0.00867244829886591,-0.04248716970931963,2,29,1.3333333333333333,0,-0.16022376650451703,False
158,42301,44885,2585,2500,2500.0,2447,2502,2467.5,2501.5,0.9639990328820116,0.80375,0.940625,0.82375,0.9156265262514838,42436,42457,CTCCTGTCAGGCCTGCCAGGCC,0.9943181818181818,0.875,1,0,44602,44623,AGTAAGATATTGAGACAGTTTG,0.9772727272727273,0.625,2,0,2414,2476.2916666666665,9,3.6,0.055064308681672024,0.19735208936698387,0.030522088353413655,-0.1668300010135702,1,0.4,0.05265273311897106,0.044889779559118236,0.005202080832332933,-0.047450652286638126,1,10,0.4,0,-0.1668300010135702,False
159,15101,17218,2118,2000,2000.0,1929,2009,1953.5,2003.0,0.9393000472143531,0.94625,0.835,0.9563392857142329,0.8613392857142753,15354,15375,GCAACCACGTAAATGCGATCGG,0.9943181818181818,0.875,1,0,16937,16958,CTGTCCATAAGGATGGCCTAAG,0.9772727272727273,0.5625,2,0,1843,1961.2,18,9.0,0.07703851925962982,0.2184336707511987,0.042042042042042045,-0.17639162870915667,1,0.5,0.07703851925962982,0.04522357723577236,0.0015,-0.07553851925962982,1,19,0.5,0,-0.17639162870915667,False
160,15101,18397,3297,3000,3000.0,2966,3119,2979.5,3115.0,0.9201546860782529,0.94625,0.848125,0.9563392857142329,0.8918458994708939,15354,15375,GCAACCACGTAAATGCGATCGG,0.9943181818181818,0.875,1,0,18363,18384,TGCTTACCTCTCCTTGCATCAT,0.9659090909090909,0.5,3,0,2821,2961.925,66,22.0,0.1012186865267434,0.2111780455153949,0.08899297423887588,-0.12218507127651902,18,6.0,0.1012186865267434,0.06376518218623482,0.003,-0.0982186865267434,18,84,6.0,0,-0.12218507127651902,False
161,15201,18648,3448,3000,3000.5,2945,3295,2955.5,3280.5,0.8931083236658933,0.9995833333333334,0.5852083333333333,0.9710416666666667,0.8865932539682216,15354,15375,GCAACCACGTAAATGCGATCGG,0.9943181818181818,0.875,1,0,18363,18384,TGCTTACCTCTCCTTGCATCAT,0.9659090909090909,0.5,3,0,2809,2971.5416666666665,70,23.329445092484583,0.102880658436214,0.21393188854489165,0.09488309047780413,-0.11904879806708751,18,5.9990001666388935,0.102880658436214,0.06689419795221843,0.0026972353337828725,-0.10018342310243113,18,88,5.9990001666388935,0,-0.11904879806708751,False
162,43401,44910,1510,1500,1500.5,1410,1502,1448.5,1502.0,0.9850579470198676,0.9997916666666666,0.9297916666666667,0.9710138888888954,0.9114003357752517,43553,43574,GACGGATTCTTGGGTCTTACCA,0.9943181818181818,0.875,1,0,44611,44632,GAGTTATCCAGTAAGATATTGA,0.9630681818181818,0.5,3,0,1394,1472.7333333333333,6,3.9986671109630123,0.0596514745308311,0.19183965640658554,0.02610441767068273,-0.16573523873590282,1,0.6664445184938355,0.05697050938337802,0.04606141522029372,0.0033333333333333335,-0.053637176050044685,1,7,0.6664445184938355,0,-0.16573523873590282,False
163,21001,25173,4173,4000,4000.5,3987,4036,3987.5,4032.0,0.9594566259285885,0.98625,0.921875,0.9217499999999987,0.9426721611721587,21230,21251,GTTGGATCTTTTACATCTATAT,0.9857954545454546,0.8125,2,0,24920,24941,GCATCATGCGCATCTCTGCGTA,1.0,1.0,0,0,3883,3959.5916666666667,32,7.999000124984377,0.09964859437751004,0.204638124362895,0.07926522395571213,-0.12537290040718285,251,62.74215723034621,0.05925,0.01509813789632612,0.08770161290322581,0.028451612903225815,32,283,7.999000124984377,1,-0.12537290040718285,False
164,42801,44810,2010,2000,2000.0,1991,2003,1994.0,2002.0,0.994776119402985,0.99375,0.97625,0.9527083333333212,0.9336904761904831,42973,42994,CTGAGAAAGATCCCGGGACCAA,0.9914772727272727,0.8125,1,0,44567,44588,ACAAAGCCTTGAGAACCTTGAC,1.0,1.0,0,0,1983,1996.5,8,4.0,0.0475,0.18731117824773413,0.023476523476523476,-0.16383465477121065,1,0.5,0.045,0.04102051025512756,0.003,-0.041999999999999996,1,9,0.5,0,-0.16383465477121065,False
165,42701,44716,2016,2000,2000.0,1993,2011,1995.0,2004.0,0.9923115079365079,0.9570833333333333,0.99625,0.9424999999999879,0.9609821428571498,42973,42994,CTGAGAAAGATCCCGGGACCAA,0.9914772727272727,0.8125,1,0,44486,44507,GGGCGTGAGTCATGTCAATGTC,1.0,1.0,0,0,1985,1997.0083333333334,6,3.0,0.04452226113056528,0.18158953722334004,0.016483516483516484,-0.16510602073982356,1,0.5,0.041458541458541456,0.04452226113056528,0.0045,-0.040022261130565284,1,7,0.5,0,-0.16510602073982356,False
166,31501,34291,2791,2500,2500.0,2487,2560,2492.5,2537.0,0.8986922250089574,0.9997916666666666,1.0,0.9608333333333333,0.964375,31648,31669,AGAGTATTTCTGAAAAAGTCCT,0.9914772727272727,0.8125,1,0,34061,34082,AGGTGATGGACACGATTGAGTG,1.0,1.0,0,0,2409,2466.2166666666667,35,14.0,0.06952303961196443,0.16728778467908903,0.049437299035369774,-0.11785048564371925,1,0.4,0.06952303961196443,0.031023368251410152,0.014,-0.055523039611964434,1,36,0.4,0,-0.11785048564371925,False
167,31601,34391,2791,2500,2500.0,2487,2560,2492.5,2537.0,0.8986922250089574,0.9997916666666666,1.0,0.9577083333333334,0.9533333333333334,31648,31669,AGAGTATTTCTGAAAAAGTCCT,0.9914772727272727,0.8125,1,0,34214,34235,AGGAATTCGACGATGAGCGTGA,1.0,1.0,0,0,2409,2466.2166666666667,35,14.0,0.07154405820533549,0.1701863354037267,0.04983922829581994,-0.12034710710790678,1,0.4,0.07154405820533549,0.033440773569701855,0.0168,-0.0547440582053355,1,36,0.4,0,-0.12034710710790678,False
168,31401,34205,2805,2500,2500.0,2487,2560,2492.5,2541.0,0.8945632798573975,0.9564583333333333,1.0,0.9561011904761957,0.9589583333333334,31648,31669,AGAGTATTTCTGAAAAAGTCCT,0.9914772727272727,0.8125,1,0,34061,34082,AGGTGATGGACACGATTGAGTG,1.0,1.0,0,0,2403,2464.883333333333,35,14.0,0.07477768795472918,0.17393109173931093,0.052353896103896104,-0.12157719563541483,0,0.0,0.07477768795472918,0.033037872683319904,0.0144,-0.060377687954729184,0,35,0.0,0,-0.12157719563541483,False
169,31601,33144,1544,1500,1500.0,1482,1520,1486.5,1500.0,0.9696000647668394,0.9997916666666666,0.9658333333333333,0.9577083333333334,0.9547619047619083,31648,31669,AGAGTATTTCTGAAAAAGTCCT,0.9914772727272727,0.8125,1,0,32985,33006,CTTGCATTATATTGTAACATCG,1.0,1.0,0,0,1476,1489.9083333333333,21,14.0,0.0707070707070707,0.16305818673883626,0.050369375419744795,-0.11268881131909148,0,0.0,0.0707070707070707,0.026052104208416832,0.01,-0.0607070707070707,0,21,0.0,0,-0.11268881131909148,False
170,31501,33042,1542,1500,1500.0,1482,1520,1486.5,1500.0,0.9709387159533074,0.9997916666666666,0.9729166666666667,0.9608333333333333,0.9670535714285748,31648,31669,AGAGTATTTCTGAAAAAGTCCT,0.9914772727272727,0.8125,1,0,32747,32768,GAGAGAGTGGCTGTTGACTATA,1.0,1.0,0,0,1477,1490.5166666666667,20,13.333333333333334,0.06796769851951548,0.15618661257606492,0.04832214765100671,-0.10786446492505822,0,0.0,0.06796769851951548,0.026052104208416832,0.009333333333333334,-0.05863436518618215,0,20,0.0,0,-0.10786446492505822,False
171,31401,32954,1554,1500,1500.0,1489,1520,1489.5,1500.0,0.9638433075933076,0.9564583333333333,0.9783333333333334,0.9561011904761957,0.9685119047619082,31648,31669,AGAGTATTTCTGAAAAAGTCCT,0.9914772727272727,0.8125,1,0,32747,32768,GAGAGAGTGGCTGTTGACTATA,1.0,1.0,0,0,1472,1489.2916666666667,20,13.333333333333334,0.07267833109017496,0.16361167684996605,0.0476510067114094,-0.11596067013855665,0,0.0,0.07267833109017496,0.03006012024048096,0.011333333333333334,-0.06134499775684163,0,20,0.0,0,-0.11596067013855665,False
172,15001,16526,1526,1500,1500.0,1309,1505,1404.0,1504.5,0.9678079947575361,0.8989583333333333,0.9527083333333334,0.955119047618961,0.9377380952380978,15272,15293,ATCCAACTCTTCTGTGATGTCC,0.9857954545454546,0.8125,2,0,16244,16265,TGGGCTATCCCGAGATGTTCGC,1.0,1.0,0,0,1297,1450.6916666666666,0,0.0,0.06404269513008673,0.1723076923076923,0.00533689126084056,-0.16697080104685175,2,1.3333333333333333,0.06404269513008673,0.03669112741827885,0.0013333333333333333,-0.06270936179675339,0,2,0.0,0,-0.16697080104685175,False
173,20001,24723,4723,4500,4500.5,4489,4524,4491.0,4515.0,0.9535253017150116,0.875,0.981875,0.896395655270638,0.9469444444444162,20221,20242,TCAGGCCTTCCAGCTGGACTTT,0.9857954545454546,0.8125,2,0,24669,24690,TGTCGTTCTCAACCAAGGTCTG,0.9971590909090909,0.9375,1,0,4387,4455.075,51,11.332074213976226,0.09806567701304543,0.22030040964952208,0.0878332959892449,-0.1324671136602772,278,61.7709143428508,0.06332512866413068,0.009111111111111111,0.08726945569050833,0.02394432702637765,51,329,11.332074213976226,1,-0.1324671136602772,False
174,20101,24797,4697,4500,4500.0,4486,4517,4492.5,4513.5,0.9584575260804769,0.9360416666666667,0.981875,0.8858985042735003,0.9419444444444162,20221,20242,TCAGGCCTTCCAGCTGGACTTT,0.9857954545454546,0.8125,2,0,24669,24690,TGTCGTTCTCAACCAAGGTCTG,0.9971590909090909,0.9375,1,0,4395,4462.866666666667,48,10.666666666666666,0.09679587721263724,0.21776569227283027,0.08523489932885905,-0.13253079294397122,274,60.888888888888886,0.06205357142857143,0.009585376727596968,0.08580413297394429,0.02375056154537286,48,322,10.666666666666666,1,-0.13253079294397122,False
175,20201,24893,4693,4500,4500.0,4481,4518,4487.0,4513.0,0.9588749200937566,0.9029166666666667,0.975,0.854461996336995,0.9362420634920393,20221,20242,TCAGGCCTTCCAGCTGGACTTT,0.9857954545454546,0.8125,2,0,24669,24690,TGTCGTTCTCAACCAAGGTCTG,0.9971590909090909,0.9375,1,0,4389,4460.108333333334,48,10.666666666666666,0.09748991483639624,0.21611804767309875,0.08577827547592386,-0.1303397721971749,273,60.666666666666664,0.06166219839142091,0.011604552555233207,0.08612547785023611,0.0244632794588152,48,321,10.666666666666666,1,-0.1303397721971749,False
176,20001,24198,4198,4000,4000.0,3980,4023,3986.5,4013.0,0.9531175559790377,0.875,1.0,0.896395655270638,0.9595833333333333,20221,20242,TCAGGCCTTCCAGCTGGACTTT,0.9857954545454546,0.8125,2,0,24105,24126,GCTTGCGCACCTTCATGCTGGC,0.9971590909090909,0.9375,1,0,3887,3955.325,45,11.25,0.10164765525982256,0.2289311408016444,0.0906108026249369,-0.1383203381767075,262,65.5,0.06488933601609657,0.00825,0.09097782258064516,0.026088486564548583,45,307,11.25,1,-0.1383203381767075,False
177,20201,24387,4187,4000,4000.0,3986,4017,3992.5,4015.5,0.9559350370193456,0.9029166666666667,0.9425,0.854461996336995,0.9556111111111143,20221,20242,TCAGGCCTTCCAGCTGGACTTT,0.9857954545454546,0.8125,2,0,24105,24126,GCTTGCGCACCTTCATGCTGGC,0.9971590909090909,0.9375,1,0,3896,3964.8333333333335,41,10.25,0.10133602218300983,0.22392638036809817,0.08790931989924433,-0.13601706046885384,266,66.5,0.06416040100250626,0.008529854490717512,0.09063367836404948,0.026473277361543215,41,307,10.25,1,-0.13601706046885384,False
178,20101,24292,4192,4000,4000.0,3986,4017,3992.0,4013.5,0.9547501192748091,0.9360416666666667,0.9425,0.8858985042735003,0.9491527777777811,20221,20242,TCAGGCCTTCCAGCTGGACTTT,0.9857954545454546,0.8125,2,0,24105,24126,GCTTGCGCACCTTCATGCTGGC,0.9971590909090909,0.9375,1,0,3895,3963.983333333333,41,10.25,0.10143830431491295,0.22628483763743287,0.08816120906801007,-0.13812362856942278,265,66.25,0.06568062170970168,0.008278976417461115,0.09088613986367079,0.02520551815396911,41,306,10.25,1,-0.13812362856942278,False
179,21101,24747,3647,3500,3500.0,3493,3518,3495.0,3515.0,0.9605497669317247,0.976875,0.981875,0.9196666666666654,0.9425694444444161,21230,21251,GTTGGATCTTTTACATCTATAT,0.9857954545454546,0.8125,2,0,24669,24690,TGTCGTTCTCAACCAAGGTCTG,0.9971590909090909,0.9375,1,0,3409,3471.508333333333,27,7.714285714285714,0.10175337740730095,0.205607476635514,0.08016032064128256,-0.12544715599423145,244,69.71428571428571,0.05713465403387884,0.010005717552887363,0.09093533487297921,0.03380068083910037,27,271,7.714285714285714,1,-0.12544715599423145,False
180,21201,24844,3644,3500,3500.0,3493,3518,3495.0,3515.0,0.9613405598243688,0.986875,0.981875,0.9400833333333322,0.9419444444444162,21230,21251,GTTGGATCTTTTACATCTATAT,0.9857954545454546,0.8125,2,0,24669,24690,TGTCGTTCTCAACCAAGGTCTG,0.9971590909090909,0.9375,1,0,3409,3471.508333333333,23,6.571428571428571,0.10002874389192297,0.20414719626168223,0.0775837389063842,-0.12656345735529803,233,66.57142857142857,0.05608011444921316,0.011435105774728416,0.09209006928406467,0.03600995483485151,23,256,6.571428571428571,1,-0.12656345735529803,False
181,46401,48471,2071,2000,2000.0,1992,2010,1992.5,2005.0,0.9654152583293095,0.9320833333333334,0.889375,0.8941884920635008,0.8975989010989239,46670,46691,TAGATGATGTTGAGGGTGGAAG,0.9857954545454546,0.8125,2,0,48185,48206,TTCGGAATGTTGCACCAGCCTC,0.9971590909090909,0.9375,1,0,1969,1989.7083333333333,22,11.0,0.10070140280561123,0.2148298628745556,0.07074761665830406,-0.14408224621625154,138,69.0,0.0565,0.010025062656641603,0.09268537074148296,0.03618537074148296,22,160,11.0,1,-0.14408224621625154,False
182,21101,24235,3135,3000,3000.0,2985,3018,2991.0,3015.0,0.9577950558213716,0.976875,0.9629166666666666,0.9196666666666654,0.9551944444444477,21230,21251,GTTGGATCTTTTACATCTATAT,0.9857954545454546,0.8125,2,0,24105,24126,GCTTGCGCACCTTCATGCTGGC,0.9971590909090909,0.9375,1,0,2913,2972.5666666666666,21,7.0,0.10890756302521008,0.2137482900136799,0.0825258937520882,-0.1312223962615917,232,77.33333333333333,0.05848930481283422,0.00867244829886591,0.09754456777665657,0.03905526296382235,21,253,7.0,1,-0.1312223962615917,False
183,46601,48117,1517,1500,1500.0,1495,1503,1495.0,1502.0,0.9880932762030323,0.99,1.0,0.948125,0.9510416666666667,46770,46791,ACAGATATGGCAAAGACTGGTT,0.9914772727272727,0.8125,1,0,47876,47897,TTTCAGATGTCCCTACAGACTC,0.9971590909090909,0.9375,1,0,1491,1495.425,17,11.333333333333334,0.10026737967914438,0.1898054996646546,0.06555183946488294,-0.12425366019977166,108,72.0,0.047968021319120584,0.0106951871657754,0.09024064171122995,0.04227262039210936,17,125,11.333333333333334,1,-0.12425366019977166,False
184,46501,48030,1530,1500,1500.0,1494,1505,1494.5,1503.5,0.9798611111111111,0.9475,1.0,0.9162718253968342,0.945,46770,46791,ACAGATATGGCAAAGACTGGTT,0.9914772727272727,0.8125,1,0,47876,47897,TTTCAGATGTCCCTACAGACTC,0.9971590909090909,0.9375,1,0,1485,1493.9333333333334,17,11.333333333333334,0.10227272727272728,0.20606060606060606,0.07224080267558529,-0.13381980338502075,108,72.0,0.05266666666666667,0.009358288770053475,0.09157754010695188,0.03891087344028521,17,125,11.333333333333334,1,-0.13381980338502075,False
185,46401,47938,1538,1500,1500.0,1494,1508,1494.5,1505.0,0.9750081274382315,0.9320833333333334,1.0,0.8941884920635008,0.9491666666666667,46670,46691,TAGATGATGTTGAGGGTGGAAG,0.9857954545454546,0.8125,2,0,47876,47897,TTTCAGATGTCCCTACAGACTC,0.9971590909090909,0.9375,1,0,1484,1493.725,17,11.333333333333334,0.1036096256684492,0.22708894878706198,0.07625418060200669,-0.1508347681850553,108,72.0,0.058,0.007352941176470588,0.0929144385026738,0.03491443850267379,17,125,11.333333333333334,1,-0.1508347681850553,False
186,21201,24339,3139,3000,3000.0,2992,3018,2994.5,3015.0,0.9568532972284167,0.986875,0.9425,0.9400833333333322,0.9531111111111144,21230,21251,GTTGGATCTTTTACATCTATAT,0.9857954545454546,0.8125,2,0,24105,24126,GCTTGCGCACCTTCATGCTGGC,0.9971590909090909,0.9375,1,0,2913,2972.625,17,5.666666666666667,0.1092436974789916,0.21238030095759233,0.08018710324089542,-0.1321931977166969,225,75.0,0.05976627712854758,0.009006004002668445,0.09922637066935755,0.03946009354080997,17,242,5.666666666666667,1,-0.1321931977166969,False
187,46701,48217,1517,1500,1500.0,1495,1503,1495.0,1502.0,0.9880932762030323,0.9858333333333333,1.0,0.92875,0.9514583333333333,46770,46791,ACAGATATGGCAAAGACTGGTT,0.9914772727272727,0.8125,1,0,48185,48206,TTCGGAATGTTGCACCAGCCTC,0.9971590909090909,0.9375,1,0,1491,1495.425,16,10.666666666666666,0.10026737967914438,0.18779342723004694,0.06622073578595318,-0.12157269144409376,112,74.66666666666667,0.04530313124583611,0.009358288770053475,0.0929144385026738,0.04761130725683768,16,128,10.666666666666666,1,-0.12157269144409376,False
188,33101,34862,1762,1500,1500.0,1494,1566,1495.0,1542.0,0.8576901248581158,0.686875,1.0,0.929857142857157,0.9679166666666666,33152,33173,ACGCAAGCGCTTTGAAGATCAA,0.9886363636363636,0.8125,2,0,34793,34814,TACAGGCTTCCCTCCAAACAAT,0.9971590909090909,0.9375,1,0,1427,1472.9833333333333,18,12.0,0.07190860215053764,0.1751927119831815,0.04768300873069174,-0.12750970325248978,4,2.6666666666666665,0.07190860215053764,0.04983164983164983,0.03333333333333333,-0.03857526881720431,4,22,2.6666666666666665,0,-0.12750970325248978,False
189,31601,34904,3304,3000,3000.0,2990,3062,2992.5,3042.5,0.9105440375302664,0.9997916666666666,1.0,0.9577083333333334,0.968125,31648,31669,AGAGTATTTCTGAAAAAGTCCT,0.9914772727272727,0.8125,1,0,34793,34814,TACAGGCTTCCCTCCAAACAAT,0.9971590909090909,0.9375,1,0,2906,2963.5,38,12.666666666666666,0.07128446536650974,0.1655196145905024,0.05100671140939597,-0.11451290318110643,4,1.3333333333333333,0.07128446536650974,0.03755868544600939,0.022,-0.049284465366509746,4,42,1.3333333333333333,0,-0.11451290318110643,False
190,42801,44302,1502,1500,1500.0,1495,1501,1499.0,1500.5,0.998418774966711,0.99375,0.9991666666666666,0.9527083333333212,0.962680555555562,42973,42994,CTGAGAAAGATCCCGGGACCAA,0.9914772727272727,0.8125,1,0,44082,44103,ATGACATGCTCCTTGTACTTCA,0.9971590909090909,0.9375,1,0,1494,1499.0166666666667,4,2.6666666666666665,0.046,0.17478318879252835,0.009993337774816789,-0.16478985101771157,1,0.6666666666666666,0.043333333333333335,0.04469646430953969,0.0033333333333333335,-0.04136313097620636,1,5,0.6666666666666666,0,-0.16478985101771157,False
191,42701,44214,1514,1500,1500.0,1495,1509,1499.5,1502.0,0.9911657859973579,0.9570833333333333,0.9985416666666667,0.9424999999999879,0.947055555555562,42973,42994,CTGAGAAAGATCCCGGGACCAA,0.9914772727272727,0.8125,1,0,44082,44103,ATGACATGCTCCTTGTACTTCA,0.9971590909090909,0.9375,1,0,1493,1498.825,4,2.6666666666666665,0.050700466977985324,0.18090787716955942,0.013324450366422385,-0.16758342680313704,1,0.6666666666666666,0.04666666666666667,0.050700466977985324,0.005333333333333333,-0.04536713364465199,1,5,0.6666666666666666,0,-0.16758342680313704,False
192,20101,23773,3673,3500,3500.0,3487,3517,3488.0,3513.0,0.9530526817315546,0.9360416666666667,1.0,0.8858985042735003,0.9520833333333333,20221,20242,TCAGGCCTTCCAGCTGGACTTT,0.9857954545454546,0.8125,2,0,23718,23739,AACGAGTATGATTCTCTCGATC,0.9829545454545454,0.875,3,0,3396,3464.116666666667,39,11.142857142857142,0.10568870921166619,0.23967184295341343,0.09307670209709853,-0.1465951408563149,243,69.42857142857143,0.06651376146788991,0.00802982506452538,0.09416522241478914,0.02765146094689923,39,282,11.142857142857142,1,-0.1465951408563149,False
193,20201,23868,3668,3500,3500.0,3487,3517,3489.0,3515.0,0.9544029443838604,0.9029166666666667,1.0,0.854461996336995,0.9570833333333333,20221,20242,TCAGGCCTTCCAGCTGGACTTT,0.9857954545454546,0.8125,2,0,23778,23799,AGGTAGGCTCTTGTTCAAGCAT,0.9943181818181818,0.875,1,0,3397,3464.9666666666667,38,10.857142857142858,0.10585520623017018,0.23608670181605154,0.09221488078138466,-0.1438718210346669,246,70.28571428571429,0.0647750071653769,0.00802982506452538,0.09445407279029462,0.02967906562491772,38,284,10.857142857142858,1,-0.1438718210346669,False
194,20001,22089,2089,2000,2000.5,1980,2023,1982.0,2013.0,0.957485639061752,0.875,0.9791666666666666,0.896395655270638,0.9304166666666667,20221,20242,TCAGGCCTTCCAGCTGGACTTT,0.9857954545454546,0.8125,2,0,21963,21984,CATGGTGATGTCCTGAGCCCAG,0.9829545454545454,0.875,3,0,1956,1982.2333333333333,34,16.99575106223444,0.09409969481180061,0.2464430894308943,0.09192483494159472,-0.15451825448929957,109,54.486378405398646,0.07293762575452717,0.00849575212393803,0.07939698492462312,0.006459359170095949,34,143,16.99575106223444,1,-0.15451825448929957,False
195,20101,22164,2064,2000,2000.0,1987,2007,1992.5,2006.0,0.96875,0.9360416666666667,0.9789583333333334,0.8858985042735003,0.94125,20221,20242,TCAGGCCTTCCAGCTGGACTTT,0.9857954545454546,0.8125,2,0,21963,21984,CATGGTGATGTCCTGAGCCCAG,0.9829545454545454,0.875,3,0,1976,1990.9,30,15.0,0.08967935871743488,0.24195171026156942,0.08651911468812877,-0.15543259557344064,106,53.0,0.07017543859649122,0.00805234021137393,0.07455919395465994,0.00438375535816872,30,136,15.0,1,-0.15543259557344064,False
196,20201,22259,2059,2000,2000.0,1987,2008,1992.5,2007.0,0.9711935405536668,0.9029166666666667,0.9789583333333334,0.854461996336995,0.9372916666666666,20221,20242,TCAGGCCTTCCAGCTGGACTTT,0.9857954545454546,0.8125,2,0,21963,21984,CATGGTGATGTCCTGAGCCCAG,0.9829545454545454,0.875,3,0,1976,1991.75,29,14.5,0.09209864116758933,0.2433383609854198,0.08551307847082495,-0.15782528251459485,113,56.5,0.06666666666666667,0.009058882737795673,0.07661492238357537,0.009948255716908702,29,142,14.5,1,-0.15782528251459485,False
197,21201,23820,2620,2500,2500.0,2485,2518,2490.0,2515.0,0.9548902671755726,0.986875,1.0,0.9400833333333322,0.9591666666666666,21230,21251,GTTGGATCTTTTACATCTATAT,0.9857954545454546,0.8125,2,0,23778,23799,AGGTAGGCTCTTGTTCAAGCAT,0.9943181818181818,0.875,1,0,2414,2472.758333333333,14,5.6,0.11415893505445744,0.22762886597938145,0.08503810669875651,-0.14259075928062492,203,81.2,0.05854049719326383,0.008803521408563426,0.10549717057396928,0.046956673380705444,14,217,5.6,1,-0.14259075928062492,False
198,21001,22514,1514,1500,1500.0,1497,1504,1499.5,1504.0,0.9912483487450462,0.98625,1.0,0.9217499999999987,0.9316666666666666,21230,21251,GTTGGATCTTTTACATCTATAT,0.9857954545454546,0.8125,2,0,22266,22287,GGAGAGCCTTGACAGCATCTAT,0.9886363636363636,0.875,2,0,1496,1499.5416666666667,13,8.666666666666666,0.104,0.22266666666666668,0.08066666666666666,-0.14200000000000002,115,76.66666666666667,0.053440213760855046,0.009339559706470981,0.08350033400133601,0.030060120240480964,13,128,8.666666666666666,1,-0.14200000000000002,False
199,31501,34804,3304,3000,3000.0,2990,3062,2992.5,3042.5,0.9105440375302664,0.9997916666666666,0.9779166666666667,0.9608333333333333,0.9576746031746006,31648,31669,AGAGTATTTCTGAAAAAGTCCT,0.9914772727272727,0.8125,1,0,34736,34757,CCAAAGAGTGCATGGCGGATCT,0.9886363636363636,0.875,2,0,2906,2963.5,39,13.0,0.07061197041022192,0.16689607708189952,0.05100671140939597,-0.11588936567250355,4,1.3333333333333333,0.07061197041022192,0.03789403085177733,0.022,-0.04861197041022192,4,43,1.3333333333333333,0,-0.11588936567250355,False
200,33001,34763,1763,1500,1500.0,1494,1567,1495.0,1542.0,0.8573454339194555,0.8808333333333334,0.9572916666666667,0.9403075396825443,0.9457675518925438,33152,33173,ACGCAAGCGCTTTGAAGATCAA,0.9886363636363636,0.8125,2,0,34736,34757,CCAAAGAGTGCATGGCGGATCT,0.9886363636363636,0.875,2,0,1427,1472.8666666666666,19,12.666666666666666,0.07594086021505377,0.1839160839160839,0.04832214765100671,-0.1355939362650772,3,2.0,0.07594086021505377,0.050505050505050504,0.032,-0.043940860215053765,3,22,2.0,0,-0.1355939362650772,False
201,21001,24647,3647,3500,3500.0,3493,3518,3495.0,3515.0,0.9607040032903756,0.98625,0.98375,0.9217499999999987,0.948125,21230,21251,GTTGGATCTTTTACATCTATAT,0.9857954545454546,0.8125,2,0,24547,24568,CGGCAACAAAACTGCCGCCTTT,0.9914772727272727,0.8125,1,0,3413,3472.633333333333,28,8.0,0.1033093525179856,0.20648364485981308,0.08159175493844832,-0.12489188992136475,250,71.42857142857143,0.05670103092783505,0.008576329331046312,0.08983587676360495,0.0331348458357699,28,278,8.0,1,-0.12489188992136475,False
202,33501,35708,2208,2000,2000.5,1998,2035,1998.0,2022.0,0.9088824728260869,0.750625,0.8995833333333333,0.9269474506974439,0.8839781746031804,33734,33755,GTACCCGCAAAACATACTTCCA,0.9914772727272727,0.8125,1,0,35439,35460,ATCCCTAGATTTAGGCCTACTC,0.9914772727272727,0.8125,1,0,1967,1987.9916666666666,39,19.495126218445385,0.08270676691729323,0.1997966446365023,0.06281407035175879,-0.1369825742847435,5,2.499375156210947,0.08270676691729323,0.056,0.0295,-0.05320676691729323,5,44,2.499375156210947,0,-0.1369825742847435,False
203,31601,35462,3862,3500,3500.0,3491,3563,3493.0,3544.5,0.9086613153806318,0.9997916666666666,0.821875,0.9577083333333334,0.7763429487179383,31648,31669,AGAGTATTTCTGAAAAAGTCCT,0.9914772727272727,0.8125,1,0,35439,35460,ATCCCTAGATTTAGGCCTACTC,0.9914772727272727,0.8125,1,0,3403,3462.575,49,14.0,0.07659084365102217,0.18131060828680576,0.05669655770899624,-0.12461405057780953,5,1.4285714285714286,0.07659084365102217,0.04135554279149914,0.021714285714285714,-0.05487655793673646,5,54,1.4285714285714286,0,-0.12461405057780953,False
204,33601,35205,1605,1500,1500.0,1499,1527,1499.0,1521.0,0.9381230529595016,0.73,0.9816666666666667,0.8842824074073966,0.93875,33734,33755,GTACCCGCAAAACATACTTCCA,0.9914772727272727,0.8125,1,0,34967,34988,CCACCGAGTATTTTCTCAACAC,0.9914772727272727,0.8125,1,0,1480,1491.9,20,13.333333333333334,0.07152406417112299,0.16891891891891891,0.05150501672240803,-0.11741390219651088,4,2.6666666666666665,0.07152406417112299,0.05870580386924616,0.035356904603068715,-0.036167159568054275,4,24,2.6666666666666665,0,-0.11741390219651088,False
205,33701,35266,1566,1500,1500.0,1492,1512,1492.0,1509.5,0.9583732439335888,0.844375,0.9810416666666667,0.8930125661375617,0.9241346153846098,33734,33755,GTACCCGCAAAACATACTTCCA,0.9914772727272727,0.8125,1,0,34967,34988,CCACCGAGTATTTTCTCAACAC,0.9914772727272727,0.8125,1,0,1478,1491.6333333333334,19,12.666666666666666,0.072337575351641,0.17861975642760486,0.05787348586810229,-0.12074627055950257,4,2.6666666666666665,0.072337575351641,0.058,0.034,-0.03833757535164099,4,23,2.6666666666666665,0,-0.12074627055950257,False
206,33501,35123,1623,1500,1500.5,1497,1530,1497.0,1518.0,0.9276032039433149,0.750625,0.9879166666666667,0.9269474506974439,0.9522916666666666,33734,33755,GTACCCGCAAAACATACTTCCA,0.9914772727272727,0.8125,1,0,34877,34898,ATTTGCACTATGCTTACAACAA,0.9914772727272727,0.8125,1,0,1472,1489.5083333333334,23,15.328223925358214,0.06947227788911156,0.1610054347826087,0.04825737265415549,-0.1127480621284532,4,2.665778073975342,0.06947227788911156,0.056,0.035333333333333335,-0.034138944555778226,4,27,2.665778073975342,0,-0.1127480621284532,False
207,31401,35224,3824,3500,3500.0,3490,3562,3492.5,3547.5,0.9178216527196653,0.9564583333333333,0.9810416666666667,0.9561011904761957,0.9289262820512765,31648,31669,AGAGTATTTCTGAAAAAGTCCT,0.9914772727272727,0.8125,1,0,34967,34988,CCACCGAGTATTTTCTCAACAC,0.9914772727272727,0.8125,1,0,3397,3461.383333333333,47,13.428571428571429,0.0751511661387849,0.1769208124816014,0.05640728955741973,-0.12051352292418169,4,1.1428571428571428,0.0751511661387849,0.04221711659965537,0.022,-0.05315116613878491,4,51,1.1428571428571428,0,-0.12051352292418169,False
208,31401,34718,3318,3000,3000.0,2990,3062,2992.5,3046.5,0.9070034659433394,0.9564583333333333,0.9572916666666667,0.9561011904761957,0.946600885225877,31648,31669,AGAGTATTTCTGAAAAAGTCCT,0.9914772727272727,0.8125,1,0,34424,34445,GGATTGAGCAGTACAACTTTGG,0.9914772727272727,0.8125,1,0,2900,2962.1666666666665,39,13.0,0.07464694014794888,0.17413793103448275,0.052756171795738924,-0.12138175923874382,3,1.0,0.07464694014794888,0.039235412474849095,0.021333333333333333,-0.053313606814615555,3,42,1.0,0,-0.12138175923874382,False
209,31601,33891,2291,2000,2000.0,1987,2060,1992.5,2037.0,0.8765822784810127,0.9997916666666666,0.72,0.9577083333333334,0.8755324074073966,31648,31669,AGAGTATTTCTGAAAAAGTCCT,0.9914772727272727,0.8125,1,0,33734,33755,TGGAAGTATGTTTTGCGGGTAC,0.9914772727272727,0.8125,1,0,1909,1966.2166666666667,31,15.5,0.07700101317122594,0.1744125326370757,0.052313883299798795,-0.1220986493372769,0,0.0,0.07700101317122594,0.026236125126135216,0.011,-0.06600101317122595,0,31,0.0,0,-0.1220986493372769,False
210,31501,33758,2258,2000,2000.0,1987,2060,1992.5,2033.0,0.8890334366696191,0.9997916666666666,0.7229166666666667,0.9608333333333333,0.9389057840307821,31648,31669,AGAGTATTTCTGAAAAAGTCCT,0.9914772727272727,0.8125,1,0,33734,33755,TGGAAGTATGTTTTGCGGGTAC,0.9914772727272727,0.8125,1,0,1913,1967.1083333333333,30,15.0,0.07446808510638298,0.17248566961959355,0.053462321792260695,-0.11902334782733286,0,0.0,0.07446808510638298,0.028254288597376387,0.011,-0.06346808510638298,0,30,0.0,0,-0.11902334782733286,False
211,20001,23698,3698,3500,3500.0,3480,3523,3486.5,3513.0,0.9467786641427799,0.875,1.0,0.896395655270638,0.9422916666666666,20221,20242,TCAGGCCTTCCAGCTGGACTTT,0.9857954545454546,0.8125,2,0,23610,23631,CATCCTTCATGGCGTCCGGGTG,0.9886363636363636,0.75,1,0,3387,3455.325,43,12.285714285714286,0.10856313497822932,0.24373710580607133,0.09647602541883304,-0.14726108038723829,243,69.42857142857143,0.06875719217491369,0.008285714285714285,0.09659746251441753,0.027840270339503842,43,286,12.285714285714286,1,-0.14726108038723829,False
212,20001,21582,1582,1500,1500.0,1480,1523,1482.0,1513.0,0.9478113147914032,0.875,0.9875,0.896395655270638,0.9383333333333334,20221,20242,TCAGGCCTTCCAGCTGGACTTT,0.9857954545454546,0.8125,2,0,21466,21487,CTCCCCAGGAGACACCAAGGAG,0.9801136363636364,0.75,2,0,1456,1482.1916666666666,33,22.0,0.0913978494623656,0.255449591280654,0.09938733832539143,-0.15606225295526255,65,43.333333333333336,0.0913978494623656,0.0073284477015323115,0.07114093959731543,-0.02025690986505016,33,98,22.0,0,-0.15606225295526255,False
213,20101,21657,1557,1500,1500.0,1488,1503,1492.5,1502.5,0.9626284521515736,0.9360416666666667,1.0,0.8858985042735003,0.939375,20221,20242,TCAGGCCTTCCAGCTGGACTTT,0.9857954545454546,0.8125,2,0,21466,21487,CTCCCCAGGAGACACCAAGGAG,0.9801136363636364,0.75,2,0,1477,1490.9833333333333,30,20.0,0.08762541806020067,0.24815063887020847,0.09475806451612903,-0.15339257435407944,67,44.666666666666664,0.08762541806020067,0.008064516129032258,0.07014028056112225,-0.01748513749907843,30,97,20.0,0,-0.15339257435407944,False
214,20201,21752,1552,1500,1500.0,1488,1506,1492.5,1504.0,0.9658505154639175,0.9029166666666667,1.0,0.854461996336995,0.9391666666666667,20221,20242,TCAGGCCTTCCAGCTGGACTTT,0.9857954545454546,0.8125,2,0,21466,21487,CTCCCCAGGAGACACCAAGGAG,0.9801136363636364,0.75,2,0,1477,1491.8333333333333,29,19.333333333333332,0.09066666666666667,0.24260752688172044,0.0907258064516129,-0.15188172043010753,73,48.666666666666664,0.08093645484949832,0.009408602150537635,0.07267833109017496,-0.00825812375932336,29,102,19.333333333333332,0,-0.15188172043010753,False
215,21001,24123,3123,3000,3000.0,2985,3018,2990.0,3015.0,0.9611951649055396,0.98625,1.0,0.9217499999999987,0.955625,21230,21251,GTTGGATCTTTTACATCTATAT,0.9857954545454546,0.8125,2,0,23865,23886,TATACCATTTAGAAATGTCAAC,0.9886363636363636,0.75,1,0,2914,2972.758333333333,22,7.333333333333333,0.10890756302521008,0.21675213675213675,0.0845305713331106,-0.13222156541902616,234,78.0,0.05850885991307255,0.008336112037345782,0.09616677874915938,0.03765791883608683,22,256,7.333333333333333,1,-0.13222156541902616,False
216,21101,23723,2623,2500,2500.0,2485,2518,2490.0,2515.0,0.9537981319100267,0.976875,1.0,0.9196666666666654,0.94375,21230,21251,GTTGGATCTTTTACATCTATAT,0.9857954545454546,0.8125,2,0,23610,23631,CATCCTTCATGGCGTCCGGGTG,0.9886363636363636,0.75,1,0,2414,2472.758333333333,19,7.6,0.11738604275917709,0.23175257731958762,0.08945046129161653,-0.1423021160279711,211,84.4,0.061019670814933764,0.008403361344537815,0.1059013742926435,0.044881703477709735,19,230,7.6,1,-0.1423021160279711,False
217,21001,23623,2623,2500,2500.0,2485,2518,2490.0,2515.0,0.9537981319100267,0.98625,0.99375,0.9217499999999987,0.9392857142857125,21230,21251,GTTGGATCTTTTACATCTATAT,0.9857954545454546,0.8125,2,0,23592,23613,GGTGGTTGAACGAGAGCATGTT,0.9857954545454546,0.75,2,0,2414,2472.758333333333,17,6.8,0.11940298507462686,0.2354639175257732,0.09028892455858747,-0.14517499296718572,212,84.8,0.06142111601766359,0.008403361344537815,0.10343434343434343,0.042013227416679844,17,229,6.8,1,-0.14517499296718572,False
218,33001,35269,2269,2000,2000.0,1994,2066,1995.0,2045.0,0.8866516086381666,0.8808333333333334,0.9810416666666667,0.9403075396825443,0.9228846153846098,33152,33173,ACGCAAGCGCTTTGAAGATCAA,0.9886363636363636,0.8125,2,0,34970,34991,TTCCCACCGAGTATTTTCTCAA,0.9886363636363636,0.75,1,0,1924,1972.0833333333333,28,14.0,0.0790135883241067,0.19230769230769232,0.05681246857717446,-0.13549522373051787,4,2.0,0.0790135883241067,0.05340050377833753,0.029,-0.0500135883241067,4,32,2.0,0,-0.13549522373051787,False
219,15001,17637,2637,2500,2500.0,2340,2519,2408.5,2514.0,0.9410551763367463,0.8989583333333333,0.9620833333333333,0.955119047618961,0.9137272727272708,15272,15293,ATCCAACTCTTCTGTGATGTCC,0.9857954545454546,0.8125,2,0,17578,17599,ATCTTGGGTCTCGCGAAAGTCG,0.9744318181818182,0.6875,2,0,2241,2437.6833333333334,44,17.6,0.09098164405426976,0.2160034980323568,0.06327593111734081,-0.152727566915016,12,4.8,0.09098164405426976,0.045804620997162544,0.002,-0.08898164405426975,12,56,4.8,0,-0.152727566915016,False
220,31501,35357,3857,3500,3500.0,3490,3563,3492.5,3543.5,0.9097258231786363,0.9997916666666666,0.8366666666666667,0.9608333333333333,0.7753846153846098,31648,31669,AGAGTATTTCTGAAAAAGTCCT,0.9914772727272727,0.8125,1,0,35087,35108,TAATGATATATAGTTAATAGCA,0.9744318181818182,0.6875,3,0,3403,3462.7166666666667,48,13.714285714285714,0.0739994241289951,0.17866588304437261,0.05605058924978442,-0.12261529379458819,5,1.4285714285714286,0.0739994241289951,0.04135554279149914,0.02142857142857143,-0.05257085270042367,5,53,1.4285714285714286,0,-0.12261529379458819,False
221,20001,22593,2593,2500,2500.5,2482,2523,2484.5,2513.0,0.9643752410335519,0.875,0.9883333333333333,0.896395655270638,0.9163161375661366,20221,20242,TCAGGCCTTCCAGCTGGACTTT,0.9857954545454546,0.8125,2,0,22345,22366,TAGACATTAGCATATGAAGCTG,0.9630681818181818,0.625,3,0,2457,2481.7083333333335,36,14.397120575884822,0.09858012170385395,0.24655312246553124,0.09433198380566801,-0.15222113865986323,155,61.9876024795041,0.06830052229811169,0.0096,0.0855421686746988,0.017241646376587108,36,191,14.397120575884822,1,-0.15222113865986323,False
222,20201,23368,3168,3000,3000.0,2987,3017,2989.0,3015.0,0.9472064393939394,0.9029166666666667,0.8839583333333333,0.854461996336995,0.906190476190471,20221,20242,TCAGGCCTTCCAGCTGGACTTT,0.9857954545454546,0.8125,2,0,23318,23339,CTGACAAGGCCAACAAGGGCCA,0.9829545454545454,0.625,1,0,2897,2964.9666666666667,33,11.0,0.10886417256488035,0.2525737817433082,0.09493458570949345,-0.15763919603381474,211,70.33333333333333,0.06758113081298094,0.009039169735520589,0.09546218487394958,0.02788105406096865,33,244,11.0,1,-0.15763919603381474,False
223,21101,22621,1521,1500,1500.0,1497,1505,1498.5,1503.5,0.9865220249835635,0.976875,0.9758333333333333,0.9196666666666654,0.9090244708994699,21230,21251,GTTGGATCTTTTACATCTATAT,0.9857954545454546,0.8125,2,0,22345,22366,TAGACATTAGCATATGAAGCTG,0.9630681818181818,0.625,3,0,1494,1498.1416666666667,13,8.666666666666666,0.11541027351567712,0.23046092184368738,0.08739159439626418,-0.1430693274474232,126,84.0,0.055444221776887105,0.010680907877169559,0.09759358288770054,0.04214936111081343,13,139,8.666666666666666,1,-0.1430693274474232,False
224,15001,17109,2109,2000,2000.5,1834,2010,1916.0,2003.0,0.9389817449027975,0.8989583333333333,0.8145833333333333,0.955119047618961,0.8522123015872907,15272,15293,ATCCAACTCTTCTGTGATGTCC,0.9857954545454546,0.8125,2,0,16937,16958,CTGTCCATAAGGATGGCCTAAG,0.9772727272727273,0.5625,2,0,1777,1945.7583333333334,14,6.998250437390651,0.07723169508525576,0.21212121212121213,0.03401700850425213,-0.17810420361696,2,0.9997500624843788,0.07723169508525576,0.04156234351527291,0.0014992503748125937,-0.07573244471044317,2,16,0.9997500624843788,0,-0.17810420361696,False
225,20001,23181,3181,3000,3000.0,2980,3024,2985.5,3014.0,0.9434729644765797,0.875,0.8302083333333333,0.896395655270638,0.9161183862433852,20221,20242,TCAGGCCTTCCAGCTGGACTTT,0.9857954545454546,0.8125,2,0,23014,23035,TCATGCAATCCTAAACTAGGCC,0.9573863636363636,0.5,2,0,2896,2957.9,38,12.666666666666666,0.10767663043478261,0.2563749138525155,0.09888626392170098,-0.15748864993081452,204,68.0,0.06955645161290322,0.009663445518160613,0.09430784776018862,0.0247513961472854,38,242,12.666666666666666,1,-0.15748864993081452,False
226,20101,23271,3171,3000,3000.0,2987,3017,2992.0,3013.0,0.9465271207820877,0.9360416666666667,0.8285416666666666,0.8858985042735003,0.903246031746033,20221,20242,TCAGGCCTTCCAGCTGGACTTT,0.9857954545454546,0.8125,2,0,23014,23035,TCATGCAATCCTAAACTAGGCC,0.9573863636363636,0.5,2,0,2904,2966.0416666666665,34,11.333333333333334,0.10631117111036112,0.2543649435124957,0.09527004360952701,-0.1590948999029687,206,68.66666666666667,0.06755852842809365,0.009039169735520589,0.0934453781512605,0.02588684972316685,34,240,11.333333333333334,1,-0.1590948999029687,False
227,46501,48578,2078,2000,2000.5,1993,2013,1994.0,2008.5,0.9628849855630414,0.9475,0.845625,0.9162718253968342,0.8715175518926117,46770,46791,ACAGATATGGCAAAGACTGGTT,0.9914772727272727,0.8125,1,0,48325,48346,GGTACCAGCACTTTACAGATGG,0.9659090909090909,0.5,2,0,1966,1987.7666666666667,21,10.497375656085978,0.10306686777275012,0.21189024390243902,0.07014028056112225,-0.1417499633413168,145,72.48187953011747,0.054189663823381834,0.010505252626313157,0.09602815485168427,0.041838491028302435,21,166,10.497375656085978,1,-0.1417499633413168,False
228,21001,23087,2087,2000,2000.0,1972,2016,1983.0,2014.0,0.9577144226161955,0.98625,0.8264583333333333,0.9217499999999987,0.9140052910052934,21230,21251,GTTGGATCTTTTACATCTATAT,0.9857954545454546,0.8125,2,0,23014,23035,TCATGCAATCCTAAACTAGGCC,0.9573863636363636,0.5,2,0,1922,1974.2,15,7.5,0.11746835443037974,0.2421107087428867,0.09136546184738956,-0.15074524689549715,168,84.0,0.061306532663316586,0.010005002501250625,0.09873417721518987,0.037427644551873286,15,183,7.5,1,-0.15074524689549715,False
229,21101,23208,2108,2000,2000.0,1984,2016,1989.0,2014.0,0.9491520398481973,0.976875,0.8210416666666667,0.9196666666666654,0.9064160052910059,21230,21251,GTTGGATCTTTTACATCTATAT,0.9857954545454546,0.8125,2,0,23014,23035,TCATGCAATCCTAAACTAGGCC,0.9573863636363636,0.5,2,0,1922,1974.3333333333333,14,7.0,0.1189873417721519,0.24935333678220384,0.09086345381526105,-0.15848988296694277,171,85.5,0.05979899497487437,0.010505252626313157,0.10430379746835443,0.04450480249348006,14,185,7.0,1,-0.15848988296694277,False
230,20101,22683,2583,2500,2500.0,2487,2508,2493.0,2507.0,0.968036198219125,0.9360416666666667,0.9397916666666667,0.8858985042735003,0.9036677859177871,20221,20242,TCAGGCCTTCCAGCTGGACTTT,0.9857954545454546,0.8125,2,0,22462,22483,TCCGCTTTCTTTCTATCATAAA,0.9630681818181818,0.4375,3,0,2470,2487.866666666667,34,13.6,0.0991136180499597,0.24545821558336697,0.09489344591877764,-0.15056476966458932,161,64.4,0.06931089743589744,0.008845999195818254,0.08653846153846154,0.017227564102564097,34,195,13.6,1,-0.15056476966458932,False
231,21201,22734,1534,1500,1500.0,1496,1506,1499.5,1506.0,0.9788135593220338,0.986875,0.9258333333333333,0.9400833333333322,0.9064455636955608,21230,21251,GTTGGATCTTTTACATCTATAT,0.9857954545454546,0.8125,2,0,22462,22483,TCCGCTTTCTTTCTATCATAAA,0.9630681818181818,0.4375,3,0,1486,1495.6166666666666,9,6.0,0.11823647294589178,0.23908663532572197,0.08210947930574099,-0.15697715601998097,126,84.0,0.05481283422459893,0.01067378252168112,0.10441767068273092,0.04960483645813199,9,135,6.0,1,-0.15697715601998097,False
232,20901,25048,4148,4000,4000.0,3984,4019,3988.0,4014.5,0.9645160318225651,0.99,0.9889583333333334,0.929375,0.9528988095238189,20941,20962,CGTCTTACGGATAGATTTGGGC,0.9829545454545454,0.75,2,0,24920,24941,GCATCATGCGCATCTCTGCGTA,1.0,1.0,0,0,3900,3967.4166666666665,34,8.5,0.09665240372514473,0.20025542784163475,0.07915831663326653,-0.12109711120836822,253,63.25,0.05706385118149824,0.014274981217129978,0.08613286183379641,0.029069010652298173,34,287,8.5,1,-0.12109711120836822,False
233,20801,24948,4148,4000,4000.0,3984,4019,3988.0,4014.5,0.9645160318225651,1.0,0.9870833333333333,0.9485416666666666,0.9502599206349017,20941,20962,CGTCTTACGGATAGATTTGGGC,0.9829545454545454,0.75,2,0,24920,24941,GCATCATGCGCATCTCTGCGTA,1.0,1.0,0,0,3900,3967.4166666666665,33,8.25,0.09713135379969803,0.20306513409961685,0.07848545636910732,-0.12457967773050953,259,64.75,0.0575666163901458,0.012271475081392437,0.08436473857034604,0.026798122180200244,33,292,8.25,1,-0.12457967773050953,False
234,40301,43595,3295,3000,3000.0,2989,3033,2994.0,3024.5,0.912272382397572,0.8402083333333333,0.9997916666666666,0.9096765873016193,0.9743472222222287,40545,40566,ATTAATTGTGCAATAAAAACAG,0.9829545454545454,0.75,2,0,43325,43346,AGAAGTAAGGGTTCAGGTAGCC,1.0,1.0,0,0,2901,2967.516666666667,39,13.0,0.05463743676222597,0.19636737491432488,0.041750167000668005,-0.15461720791365688,4,1.3333333333333333,0.05225893459204316,0.03347840642785403,0.009339559706470981,-0.042919374885572174,4,43,1.3333333333333333,0,-0.15461720791365688,False
235,40301,44597,4297,4000,4000.0,3991,4035,3996.0,4025.5,0.9323946939725389,0.8402083333333333,0.9966666666666667,0.9096765873016193,0.9675925925926033,40545,40566,ATTAATTGTGCAATAAAAACAG,0.9829545454545454,0.75,2,0,44486,44507,GGGCGTGAGTCATGTCAATGTC,1.0,1.0,0,0,3900,3967.008333333333,39,9.75,0.05245901639344262,0.1883465371837465,0.03655483224837256,-0.15179170493537394,4,1.0,0.049924357034795766,0.036368196639077,0.0080040020010005,-0.041920355033795265,4,43,1.0,0,-0.15179170493537394,False
236,40401,44693,4293,4000,4000.0,3992,4032,3996.5,4023.5,0.9332634521313766,0.7972916666666666,0.99625,0.9049891774891997,0.9651488095238164,40545,40566,ATTAATTGTGCAATAAAAACAG,0.9829545454545454,0.75,2,0,44486,44507,GGGCGTGAGTCATGTCAATGTC,1.0,1.0,0,0,3895,3966.6833333333334,35,8.75,0.04940761280564659,0.19140225179119755,0.03579474342928661,-0.15560750836191095,3,0.75,0.047379032258064516,0.03635907723169508,0.007501875468867217,-0.0398771567891973,3,38,0.75,0,-0.15560750836191095,False
237,40501,44767,4267,4000,4000.0,3992,4022,3996.0,4016.0,0.9383056011249121,0.8545833333333334,0.9954166666666666,0.928722388722393,0.9561904761904831,40545,40566,ATTAATTGTGCAATAAAAACAG,0.9829545454545454,0.75,2,0,44486,44507,GGGCGTGAGTCATGTCAATGTC,1.0,1.0,0,0,3907,3968.475,35,8.75,0.048903453491303255,0.19325153374233128,0.03645047762694822,-0.15680105611538306,3,0.75,0.046875,0.037111334002006016,0.007001750437609402,-0.0398732495623906,3,38,0.75,0,-0.15680105611538306,False
238,41501,44684,3184,3000,3000.0,2990,3010,2994.0,3005.0,0.9420932788944724,0.9202083333333333,0.99625,0.9387586996337025,0.9668154761904831,41688,41709,AATTACAGTTTGCTACGGCAGT,0.9886363636363636,0.75,1,0,44486,44507,GGGCGTGAGTCATGTCAATGTC,1.0,1.0,0,0,2937,2974.925,22,7.333333333333333,0.046817110138093636,0.2008837525492862,0.030913978494623656,-0.16996977405466254,2,0.6666666666666666,0.0444743935309973,0.040160642570281124,0.006002000666888963,-0.03847239286410834,2,24,0.6666666666666666,0,-0.16996977405466254,False
239,41601,44776,3176,3000,3000.0,2993,3025,2996.5,3020.0,0.9466309823677582,0.8920833333333333,0.995,0.9366401098901043,0.9534821428571498,41688,41709,AATTACAGTTTGCTACGGCAGT,0.9886363636363636,0.75,1,0,44486,44507,GGGCGTGAGTCATGTCAATGTC,1.0,1.0,0,0,2959,2987.7833333333333,21,7.0,0.048894842598794376,0.20276653171390013,0.03207484129635817,-0.17069169041754195,1,0.3333333333333333,0.04688546550569324,0.03978602474088933,0.0056685561853951315,-0.041216909320298104,1,22,0.3333333333333333,0,-0.17069169041754195,False
240,31301,34113,2813,2500,2500.0,2487,2564,2492.5,2541.5,0.8921969427657306,0.9316666666666666,0.9125,0.9325892857142875,0.9044940476190458,31543,31564,ATTGGAGACTCTGTATCTATCT,0.9886363636363636,0.75,1,0,34061,34082,AGGTGATGGACACGATTGAGTG,1.0,1.0,0,0,2402,2464.8166666666666,37,14.8,0.07636363636363637,0.1793275217932752,0.05438311688311688,-0.12494440491015833,0,0.0,0.07636363636363637,0.033037872683319904,0.0124,-0.06396363636363638,0,37,0.0,0,-0.12494440491015833,False
241,31301,32857,1557,1500,1500.0,1495,1524,1495.0,1500.0,0.9632707129094412,0.9316666666666666,0.9997916666666666,0.9325892857142875,0.9685416666666666,31543,31564,ATTGGAGACTCTGTATCTATCT,0.9886363636363636,0.75,1,0,32747,32768,GAGAGAGTGGCTGTTGACTATA,1.0,1.0,0,0,1477,1492.3416666666667,21,14.0,0.0744466800804829,0.17353139770425388,0.05220883534136546,-0.12132256236288842,0,0.0,0.0744466800804829,0.032732130928523714,0.011333333333333334,-0.06311334674714957,0,21,0.0,0,-0.12132256236288842,False
242,20701,24847,4147,4000,4000.0,3992,4018,3994.0,4014.5,0.9652158186640946,1.0,0.980625,0.9497916666666667,0.9413194444444162,20941,20962,CGTCTTACGGATAGATTTGGGC,0.9829545454545454,0.75,2,0,24669,24690,TGTCGTTCTCAACCAAGGTCTG,0.9971590909090909,0.9375,1,0,3908,3970.883333333333,37,9.25,0.09678230266465561,0.20418047412694368,0.0784068136272545,-0.1257736604996892,259,64.75,0.05750878955298845,0.010257693269952465,0.08478425435276306,0.027275464799774607,37,296,9.25,1,-0.1257736604996892,False
243,20701,24342,3642,3500,3500.0,3492,3518,3494.5,3515.0,0.9619886051619989,1.0,0.9425,0.9497916666666667,0.952277777777781,20941,20962,CGTCTTACGGATAGATTTGGGC,0.9829545454545454,0.75,2,0,24105,24126,GCTTGCGCACCTTCATGCTGGC,0.9971590909090909,0.9375,1,0,3413,3472.625,31,8.857142857142858,0.10273381294964029,0.2108644859813084,0.08073289436014887,-0.13013159162115956,252,72.0,0.06099656357388316,0.007718696397941681,0.0901238122660524,0.02912724869216924,31,283,8.857142857142858,1,-0.13013159162115956,False
244,23401,24925,1525,1500,1500.0,1487,1512,1494.5,1501.5,0.9829508196721312,1.0,0.9841666666666666,0.94125,0.9471349206349017,23610,23631,CACCCGGACGCCATGAAGGATG,0.9886363636363636,0.75,1,0,24669,24690,TGTCGTTCTCAACCAAGGTCTG,0.9971590909090909,0.9375,1,0,1482,1494.6583333333333,15,10.0,0.0749665327978581,0.14563758389261744,0.06421404682274247,-0.08142353706987497,58,38.666666666666664,0.05815508021390375,0.018741633199464525,0.06333333333333334,0.005178253119429592,15,73,10.0,1,-0.08142353706987497,False
245,23301,24825,1525,1500,1500.0,1492,1512,1499.0,1501.5,0.9838934426229509,0.99375,0.981875,0.9384523809523793,0.9415277777777494,23526,23547,GGACTTCCTCACAAGAGACATC,0.9829545454545454,0.75,2,0,24669,24690,TGTCGTTCTCAACCAAGGTCTG,0.9971590909090909,0.9375,1,0,1483,1496.825,14,9.333333333333334,0.07605070046697798,0.14151576123407109,0.06333333333333334,-0.07818242790073775,65,43.333333333333336,0.0552964690206529,0.01200800533689126,0.06908115358819585,0.013784684567542949,14,79,9.333333333333334,1,-0.07818242790073775,False
246,33201,34948,1748,1500,1500.0,1494,1567,1495.0,1540.0,0.8643449656750573,0.5891666666666666,1.0,0.9525198412698713,0.9672916666666667,33233,33254,CCTCCAACCTCCGAGCGGGTAC,0.9829545454545454,0.75,2,0,34793,34814,TACAGGCTTCCCTCCAAACAAT,0.9971590909090909,0.9375,1,0,1432,1474.4916666666666,18,12.0,0.0671591672263264,0.164804469273743,0.04697986577181208,-0.11782460350193093,4,2.6666666666666665,0.0671591672263264,0.050505050505050504,0.03279785809906292,-0.03436130912726348,4,22,2.6666666666666665,0,-0.11782460350193093,False
247,40301,44095,3795,3500,3500.0,3489,3533,3494.0,3524.5,0.9237812911725956,0.8402083333333333,0.999375,0.9096765873016193,0.9570833333333333,40545,40566,ATTAATTGTGCAATAAAAACAG,0.9829545454545454,0.75,2,0,43808,43829,TACCCTCATCGAGCATTCGCTC,0.9971590909090909,0.9375,1,0,3401,3467.141666666667,39,11.142857142857142,0.05512265512265512,0.19062957540263542,0.038065254722381224,-0.1525643206802542,4,1.1428571428571428,0.052510098095787654,0.03613421279036421,0.008862206975414523,-0.04364789112037313,4,43,1.1428571428571428,0,-0.1525643206802542,False
248,40401,44190,3790,3500,3500.0,3489,3530,3494.0,3525.0,0.924967018469657,0.7972916666666666,0.9985416666666667,0.9049891774891997,0.9443472222222287,40545,40566,ATTAATTGTGCAATAAAAACAG,0.9829545454545454,0.75,2,0,44082,44103,ATGACATGCTCCTTGTACTTCA,0.9971590909090909,0.9375,1,0,3403,3467.5,35,10.0,0.05366416618580496,0.1935672514619883,0.035775615340583856,-0.15779163612140445,3,0.8571428571428571,0.05162965099509662,0.038428448523085745,0.008290451686678102,-0.04333919930841852,3,38,0.8571428571428571,0,-0.15779163612140445,False
249,40501,44265,3765,3500,3500.0,3490,3532,3495.0,3514.0,0.9307104913678619,0.8545833333333334,0.9991666666666666,0.928722388722393,0.9543472222222287,40545,40566,ATTAATTGTGCAATAAAAACAG,0.9829545454545454,0.75,2,0,44082,44103,ATGACATGCTCCTTGTACTTCA,0.9971590909090909,0.9375,1,0,3418,3470.775,33,9.428571428571429,0.051341217190654743,0.19112926758097462,0.03319027181688126,-0.15793899576409337,3,0.8571428571428571,0.04930795847750865,0.03841743119266055,0.007716490425835953,-0.0415914680516727,3,36,0.8571428571428571,0,-0.15793899576409337,False
250,40501,43264,2764,2500,2500.0,2490,2532,2494.0,2513.0,0.9057977568740955,0.8545833333333334,1.0,0.928722388722393,0.9616666666666546,40545,40566,ATTAATTGTGCAATAAAAACAG,0.9829545454545454,0.75,2,0,43175,43196,ATGAATCCCTGATGTGAACTTC,0.9971590909090909,0.9375,1,0,2419,2470.766666666667,31,12.4,0.05474452554744526,0.20477956324680677,0.04170008019246191,-0.16307948305434486,2,0.8,0.053585817888799354,0.03617363344051447,0.009207365892714172,-0.044378451996085186,2,33,0.8,0,-0.16307948305434486,False
251,41501,44182,2682,2500,2500.0,2488,2509,2492.0,2508.5,0.9320469798657718,0.9202083333333333,0.9985416666666667,0.9387586996337025,0.9422638888888953,41688,41709,AATTACAGTTTGCTACGGCAGT,0.9886363636363636,0.75,1,0,44082,44103,ATGACATGCTCCTTGTACTTCA,0.9971590909090909,0.9375,1,0,2445,2476.741666666667,22,8.8,0.05265289590927501,0.20620661494487547,0.03412284223203533,-0.17208377271284014,2,0.8,0.04983792544570503,0.04421221864951769,0.007202881152460984,-0.042635044293244044,2,24,0.8,0,-0.17208377271284014,False
252,41601,44275,2675,2500,2500.0,2492,2532,2496.5,2528.0,0.937570093457944,0.8920833333333333,0.9991666666666666,0.9366401098901043,0.9583055555555621,41688,41709,AATTACAGTTTGCTACGGCAGT,0.9886363636363636,0.75,1,0,44082,44103,ATGACATGCTCCTTGTACTTCA,0.9971590909090909,0.9375,1,0,2471,2491.325,19,7.6,0.051065540812223566,0.20217917675544794,0.03029095257074532,-0.17188822418470262,1,0.4,0.04905508644953759,0.042134831460674156,0.0064,-0.04265508644953759,1,20,0.4,0,-0.17188822418470262,False
253,41601,43275,1675,1500,1500.0,1493,1533,1496.5,1528.5,0.9005970149253731,0.8920833333333333,1.0,0.9366401098901043,0.9624999999999879,41688,41709,AATTACAGTTTGCTACGGCAGT,0.9886363636363636,0.75,1,0,43175,43196,ATGAATCCCTGATGTGAACTTC,0.9971590909090909,0.9375,1,0,1473,1492.3166666666666,17,11.333333333333334,0.06204136090727151,0.22718052738336714,0.04222520107238606,-0.18495532631098108,0,0.0,0.06070713809206137,0.04085733422638982,0.008666666666666666,-0.05204047142539471,0,17,0.0,0,-0.18495532631098108,False
254,20701,23823,3123,3000,3000.0,2985,3018,2990.0,3015.0,0.9611951649055396,1.0,1.0,0.9497916666666667,0.9614583333333333,20941,20962,CGTCTTACGGATAGATTTGGGC,0.9829545454545454,0.75,2,0,23778,23799,AGGTAGGCTCTTGTTCAAGCAT,0.9943181818181818,0.875,1,0,2914,2972.758333333333,28,9.333333333333334,0.10741859684457872,0.22324786324786325,0.0845305713331106,-0.13871729191475266,229,76.33333333333333,0.06051487796723504,0.007335778592864288,0.09347679892400806,0.03296192095677303,28,257,9.333333333333334,1,-0.13871729191475266,False
255,20801,24442,3642,3500,3500.0,3492,3518,3494.5,3515.0,0.9619886051619989,1.0,0.9425,0.9485416666666666,0.9537361111111143,20941,20962,CGTCTTACGGATAGATTTGGGC,0.9829545454545454,0.75,2,0,24150,24171,TGATCTTGCCCACGAAATCTGG,0.9943181818181818,0.875,1,0,3413,3472.625,28,8.0,0.1033093525179856,0.20940420560747663,0.08101918121958201,-0.12838502438789462,252,72.0,0.05956471935853379,0.008004574042309892,0.0889720702562626,0.029407350897728807,28,280,8.0,1,-0.12838502438789462,False
256,20801,23923,3123,3000,3000.0,2985,3018,2990.0,3015.0,0.9611951649055396,1.0,1.0,0.9485416666666666,0.9597916666666667,20941,20962,CGTCTTACGGATAGATTTGGGC,0.9829545454545454,0.75,2,0,23778,23799,AGGTAGGCTCTTGTTCAAGCAT,0.9943181818181818,0.875,1,0,2914,2972.758333333333,23,7.666666666666667,0.10808996307485734,0.21982905982905984,0.0838623454727698,-0.13596671435629004,235,78.33333333333333,0.06018054162487462,0.007335778592864288,0.09448554135843981,0.03430499973356519,23,258,7.666666666666667,1,-0.13596671435629004,False
257,20901,24023,3123,3000,3000.0,2985,3018,2990.0,3015.0,0.9611951649055396,0.99,1.0,0.929375,0.9629166666666666,20941,20962,CGTCTTACGGATAGATTTGGGC,0.9829545454545454,0.75,2,0,23778,23799,AGGTAGGCTCTTGTTCAAGCAT,0.9943181818181818,0.875,1,0,2914,2972.758333333333,23,7.666666666666667,0.10775427995971802,0.21675213675213675,0.0845305713331106,-0.13222156541902616,230,76.66666666666667,0.05917753259779338,0.008336112037345782,0.09515803631472763,0.03598050371693425,23,253,7.666666666666667,1,-0.13222156541902616,False
258,20701,22214,1514,1500,1500.0,1497,1504,1499.5,1504.0,0.9912483487450462,1.0,0.9789583333333334,0.9497916666666667,0.93625,20941,20962,CGTCTTACGGATAGATTTGGGC,0.9829545454545454,0.75,2,0,21963,21984,CATGGTGATGTCCTGAGCCCAG,0.9829545454545454,0.875,3,0,1496,1499.5416666666667,19,12.666666666666666,0.09006004002668445,0.218,0.07548430193720775,-0.14251569806279224,95,63.333333333333336,0.05410821643286573,0.008005336891260841,0.06947227788911156,0.015364061456245831,19,114,12.666666666666666,1,-0.14251569806279224,False
259,20901,22414,1514,1500,1500.0,1497,1504,1499.5,1504.0,0.9912483487450462,0.99,1.0,0.929375,0.9372916666666666,20941,20962,CGTCTTACGGATAGATTTGGGC,0.9829545454545454,0.75,2,0,22266,22287,GGAGAGCCTTGACAGCATCTAT,0.9886363636363636,0.875,2,0,1496,1499.5416666666667,16,10.666666666666666,0.09406270847231488,0.216,0.078,-0.138,102,68.0,0.055444221776887105,0.00867244829886591,0.07682030728122913,0.021376085504342023,16,118,10.666666666666666,1,-0.138,False
260,20801,22314,1514,1500,1500.0,1497,1504,1499.5,1504.0,0.9912483487450462,1.0,0.9789583333333334,0.9485416666666666,0.9345833333333333,20941,20962,CGTCTTACGGATAGATTTGGGC,0.9829545454545454,0.75,2,0,22266,22287,GGAGAGCCTTGACAGCATCTAT,0.9886363636363636,0.875,2,0,1496,1499.5416666666667,15,10.0,0.0913942628418946,0.21933333333333332,0.076,-0.1433333333333333,100,66.66666666666667,0.05477621910487642,0.008005336891260841,0.07014028056112225,0.015364061456245824,15,115,10.0,1,-0.1433333333333333,False
261,40301,41974,1674,1500,1500.0,1497,1529,1498.0,1514.5,0.8985961768219832,0.8402083333333333,0.8514583333333333,0.9096765873016193,0.9192261904761957,40545,40566,ATTAATTGTGCAATAAAAACAG,0.9829545454545454,0.75,2,0,41678,41699,CAAACTGTAATTGTCGGTACTT,0.9886363636363636,0.875,2,0,1420,1474.3916666666667,29,19.333333333333332,0.06317934782608696,0.1817548746518106,0.05013368983957219,-0.1316211848122384,3,2.0,0.06173677069199457,0.02608695652173913,0.01200800533689126,-0.04972876535510331,3,32,2.0,0,-0.1316211848122384,False
262,40301,42579,2279,2000,2000.0,1990,2030,1994.0,2019.5,0.8797169811320755,0.8402083333333333,0.794375,0.9096765873016193,0.8252083333333333,40545,40566,ATTAATTGTGCAATAAAAACAG,0.9829545454545454,0.75,2,0,42436,42457,GGCCTGGCAGGCCTGACAGGAG,0.9943181818181818,0.875,1,0,1903,1967.825,34,17.0,0.06055979643765903,0.2016675351745701,0.047476261869065464,-0.15419127330550464,3,1.5,0.05747711088504578,0.028169014084507043,0.011011011011011011,-0.046466099874034765,3,37,1.5,0,-0.15419127330550464,False
263,40301,43095,2795,2500,2500.0,2490,2533,2494.0,2524.5,0.8966010733452594,0.8402083333333333,0.99375,0.9096765873016193,0.9541666666666545,40545,40566,ATTAATTGTGCAATAAAAACAG,0.9829545454545454,0.75,2,0,42952,42973,GTGGGTGCAAGTACAGGTTGTA,0.9829545454545454,0.875,3,0,2402,2467.641666666667,37,14.8,0.06001622060016221,0.20430107526881722,0.04891740176423416,-0.15538367350458304,3,1.2,0.056366585563665854,0.03456591639871383,0.010808646917534028,-0.04555793864613183,3,40,1.2,0,-0.15538367350458304,False
264,40401,43690,3290,3000,3000.0,2989,3031,2994.0,3025.0,0.9136968085106383,0.7972916666666666,0.9997916666666666,0.9049891774891997,0.9705972222222287,40545,40566,ATTAATTGTGCAATAAAAACAG,0.9829545454545454,0.75,2,0,43553,43574,TGGTAAGACCCAAGAATCCGTC,0.9943181818181818,0.875,1,0,2904,2968.366666666667,35,11.666666666666666,0.05124747134187458,0.1968503937007874,0.038744154976619906,-0.1581062387241675,3,1.0,0.04988203572632288,0.034147974556411116,0.008338892595063376,-0.04154314313125951,3,38,1.0,0,-0.1581062387241675,False
265,40501,43764,3264,3000,3000.0,2989,3032,2994.0,3013.0,0.9202090992647058,0.8545833333333334,1.0,0.928722388722393,0.9735416666666666,40545,40566,ATTAATTGTGCAATAAAAACAG,0.9829545454545454,0.75,2,0,43553,43574,TGGTAAGACCCAAGAATCCGTC,0.9943181818181818,0.875,1,0,2918,2970.641666666667,33,11.0,0.049224544841537425,0.19303040655961737,0.036072144288577156,-0.1569582622710402,3,1.0,0.0478597910347152,0.034482758620689655,0.008005336891260841,-0.03985445414345436,3,36,1.0,0,-0.1569582622710402,False
266,40401,42676,2276,2000,2000.0,1990,2029,1994.0,2019.5,0.8809314586994728,0.7972916666666666,0.9520833333333333,0.9049891774891997,0.9479166666666666,40545,40566,ATTAATTGTGCAATAAAAACAG,0.9829545454545454,0.75,2,0,42436,42457,GGCCTGGCAGGCCTGACAGGAG,0.9943181818181818,0.875,1,0,1906,1968.675,31,15.5,0.05595116988809766,0.2060353798126951,0.047476261869065464,-0.15855911794362965,2,1.0,0.05541433655312659,0.028672032193158954,0.010510510510510511,-0.04490382604261608,2,33,1.0,0,-0.15855911794362965,False
267,41501,43682,2182,2000,2000.0,1988,2010,1992.0,2009.0,0.9166762144821264,0.9202083333333333,0.9997916666666666,0.9387586996337025,0.970805555555562,41688,41709,AATTACAGTTTGCTACGGCAGT,0.9886363636363636,0.75,1,0,43553,43574,TGGTAAGACCCAAGAATCCGTC,0.9943181818181818,0.875,1,0,1946,1977.6083333333333,22,11.0,0.05146316851664985,0.21278772378516625,0.03817177297840281,-0.17461595080676345,2,1.0,0.05047955577990914,0.03873239436619718,0.007003501750875438,-0.0434760540290337,2,24,1.0,0,-0.17461595080676345,False
268,40401,43190,2790,2500,2500.0,2490,2531,2494.0,2525.0,0.898252688172043,0.7972916666666666,1.0,0.9049891774891997,0.9591666666666545,40545,40566,ATTAATTGTGCAATAAAAACAG,0.9829545454545454,0.75,2,0,42952,42973,GTGGGTGCAAGTACAGGTTGTA,0.9829545454545454,0.875,3,0,2405,2468.491666666667,33,13.2,0.0575831305758313,0.20859149111937217,0.045308740978348035,-0.16328275014102414,2,0.8,0.05593838670449939,0.03617363344051447,0.010008006405124099,-0.04593038029937529,2,35,0.8,0,-0.16328275014102414,False
269,41501,43182,1682,1500,1500.0,1489,1510,1492.0,1509.0,0.8919441141498217,0.9202083333333333,1.0,0.9387586996337025,0.9577083333333212,41688,41709,AATTACAGTTTGCTACGGCAGT,0.9886363636363636,0.75,1,0,42952,42973,GTGGGTGCAAGTACAGGTTGTA,0.9829545454545454,0.875,3,0,1447,1477.7333333333333,20,13.333333333333334,0.06342780026990553,0.23848797250859108,0.0488135593220339,-0.18967441318655717,1,0.6666666666666666,0.062120189061444966,0.04365345869711216,0.009339559706470981,-0.05278062935497398,1,21,0.6666666666666666,0,-0.18967441318655717,False
270,41601,43775,2175,2000,2000.0,1992,2033,1996.5,2028.5,0.923419540229885,0.8920833333333333,1.0,0.9366401098901043,0.975,41688,41709,AATTACAGTTTGCTACGGCAGT,0.9886363636363636,0.75,1,0,43553,43574,TGGTAAGACCCAAGAATCCGTC,0.9943181818181818,0.875,1,0,1972,1992.1916666666666,19,9.5,0.05002501250625312,0.20595658758202928,0.033847685415629665,-0.17210890216639962,1,0.5,0.04902451225612806,0.03714859437751004,0.0065,-0.042524512256128064,1,20,0.5,0,-0.17210890216639962,False
271,31301,34626,3326,3000,3000.0,2991,3066,2993.0,3047.0,0.9049721888153939,0.9316666666666666,0.9572916666666667,0.9325892857142875,0.946600885225877,31543,31564,ATTGGAGACTCTGTATCTATCT,0.9886363636363636,0.75,1,0,34334,34355,GGGCTTCTCTATGGCCCAAGGA,0.9886363636363636,0.875,2,0,2900,2962.1,40,13.333333333333334,0.07394957983193277,0.1782758620689655,0.052756171795738924,-0.12551969027322657,1,0.3333333333333333,0.07394957983193277,0.04024144869215292,0.019666666666666666,-0.05428291316526611,1,41,0.3333333333333333,0,-0.12551969027322657,False
272,59801,61334,1534,1500,1500.0,1397,1512,1499.5,1506.0,0.9745762711864406,0.9510416666666667,0.9491666666666667,0.934109126984137,0.9431623931624199,60043,60064,GCACTCTTCTAGATCTCTTCTA,0.9772727272727273,0.75,3,0,61229,61250,GAGTATCCATATAATCCTTCAC,0.9886363636363636,0.875,2,0,1387,1485.3083333333334,0,0.0,0.06470980653769179,0.1743486973947896,0.010666666666666666,-0.16368203072812293,14,9.333333333333334,0.06470980653769179,0.026,0.004666666666666667,-0.06004313987102512,0,14,0.0,0,-0.16368203072812293,False
273,20901,24542,3642,3500,3500.0,3492,3518,3494.5,3515.0,0.9619886051619989,0.99,0.9795833333333334,0.929375,0.959375,20941,20962,CGTCTTACGGATAGATTTGGGC,0.9829545454545454,0.75,2,0,24404,24425,GTGTATGTAGACCGGACCTCTT,0.9886363636363636,0.8125,2,0,3413,3472.625,30,8.571428571428571,0.10273381294964029,0.20473130841121495,0.08101918121958201,-0.12371212719163294,250,71.42857142857143,0.058419243986254296,0.008290451686678102,0.08983587676360495,0.031416632777350656,30,280,8.571428571428571,1,-0.12371212719163294,False
274,33201,35512,2312,2000,2000.0,1994,2066,1995.0,2043.0,0.8700529844290658,0.5891666666666666,0.8072916666666666,0.9525198412698713,0.761015567765559,33233,33254,CCTCCAACCTCCGAGCGGGTAC,0.9829545454545454,0.75,2,0,35439,35460,ATCCCTAGATTTAGGCCTACTC,0.9914772727272727,0.8125,1,0,1927,1973.0833333333333,31,15.5,0.07997987927565392,0.19719771665801764,0.06033182503770739,-0.13686589162031024,5,2.5,0.07997987927565392,0.054408060453400506,0.0305,-0.04947987927565392,5,36,2.5,0,-0.13686589162031024,False
275,31301,35715,4415,4000,4000.0,3991,4069,3993.5,4053.5,0.9086353340883352,0.9316666666666666,0.8995833333333333,0.9325892857142875,0.8823115079365137,31543,31564,ATTGGAGACTCTGTATCTATCT,0.9886363636363636,0.75,1,0,35439,35460,ATCCCTAGATTTAGGCCTACTC,0.9914772727272727,0.8125,1,0,3894,3960.375,63,15.75,0.07978857286685125,0.19183359013867488,0.06115744250694971,-0.13067614763172516,5,1.25,0.07978857286685125,0.042943244600703166,0.02075,-0.05903857286685124,5,68,1.25,0,-0.13067614763172516,False
276,31301,35130,3830,3500,3500.0,3491,3566,3493.0,3548.0,0.9164980417754569,0.9316666666666666,0.9875,0.9325892857142875,0.9510416666666667,31543,31564,ATTGGAGACTCTGTATCTATCT,0.9886363636363636,0.75,1,0,34877,34898,ATTTGCACTATGCTTACAACAA,0.9914772727272727,0.8125,1,0,3398,3461.65,47,13.428571428571429,0.07424460431654677,0.17363154796939376,0.05467168064796066,-0.1189598673214331,4,1.1428571428571428,0.07424460431654677,0.040781160252728314,0.021714285714285714,-0.05253031860226105,4,51,1.1428571428571428,0,-0.1189598673214331,False
277,40501,42762,2262,2000,2000.0,1990,2033,1994.0,2013.0,0.8857758620689655,0.8545833333333334,0.9191666666666667,0.928722388722393,0.9410416666666667,40545,40566,ATTAATTGTGCAATAAAAACAG,0.9829545454545454,0.75,2,0,42633,42654,TGACGAAAAATGAAGCATTAGG,0.9886363636363636,0.75,1,0,1920,1971.0,29,14.5,0.05388917132689375,0.20643153526970953,0.04547726136931534,-0.16095427390039418,2,1.0,0.05247225025227043,0.032696177062374245,0.01001001001001001,-0.04246224024226042,2,31,1.0,0,-0.16095427390039418,False
278,31301,33507,2207,2000,2000.0,1982,2041,1990.0,2028.0,0.908388083371092,0.9316666666666666,0.5891666666666666,0.9325892857142875,0.951686507936538,31543,31564,ATTGGAGACTCTGTATCTATCT,0.9886363636363636,0.75,1,0,33233,33254,GTACCCGCTCGGAGGTTGGAGG,0.9829545454545454,0.75,2,0,1922,1972.3833333333334,24,12.0,0.07684529828109202,0.1842241826673586,0.050505050505050504,-0.1337191321623081,0,0.0,0.07684529828109202,0.03077699293642785,0.011,-0.06584529828109202,0,24,0.0,0,-0.1337191321623081,False
279,40501,42166,1666,1500,1500.0,1497,1529,1498.0,1511.5,0.9026110444177671,0.8545833333333334,0.859375,0.928722388722393,0.9071428571428624,40545,40566,ATTAATTGTGCAATAAAAACAG,0.9829545454545454,0.75,2,0,42100,42121,TGCGGAAGCAACATTAAGCTTT,0.9744318181818182,0.6875,3,0,1433,1476.7833333333333,25,16.666666666666668,0.05495251017639077,0.19222761970853575,0.041944074567243674,-0.15028354514129208,2,1.3333333333333333,0.05088195386702849,0.02608695652173913,0.009339559706470981,-0.04154239416055751,2,27,1.3333333333333333,0,-0.15028354514129208,False
280,20901,23523,2623,2500,2500.0,2485,2518,2490.0,2515.0,0.9537981319100267,0.99,0.965,0.929375,0.9134821428571377,20941,20962,CGTCTTACGGATAGATTTGGGC,0.9829545454545454,0.75,2,0,23318,23339,CTGACAAGGCCAACAAGGGCCA,0.9829545454545454,0.625,1,0,2414,2472.758333333333,20,8.0,0.11698265429608713,0.23835051546391753,0.09028892455858747,-0.14806159090533005,208,83.2,0.06382978723404255,0.008403361344537815,0.10222222222222223,0.03839243498817968,20,228,8.0,1,-0.14806159090533005,False
281,20801,23423,2623,2500,2500.0,2485,2518,2490.0,2515.0,0.9537981319100267,1.0,0.89625,0.9485416666666666,0.9047321428571377,20941,20962,CGTCTTACGGATAGATTTGGGC,0.9829545454545454,0.75,2,0,23318,23339,CTGACAAGGCCAACAAGGGCCA,0.9829545454545454,0.625,1,0,2414,2472.758333333333,18,7.2,0.11375554659136748,0.24,0.08707865168539326,-0.15292134831460674,205,82.0,0.06262545162585308,0.008403361344537815,0.09777777777777778,0.03515232615192471,18,223,7.2,1,-0.15292134831460674,False
282,40401,42081,1681,1500,1500.0,1496,1530,1497.0,1516.0,0.8950029744199881,0.7972916666666666,0.8289583333333334,0.9049891774891997,0.914434523809529,40545,40566,ATTAATTGTGCAATAAAAACAG,0.9829545454545454,0.75,2,0,42060,42081,GGTCTTGTCTCGAAATATCTTT,0.9744318181818182,0.5625,2,0,1421,1474.1083333333333,26,17.333333333333332,0.05770536320434488,0.19137091162143355,0.046122994652406414,-0.14524791696902714,2,1.3333333333333333,0.05431093007467753,0.025435073627844713,0.010680907877169559,-0.04363002219750797,2,28,1.3333333333333333,0,-0.14524791696902714,False
283,47001,48560,1560,1500,1500.0,1494,1514,1494.0,1508.0,0.9615384615384616,0.9679166666666666,0.8460416666666667,0.9373611111111192,0.873600885225945,47195,47216,TTGTGGCTCACTGCAATAGACT,0.9801136363636364,0.75,3,0,48325,48346,GGTACCAGCACTTTACAGATGG,0.9659090909090909,0.5,2,0,1476,1490.0166666666667,17,11.333333333333334,0.10073875083948959,0.1975642760487145,0.07018716577540107,-0.12737711027331342,105,70.0,0.050870147255689425,0.01134089392928619,0.0913978494623656,0.04052770220667617,17,122,11.333333333333334,1,-0.12737711027331342,False
284,20701,22737,2037,2000,2000.0,1996,2006,1999.5,2006.0,0.9825724104074619,1.0,0.9258333333333333,0.9497916666666667,0.9064455636955608,20941,20962,CGTCTTACGGATAGATTTGGGC,0.9829545454545454,0.75,2,0,22462,22483,TCCGCTTTCTTTCTATCATAAA,0.9630681818181818,0.4375,3,0,1986,1995.6166666666666,23,11.5,0.10465698547821732,0.22976370035193563,0.08208208208208208,-0.14768161826985354,152,76.0,0.05861723446893788,0.008504252126063032,0.08726178535606821,0.028644550887130332,23,175,11.5,1,-0.14768161826985354,False
285,21301,24944,3644,3500,3500.0,3484,3519,3488.5,3514.5,0.9607402579582875,0.990625,0.9870833333333333,0.9389583333333333,0.9506765873015683,21464,21485,TTCTCCTTGGTGTCTCCTGGGG,0.9829545454545454,0.6875,2,0,24920,24941,GCATCATGCGCATCTCTGCGTA,1.0,1.0,0,0,3403,3467.7916666666665,24,6.857142857142857,0.09919261822376009,0.20292825768667644,0.0768348623853211,-0.12609339530135533,229,65.42857142857143,0.05702005730659026,0.013741769252791297,0.09098786828422877,0.033967810977638506,24,253,6.857142857142857,1,-0.12609339530135533,False
286,21401,25041,3641,3500,3500.0,3484,3519,3488.5,3514.5,0.9614803625377644,1.0,0.9889583333333334,0.9377083333333334,0.9537321428571522,21464,21485,TTCTCCTTGGTGTCTCCTGGGG,0.9829545454545454,0.6875,2,0,24920,24941,GCATCATGCGCATCTCTGCGTA,1.0,1.0,0,0,3403,3467.7916666666665,24,6.857142857142857,0.09703426432479124,0.2005856515373353,0.07540137614678899,-0.1251842753905463,222,63.42857142857143,0.055873925501432664,0.014886916690523905,0.09069901790872328,0.03482509240729062,24,246,6.857142857142857,1,-0.1251842753905463,False
287,39101,44688,5588,5000,5000.0,4966,5025,4984.5,5019.0,0.8947409627773801,0.7408333333333333,0.99625,0.8500416666666812,0.9655654761904832,39344,39365,AGGTTCAACAACCATGAACCCT,0.9772727272727273,0.6875,2,0,44486,44507,GGGCGTGAGTCATGTCAATGTC,1.0,1.0,0,0,4699,4919.216666666666,74,14.8,0.06781750924784218,0.21210217755443886,0.05339512391698569,-0.15870705363745316,11,2.2,0.06473489519112208,0.0334803528468324,0.01381657989587505,-0.05091831529524703,11,85,2.2,0,-0.15870705363745316,False
288,39201,44736,5536,5000,5000.0,4948,5025,4975.5,5019.0,0.9027388908959537,0.82375,0.99625,0.9084861111111119,0.9566071428571498,39344,39365,AGGTTCAACAACCATGAACCCT,0.9772727272727273,0.6875,2,0,44486,44507,GGGCGTGAGTCATGTCAATGTC,1.0,1.0,0,0,4711,4921.866666666667,73,14.6,0.06658446362515413,0.2121971595655806,0.052589159782389684,-0.15960799978319093,11,2.2,0.06370735717221537,0.0330793905372895,0.013215859030837005,-0.05049149814137837,11,84,2.2,0,-0.15960799978319093,False
289,39301,44829,5529,5000,5000.0,4939,5025,4965.0,5009.5,0.9032035630312896,0.8397916666666667,0.96875,0.9221071428571304,0.9265376984127215,39344,39365,AGGTTCAACAACCATGAACCCT,0.9772727272727273,0.6875,2,0,44567,44588,ACAAAGCCTTGAGAACCTTGAC,1.0,1.0,0,0,4695,4917.266666666666,69,13.8,0.06689995883079457,0.2145401215168657,0.05344897135941912,-0.16109115015744657,11,2.2,0.06463565253190613,0.0334803528468324,0.01261513816579896,-0.052020514366107176,11,80,2.2,0,-0.16109115015744657,False
290,40101,43485,3385,3000,3000.0,2990,3023,2995.0,3019.0,0.8874815361890694,0.676875,0.9997916666666666,0.732482142857128,0.9730972222222287,40267,40288,AGCCAAACGCGGGTAAAATATA,0.9744318181818182,0.6875,3,0,43325,43346,AGAAGTAAGGGTTCAGGTAGCC,1.0,1.0,0,0,2873,2960.35,41,13.666666666666666,0.057797537619699045,0.2021970477171301,0.044132397191574725,-0.15806465052555538,6,2.0,0.0547008547008547,0.03313253012048193,0.011018363939899833,-0.043682490760954866,6,47,2.0,0,-0.15806465052555538,False
291,40001,43396,3396,3000,3000.0,2980,3026,2991.5,3020.5,0.8844412544169611,0.6552083333333333,1.0,0.7174049145298704,0.9654166666666667,40267,40288,AGCCAAACGCGGGTAAAATATA,0.9744318181818182,0.6875,3,0,43325,43346,AGAAGTAAGGGTTCAGGTAGCC,1.0,1.0,0,0,2853,2957.2,41,13.666666666666666,0.059573002754820935,0.20763148848401514,0.04680708793045804,-0.1608244005535571,5,1.6666666666666667,0.05748709122203098,0.031448645031783205,0.012020033388981636,-0.04546705783304934,5,46,1.6666666666666667,0,-0.1608244005535571,False
292,40201,43532,3332,3000,3000.0,2990,3025,2995.0,3021.5,0.9017481992797118,0.776875,0.9997916666666666,0.8090654761904928,0.9730972222222287,40267,40288,AGCCAAACGCGGGTAAAATATA,0.9744318181818182,0.6875,3,0,43325,43346,AGAAGTAAGGGTTCAGGTAGCC,1.0,1.0,0,0,2898,2964.825,38,12.666666666666666,0.055123435914778494,0.2006861063464837,0.04212637913741224,-0.15855972720907147,4,1.3333333333333333,0.05273833671399594,0.03313253012048193,0.009348914858096828,-0.04338942185589911,4,42,1.3333333333333333,0,-0.15855972720907147,False
293,40201,44534,4334,4000,4000.0,3992,4027,3996.0,4022.5,0.9241318643285649,0.776875,0.9966666666666667,0.8090654761904928,0.9690509259259367,40267,40288,AGCCAAACGCGGGTAAAATATA,0.9744318181818182,0.6875,3,0,44486,44507,GGGCGTGAGTCATGTCAATGTC,1.0,1.0,0,0,3897,3964.3166666666666,39,9.75,0.05281779125600202,0.18925831202046037,0.03708343773490353,-0.15217487428555684,4,1.0,0.05027791814047499,0.03635907723169508,0.008010012515644555,-0.04226790562483043,4,43,1.0,0,-0.15217487428555684,False
294,42501,44530,2030,2000,2000.0,1996,2014,1999.0,2012.0,0.9863300492610837,0.91875,0.9966666666666667,0.9395833333333333,0.9690509259259367,42623,42644,AGACAAGGTACCTAATGCTTCA,0.9801136363636364,0.6875,2,0,44486,44507,GGGCGTGAGTCATGTCAATGTC,1.0,1.0,0,0,1993,1998.2916666666667,5,2.5,0.04702351175587794,0.18086172344689377,0.017991004497751123,-0.16287071894914265,1,0.5,0.04502251125562781,0.045545545545545546,0.006003001500750375,-0.03954254404479517,1,6,0.5,0,-0.16287071894914265,False
295,42601,44617,2017,2000,2000.0,1996,2010,1999.0,2003.0,0.9918815071888945,0.9504166666666667,0.9966666666666667,0.9310416666666667,0.9669675925926033,42623,42644,AGACAAGGTACCTAATGCTTCA,0.9801136363636364,0.6875,2,0,44486,44507,GGGCGTGAGTCATGTCAATGTC,1.0,1.0,0,0,1993,1998.1833333333334,5,2.5,0.04454454454454455,0.17835671342685372,0.014492753623188406,-0.1638639598036653,1,0.5,0.0415207603801901,0.04454454454454455,0.004502251125562781,-0.040042293418981766,1,6,0.5,0,-0.1638639598036653,False
296,46801,48323,1523,1500,1500.0,1499,1513,1499.0,1509.0,0.9866628365068942,0.96375,0.9825,0.9286111111111192,0.950625,46872,46893,CGTTGACACCGTCACTGATGAA,0.9772727272727273,0.6875,2,0,48185,48206,TTCGGAATGTTGCACCAGCCTC,0.9971590909090909,0.9375,1,0,1495,1499.275,18,12.0,0.09533333333333334,0.18394648829431437,0.06737825216811208,-0.11656823612620229,103,68.66666666666667,0.045182724252491695,0.010666666666666666,0.088,0.0428172757475083,18,121,12.0,1,-0.11656823612620229,False
297,39101,44186,5086,4500,4500.0,4474,4523,4484.0,4518.0,0.8847694651985843,0.7408333333333333,0.9985416666666667,0.8500416666666812,0.9430972222222287,39344,39365,AGGTTCAACAACCATGAACCCT,0.9772727272727273,0.6875,2,0,44082,44103,ATGACATGCTCCTTGTACTTCA,0.9971590909090909,0.9375,1,0,4207,4421.033333333334,74,16.444444444444443,0.07329363261566652,0.2160522631824545,0.05761040125532392,-0.15844186192713056,11,2.4444444444444446,0.0700870361887311,0.034759358288770054,0.015131286159323543,-0.054955750029407564,11,85,2.4444444444444446,0,-0.15844186192713056,False
298,39201,44234,5034,4500,4500.0,4456,4523,4478.5,4518.0,0.8934619586809694,0.82375,0.9985416666666667,0.9084861111111119,0.9476805555555621,39344,39365,AGGTTCAACAACCATGAACCCT,0.9772727272727273,0.6875,2,0,44082,44103,ATGACATGCTCCTTGTACTTCA,0.9971590909090909,0.9375,1,0,4219,4423.683333333333,71,15.777777777777779,0.07100320659642693,0.21451838064215914,0.05581708137188971,-0.15870129927026944,11,2.4444444444444446,0.06802565277141548,0.033645276292335116,0.014463729417000444,-0.053561923354415036,11,82,2.4444444444444446,0,-0.15870129927026944,False
299,39301,44321,5021,4500,4500.0,4449,4523,4473.0,4516.5,0.8954764987054372,0.8397916666666667,0.9991666666666666,0.9221071428571304,0.9639305555555621,39344,39365,AGGTTCAACAACCATGAACCCT,0.9772727272727273,0.6875,2,0,44082,44103,ATGACATGCTCCTTGTACTTCA,0.9971590909090909,0.9375,1,0,4216,4423.866666666667,65,14.444444444444445,0.06756756756756757,0.2122905027932961,0.053315412186379925,-0.15897509060691617,11,2.4444444444444446,0.06527714154832799,0.033199643493761144,0.013796172674677348,-0.05148096887365064,11,76,2.4444444444444446,0,-0.15897509060691617,False
300,39201,43234,4034,3500,3500.0,3457,3523,3479.0,3519.0,0.8671758800198315,0.82375,1.0,0.9084861111111119,0.9608333333333212,39344,39365,AGGTTCAACAACCATGAACCCT,0.9772727272727273,0.6875,2,0,43175,43196,ATGAATCCCTGATGTGAACTTC,0.9971590909090909,0.9375,1,0,3220,3424.675,69,19.714285714285715,0.07932263814616755,0.23067596241285238,0.06787983824378972,-0.16279612416906264,10,2.857142857142857,0.07635175282234105,0.030667813126970478,0.017458500286204923,-0.05889325253613613,10,79,2.857142857142857,0,-0.16279612416906264,False
301,39301,43321,4021,3500,3500.0,3450,3523,3473.5,3517.5,0.8696064411837852,0.8397916666666667,1.0,0.9221071428571304,0.9597916666666667,39344,39365,AGGTTCAACAACCATGAACCCT,0.9772727272727273,0.6875,2,0,43175,43196,ATGAATCCCTGATGTGAACTTC,0.9971590909090909,0.9375,1,0,3217,3424.858333333333,63,18.0,0.07516339869281045,0.22818181818181818,0.06435786435786436,-0.16382395382395382,10,2.857142857142857,0.07308377896613191,0.03009458297506449,0.01659988551803091,-0.056483893448101,10,73,2.857142857142857,0,-0.16382395382395382,False
302,40001,43896,3896,3500,3500.0,3480,3526,3491.0,3520.5,0.8992556468172485,0.6552083333333333,1.0,0.7174049145298704,0.97,40267,40288,AGCCAAACGCGGGTAAAATATA,0.9744318181818182,0.6875,3,0,43808,43829,TACCCTCATCGAGCATTCGCTC,0.9971590909090909,0.9375,1,0,3353,3457.075,43,12.285714285714286,0.05464159811985899,0.1978860833822666,0.04153537668289888,-0.1563507066993677,6,1.7142857142857142,0.05286343612334802,0.03153669724770642,0.010586552217453506,-0.04227688390589451,6,49,1.7142857142857142,0,-0.1563507066993677,False
303,40101,43985,3885,3500,3500.0,3490,3523,3495.0,3519.0,0.9019144144144144,0.676875,0.999375,0.732482142857128,0.9547916666666667,40267,40288,AGCCAAACGCGGGTAAAATATA,0.9744318181818182,0.6875,3,0,43808,43829,TACCCTCATCGAGCATTCGCTC,0.9971590909090909,0.9375,1,0,3373,3459.975,42,12.0,0.056074766355140186,0.19630823322590096,0.04010312231452306,-0.1562051109113779,6,1.7142857142857142,0.05284671532846715,0.034690366972477064,0.010300429184549357,-0.0425462861439178,6,48,1.7142857142857142,0,-0.1562051109113779,False
304,40001,41725,1725,1500,1500.0,1465,1502,1477.5,1501.5,0.8667391304347826,0.6552083333333333,0.9360416666666667,0.7174049145298704,0.9506336996337026,40267,40288,AGCCAAACGCGGGTAAAATATA,0.9744318181818182,0.6875,3,0,41435,41456,GCGCCTTGCCCCTCTTTGATCG,0.9971590909090909,0.9375,1,0,1370,1463.8583333333333,27,18.0,0.0666194188518781,0.1879382889200561,0.05461901550910317,-0.13331927341095293,5,3.3333333333333335,0.06652512384996462,0.024732620320855617,0.016711229946524065,-0.049813893903440556,5,32,3.3333333333333335,0,-0.13331927341095293,False
305,40201,44032,3832,3500,3500.0,3490,3525,3495.0,3521.5,0.9145191805845512,0.776875,0.999375,0.8090654761904928,0.9527083333333334,40267,40288,AGCCAAACGCGGGTAAAATATA,0.9744318181818182,0.6875,3,0,43808,43829,TACCCTCATCGAGCATTCGCTC,0.9971590909090909,0.9375,1,0,3398,3464.45,39,11.142857142857142,0.05496094879953717,0.19472913616398244,0.038384417072472074,-0.15634471909151038,4,1.1428571428571428,0.052342394447657606,0.035263761467889905,0.008869814020028613,-0.04347258042762899,4,43,1.1428571428571428,0,-0.15634471909151038,False
306,42601,44116,1516,1500,1500.0,1497,1509,1499.5,1502.5,0.9900230870712401,0.9504166666666667,0.999375,0.9310416666666667,0.9533333333333334,42623,42644,AGACAAGGTACCTAATGCTTCA,0.9801136363636364,0.6875,2,0,44082,44103,ATGACATGCTCCTTGTACTTCA,0.9971590909090909,0.9375,1,0,1496,1499.3166666666666,5,3.3333333333333335,0.04933333333333333,0.17878585723815876,0.014666666666666666,-0.1641191905714921,1,0.6666666666666666,0.04666666666666667,0.04869913275517011,0.005333333333333333,-0.04336579942183678,1,6,0.6666666666666666,0,-0.1641191905714921,False
307,42501,44029,1529,1500,1500.0,1497,1515,1499.5,1512.0,0.9826684107259647,0.91875,0.999375,0.9395833333333333,0.9535416666666666,42623,42644,AGACAAGGTACCTAATGCTTCA,0.9801136363636364,0.6875,2,0,43808,43829,TACCCTCATCGAGCATTCGCTC,0.9971590909090909,0.9375,1,0,1496,1499.425,5,3.3333333333333335,0.04933333333333333,0.1887925283522348,0.018666666666666668,-0.17012586168556815,1,0.6666666666666666,0.04733333333333333,0.04536357571714476,0.007333333333333333,-0.04,1,6,0.6666666666666666,0,-0.17012586168556815,False
308,21301,24438,3138,3000,3000.0,2992,3018,2994.5,3014.5,0.9571980560866794,0.990625,0.9425,0.9389583333333333,0.9537361111111143,21464,21485,TTCTCCTTGGTGTCTCCTGGGG,0.9829545454545454,0.6875,2,0,24150,24171,TGATCTTGCCCACGAAATCTGG,0.9943181818181818,0.875,1,0,2913,2973.0,19,6.333333333333333,0.10789915966386554,0.2106703146374829,0.07951887738055463,-0.13115143725692827,222,74.0,0.05843071786310518,0.009006004002668445,0.09744623655913978,0.039015518696034604,19,241,6.333333333333333,1,-0.13115143725692827,False
309,21301,23919,2619,2500,2500.0,2485,2518,2490.0,2515.0,0.9553025964108438,0.990625,1.0,0.9389583333333333,0.9610416666666667,21464,21485,TTCTCCTTGGTGTCTCCTGGGG,0.9829545454545454,0.6875,2,0,23778,23799,AGGTAGGCTCTTGTTCAAGCAT,0.9943181818181818,0.875,1,0,2414,2473.133333333333,14,5.6,0.11353535353535353,0.22391752577319587,0.08223024468511833,-0.14168728108807754,204,81.6,0.057337610264635124,0.008403361344537815,0.10536939846588615,0.04803178820125103,14,218,5.6,1,-0.14168728108807754,False
310,21401,24016,2616,2500,2500.0,2485,2518,2490.0,2515.0,0.9563264525993884,1.0,1.0,0.9377083333333334,0.961875,21464,21485,TTCTCCTTGGTGTCTCCTGGGG,0.9829545454545454,0.6875,2,0,23778,23799,AGGTAGGCTCTTGTTCAAGCAT,0.9943181818181818,0.875,1,0,2414,2473.133333333333,13,5.2,0.11070707070707071,0.22103092783505154,0.08102687525070197,-0.14000405258434956,199,79.6,0.05573376102646351,0.008803521408563426,0.10415825595478401,0.048424494928320495,13,212,5.2,1,-0.14000405258434956,False
311,39101,43686,4586,4000,4000.0,3975,4023,3984.0,4019.0,0.8723015699956389,0.7408333333333333,0.9997916666666666,0.8500416666666812,0.970805555555562,39344,39365,AGGTTCAACAACCATGAACCCT,0.9772727272727273,0.6875,2,0,43553,43574,TGGTAAGACCCAAGAATCCGTC,0.9943181818181818,0.875,1,0,3708,3921.9,74,18.5,0.07397827211588205,0.22022709268550303,0.06286291340570563,-0.1573641792797974,11,2.75,0.07113295395757889,0.031093279839518557,0.01602403605408112,-0.05510891790349777,11,85,2.75,0,-0.1573641792797974,False
312,39201,43734,4534,4000,4000.0,3957,4023,3979.0,4019.0,0.881809660344067,0.82375,0.9997916666666666,0.9084861111111119,0.9730972222222287,39344,39365,AGGTTCAACAACCATGAACCCT,0.9772727272727273,0.6875,2,0,43553,43574,TGGTAAGACCCAAGAATCCGTC,0.9943181818181818,0.875,1,0,3720,3924.55,71,17.75,0.0719089498189343,0.2187417741510924,0.06084322140873517,-0.15789855274235723,11,2.75,0.0693222969477496,0.029839518555667,0.015523284927391086,-0.05379901202035852,11,82,2.75,0,-0.15789855274235723,False
313,39301,43821,4521,4000,4000.0,3950,4023,3973.5,4017.5,0.884013492590135,0.8397916666666667,1.0,0.9221071428571304,0.9708333333333333,39344,39365,AGGTTCAACAACCATGAACCCT,0.9772727272727273,0.6875,2,0,43553,43574,TGGTAAGACCCAAGAATCCGTC,0.9943181818181818,0.875,1,0,3717,3924.733333333333,65,16.25,0.0685463010863942,0.21657894736842107,0.058022199798183655,-0.1585567475702374,11,2.75,0.06673564407656493,0.03009027081243731,0.014772158237356035,-0.0519634858392089,11,76,2.75,0,-0.1585567475702374,False
314,39201,42723,3523,3000,3000.0,2958,3022,2978.0,3016.5,0.8508196139653704,0.82375,0.9433333333333334,0.9084861111111119,0.9404166666666667,39344,39365,AGGTTCAACAACCATGAACCCT,0.9772727272727273,0.6875,2,0,42436,42457,GGCCTGGCAGGCCTGACAGGAG,0.9943181818181818,0.875,1,0,2721,2924.883333333333,67,22.333333333333332,0.08234473133286811,0.235,0.07487001733102253,-0.16012998266897746,10,3.3333333333333335,0.07955338450802513,0.026430244228839078,0.019372077488309953,-0.06018130701971518,10,77,3.3333333333333335,0,-0.16012998266897746,False
315,39101,43186,4086,3500,3500.0,3475,3523,3484.5,3519.0,0.8566905286343612,0.7408333333333333,1.0,0.8500416666666812,0.9587499999999879,39344,39365,AGGTTCAACAACCATGAACCCT,0.9772727272727273,0.6875,2,0,42952,42973,GTGGGTGCAAGTACAGGTTGTA,0.9829545454545454,0.875,3,0,3208,3422.025,72,20.571428571428573,0.08199643493761141,0.2327350167325829,0.07019064124783363,-0.16254437548474926,10,2.857142857142857,0.07872846108140226,0.03210088850673545,0.018317115054378934,-0.060411346027023326,10,82,2.857142857142857,0,-0.16254437548474926,False
316,40001,44398,4398,4000,4000.0,3982,4028,3993.0,4020.5,0.9104280354706685,0.6552083333333333,0.9958333333333333,0.7174049145298704,0.9590231481481654,40267,40288,AGCCAAACGCGGGTAAAATATA,0.9744318181818182,0.6875,3,0,44178,44199,TGTGCATGAAATAGGTGGACTG,0.9943181818181818,0.875,1,0,3853,3956.5666666666666,43,10.75,0.055327868852459015,0.19774590163934427,0.039338511651215234,-0.15840738998812903,6,1.5,0.0530089628681178,0.035356068204613844,0.010012515644555695,-0.042996447223562106,6,49,1.5,0,-0.15840738998812903,False
317,40101,44487,4387,4000,4000.0,3992,4024,3996.0,4020.5,0.9128533166172783,0.676875,0.9966666666666667,0.732482142857128,0.96613425925927,40267,40288,AGCCAAACGCGGGTAAAATATA,0.9744318181818182,0.6875,3,0,44188,44209,TTGGGATCGGTGTGCATGAAAT,0.9943181818181818,0.875,1,0,3873,3959.8416666666667,42,10.5,0.05479102956167176,0.1921699078812692,0.03883738411425708,-0.15333252376701212,6,1.5,0.051719745222929936,0.03686058174523571,0.009261576971214018,-0.042458168251715916,6,48,1.5,0,-0.15333252376701212,False
318,40101,41838,1738,1500,1500.0,1480,1504,1492.5,1502.0,0.8621260069044879,0.676875,0.8829166666666667,0.732482142857128,0.9431475885225882,40267,40288,AGCCAAACGCGGGTAAAATATA,0.9744318181818182,0.6875,3,0,41678,41699,CAAACTGTAATTGTCGGTACTT,0.9886363636363636,0.875,2,0,1384,1466.6083333333333,28,18.666666666666668,0.06424581005586592,0.1776685393258427,0.05394470667565745,-0.12372383265018524,5,3.3333333333333335,0.06276150627615062,0.025384101536406144,0.014696058784235137,-0.04806544749191549,5,33,3.3333333333333335,0,-0.12372383265018524,False
319,40101,42985,2885,2500,2500.0,2491,2523,2495.0,2519.0,0.8680025996533796,0.676875,0.9570833333333333,0.732482142857128,0.9397916666666667,40267,40288,AGCCAAACGCGGGTAAAATATA,0.9744318181818182,0.6875,3,0,42952,42973,GTGGGTGCAAGTACAGGTTGTA,0.9829545454545454,0.875,3,0,2373,2460.475,40,16.0,0.06268041237113402,0.21094073767094904,0.05178643115214773,-0.1591543065188013,5,2.0,0.0577319587628866,0.03334672559260747,0.012424849699398798,-0.045307109063487803,5,45,2.0,0,-0.1591543065188013,False
320,40201,41893,1693,1500,1500.0,1483,1514,1495.0,1504.5,0.8858904311872415,0.776875,0.89125,0.8090654761904928,0.9353901098901042,40267,40288,AGCCAAACGCGGGTAAAATATA,0.9744318181818182,0.6875,3,0,41678,41699,CAAACTGTAATTGTCGGTACTT,0.9886363636363636,0.875,2,0,1417,1471.2583333333334,27,18.0,0.06075085324232082,0.18022440392706873,0.05117845117845118,-0.12904595274861755,3,2.0,0.06066802999318337,0.024716098864395457,0.011356045424181697,-0.04931198456900167,3,30,2.0,0,-0.12904595274861755,False
321,40201,42503,2303,2000,2000.0,1986,2022,1991.5,2010.0,0.8692737733391229,0.776875,0.7804166666666666,0.8090654761904928,0.7935119047619082,40267,40288,AGCCAAACGCGGGTAAAATATA,0.9744318181818182,0.6875,3,0,42436,42457,GGCCTGGCAGGCCTGACAGGAG,0.9943181818181818,0.875,1,0,1900,1965.025,34,17.0,0.059244126659857,0.20250521920668058,0.04604604604604605,-0.1564591731606345,3,1.5,0.05615109749872384,0.027149321266968326,0.010025062656641603,-0.046126034842082234,3,37,1.5,0,-0.1564591731606345,False
322,40201,43032,2832,2500,2500.0,2491,2525,2495.0,2521.5,0.884423552259887,0.776875,0.9845833333333334,0.8090654761904928,0.9502083333333212,40267,40288,AGCCAAACGCGGGTAAAATATA,0.9744318181818182,0.6875,3,0,42952,42973,GTGGGTGCAAGTACAGGTTGTA,0.9829545454545454,0.875,3,0,2399,2464.95,37,14.8,0.05980471928397071,0.20869565217391303,0.049779205138498595,-0.15891644703541444,3,1.2,0.05573637103336045,0.0325431900361591,0.010821643286573146,-0.04491472774678731,3,40,1.2,0,-0.15891644703541444,False
323,21401,24535,3135,3000,3000.0,2992,3018,2994.5,3014.5,0.9580542264752792,1.0,0.9795833333333334,0.9377083333333334,0.9566666666666667,21464,21485,TTCTCCTTGGTGTCTCCTGGGG,0.9829545454545454,0.6875,2,0,24404,24425,GTGTATGTAGACCGGACCTCTT,0.9886363636363636,0.8125,2,0,2913,2973.0,20,6.666666666666667,0.10521008403361344,0.20622435020519836,0.07751419979953224,-0.12871015040566613,219,73.0,0.05709515859766277,0.00867244829886591,0.09643817204301075,0.03934301344534798,20,239,6.666666666666667,1,-0.12871015040566613,False
324,39301,42819,3519,3000,3000.0,2950,3022,2973.5,3017.5,0.8515380789997158,0.8397916666666667,0.95375,0.9221071428571304,0.936875,39344,39365,AGGTTCAACAACCATGAACCCT,0.9772727272727273,0.6875,2,0,42633,42654,TGACGAAAAATGAAGCATTAGG,0.9886363636363636,0.75,1,0,2717,2924.85,61,20.333333333333332,0.07955338450802513,0.23535714285714285,0.07318718381112985,-0.162169959046013,10,3.3333333333333335,0.07745987438939288,0.02810304449648712,0.018704074816299265,-0.05875579957309361,10,71,3.3333333333333335,0,-0.162169959046013,False
325,40001,42896,2896,2500,2500.0,2480,2526,2491.5,2520.5,0.8644898135359116,0.6552083333333333,0.9504166666666667,0.7174049145298704,0.9304166666666667,40267,40288,AGCCAAACGCGGGTAAAATATA,0.9744318181818182,0.6875,3,0,42633,42654,TGACGAAAAATGAAGCATTAGG,0.9886363636363636,0.75,1,0,2353,2457.2,41,16.4,0.06361746361746362,0.21793275217932753,0.05459654757125652,-0.16333620460807102,5,2.0,0.061122661122661126,0.03214142225793491,0.013627254509018036,-0.04749540661364309,5,46,2.0,0,-0.16333620460807102,False
326,39201,42132,2932,2500,2500.0,2455,2522,2475.5,2514.5,0.8517650068212824,0.82375,0.8666666666666667,0.9084861111111119,0.908809523809529,39344,39365,AGGTTCAACAACCATGAACCCT,0.9772727272727273,0.6875,2,0,42100,42121,TGCGGAAGCAACATTAAGCTTT,0.9744318181818182,0.6875,3,0,2235,2430.175,62,24.8,0.08811129848229342,0.23013816925734024,0.07319113341698034,-0.1569470358403599,10,4.0,0.08607594936708861,0.022444889779559118,0.020850040096230954,-0.06522590927085765,10,72,4.0,0,-0.1569470358403599,False
327,21401,23516,2116,2000,2000.0,1985,2018,1990.0,2015.0,0.9460066162570888,1.0,0.965,0.9377083333333334,0.9134821428571377,21464,21485,TTCTCCTTGGTGTCTCCTGGGG,0.9829545454545454,0.6875,2,0,23318,23339,CTGACAAGGCCAACAAGGGCCA,0.9829545454545454,0.625,1,0,1914,1973.1333333333334,10,5.0,0.1212733703890854,0.24987012987012988,0.08730556949322629,-0.1625645603769036,175,87.5,0.059679037111334,0.009004502251125562,0.11431461810824481,0.05463558099691081,10,185,5.0,1,-0.1625645603769036,False
328,21301,23419,2119,2000,2000.0,1985,2018,1990.0,2015.0,0.9447557810287872,0.990625,0.8902083333333334,0.9389583333333333,0.906815476190471,21464,21485,TTCTCCTTGGTGTCTCCTGGGG,0.9829545454545454,0.6875,2,0,23318,23339,CTGACAAGGCCAACAAGGGCCA,0.9829545454545454,0.625,1,0,1914,1973.1333333333334,9,4.5,0.12158054711246201,0.24935064935064935,0.0858433734939759,-0.16350727585667346,174,87.0,0.058174523570712136,0.010005002501250625,0.1122345803842265,0.05406005681351436,9,183,4.5,1,-0.16350727585667346,False
329,40001,44904,4904,4500,4500.0,4412,4518,4454.0,4510.0,0.9155281402936378,0.6552083333333333,0.9322916666666666,0.7174049145298704,0.9118765262514352,40267,40288,AGCCAAACGCGGGTAAAATATA,0.9744318181818182,0.6875,3,0,44605,44626,TCCAGTAAGATATTGAGACAGT,0.9744318181818182,0.5625,2,0,4256,4429.383333333333,47,10.444444444444445,0.05917159763313609,0.20153238913396795,0.04660542236164015,-0.1549269667723278,6,1.3333333333333333,0.057110352673492605,0.03656633221850613,0.009347874471399956,-0.047762478202092645,6,53,1.3333333333333333,0,-0.1549269667723278,False
330,19901,25167,5267,5000,5000.5,4994,5016,4997.5,5011.0,0.9497579267134991,0.8354166666666667,0.921875,0.8920563695563518,0.941005494505492,20156,20177,CCAACCAAGATTAGTTAGCCGA,0.9659090909090909,0.625,3,0,24920,24941,GCATCATGCGCATCTCTGCGTA,1.0,1.0,0,0,4863,4938.883333333333,59,11.798820117988202,0.0974327875480089,0.2234499693063229,0.08925318761384335,-0.13419678169247956,286,57.19428057194281,0.06599597585513078,0.013676588897827836,0.08751010509296686,0.021514129237836077,59,345,11.798820117988202,1,-0.13419678169247956,False
331,20501,25206,4706,4500,4500.5,4486,4551,4486.5,4544.0,0.9576737144071398,0.9435416666666666,0.883125,0.9105773809523877,0.9448150183150089,20702,20723,TGCGAGCCCAAGCCCTCGCCAC,0.96875,0.625,3,0,24920,24941,GCATCATGCGCATCTCTGCGTA,1.0,1.0,0,0,4381,4456.566666666667,44,9.776691478724587,0.09483337061060165,0.21052631578947367,0.07958864296892466,-0.13093767282054902,262,58.21575380513276,0.05972810340985068,0.014122394082044385,0.08444044134204008,0.024712337932189403,44,306,9.776691478724587,1,-0.13093767282054902,False
332,22401,25034,2634,2500,2500.0,2480,2519,2487.0,2514.5,0.9491505315110099,0.936875,0.9889583333333334,0.9047094525844538,0.9543571428571522,22452,22473,CCGCATCAGCTTTATGATAGAA,0.9630681818181818,0.625,3,0,24920,24941,GCATCATGCGCATCTCTGCGTA,1.0,1.0,0,0,2403,2467.875,19,7.6,0.09906995551961181,0.19205298013245034,0.07717041800643087,-0.11488256212601947,152,60.8,0.06385542168674699,0.016840417000801924,0.09013398294762484,0.026278561260877853,19,171,7.6,1,-0.11488256212601947,False
333,23101,25196,2096,2000,2000.0,1982,2030,1982.5,2027.0,0.9556297709923665,0.8902083333333334,0.8864583333333333,0.903065476190471,0.9458566849816755,23313,23334,CCCTGTGGCCCTTGTTGGCCTT,0.9829545454545454,0.625,1,0,24920,24941,GCATCATGCGCATCTCTGCGTA,1.0,1.0,0,0,1955,1980.8833333333334,17,8.5,0.08245877061469266,0.1680926019124308,0.0672736469398078,-0.10081895497262301,81,40.5,0.06343656343656344,0.02081218274111675,0.06606152294503277,0.0026249595084693322,17,98,8.5,1,-0.10081895497262301,False
334,20601,24750,4150,4000,4000.0,3986,4019,3990.5,4017.0,0.9643072289156627,0.9858333333333333,0.981875,0.9365476190476207,0.9431944444444161,20702,20723,TGCGAGCCCAAGCCCTCGCCAC,0.96875,0.625,3,0,24669,24690,TGTCGTTCTCAACCAAGGTCTG,0.9971590909090909,0.9375,1,0,3900,3968.391666666667,38,9.5,0.09831106629694984,0.20902370634718329,0.07987942727957799,-0.12914427906760528,261,65.25,0.05874968616620638,0.009031610637230306,0.0860323886639676,0.027282702497761227,38,299,9.5,1,-0.12914427906760528,False
335,20501,24141,3641,3500,3500.0,3487,3525,3490.5,3523.0,0.9620639934084043,0.9435416666666666,1.0,0.9105773809523877,0.95625,20702,20723,TGCGAGCCCAAGCCCTCGCCAC,0.96875,0.625,3,0,24105,24126,GCTTGCGCACCTTCATGCTGGC,0.9971590909090909,0.9375,1,0,3401,3470.241666666667,34,9.714285714285714,0.10124026535910009,0.22228704784130687,0.08388394139615053,-0.13840310644515635,245,70.0,0.06015468347178459,0.007743045597935188,0.09069901790872328,0.030544334436938693,34,279,9.714285714285714,1,-0.13840310644515635,False
336,20601,24238,3638,3500,3500.0,3484,3519,3485.0,3517.0,0.9624622045079714,0.9858333333333333,0.9629166666666666,0.9365476190476207,0.9558194444444477,20702,20723,TGCGAGCCCAAGCCCTCGCCAC,0.96875,0.625,3,0,24105,24126,GCTTGCGCACCTTCATGCTGGC,0.9971590909090909,0.9375,1,0,3400,3469.45,32,9.142857142857142,0.10297086818575137,0.2167689161554192,0.08187302499281815,-0.13489589116260106,249,71.14285714285714,0.06013745704467354,0.00774526678141136,0.09101415775787344,0.030876700713199902,32,281,9.142857142857142,1,-0.13489589116260106,False
337,46901,48449,1549,1500,1500.0,1496,1513,1497.0,1505.5,0.969536797934151,0.96375,0.8929166666666667,0.9202777777777859,0.9038489010989239,47131,47152,GTAACATTTCTTGATATCCCTG,0.96875,0.625,3,0,48185,48206,TTCGGAATGTTGCACCAGCCTC,0.9971590909090909,0.9375,1,0,1481,1495.45,19,12.666666666666666,0.098,0.18690958164642374,0.06880427521710086,-0.11810530642932288,102,68.0,0.04983388704318937,0.01200800533689126,0.09006004002668445,0.040226152983495085,19,121,12.666666666666666,1,-0.11810530642932288,False
338,22301,24934,2634,2500,2500.0,2480,2519,2487.0,2514.5,0.9491505315110099,0.9758333333333333,0.9870833333333333,0.9129828042328033,0.9475515873015684,22348,22369,CTTCATATGCTAATGTCTACTA,0.9630681818181818,0.625,3,0,24669,24690,TGTCGTTCTCAACCAAGGTCTG,0.9971590909090909,0.9375,1,0,2403,2467.875,18,7.2,0.10105092966855295,0.1958592132505176,0.07837620578778134,-0.11748300746273627,159,63.6,0.0642570281124498,0.015236567762630313,0.0925700365408039,0.028313008428354103,18,177,7.2,1,-0.11748300746273627,False
339,23201,24739,1539,1500,1500.5,1495,1514,1499.5,1509.0,0.9761614684860299,0.9533333333333334,0.981875,0.914940476190471,0.9446527777777495,23313,23334,CCCTGTGGCCCTTGTTGGCCTT,0.9829545454545454,0.625,1,0,24669,24690,TGTCGTTCTCAACCAAGGTCTG,0.9971590909090909,0.9375,1,0,1484,1497.175,13,8.663778740419861,0.08061292471685542,0.14956405097250167,0.06395736175882745,-0.08560668921367422,73,48.65044985004999,0.05725699067909454,0.009339559706470981,0.07248322147651007,0.01522623079741553,13,86,8.663778740419861,1,-0.08560668921367422,False
340,19901,22507,2607,2500,2500.5,2477,2519,2479.0,2509.0,0.9583093594169544,0.8354166666666667,1.0,0.8920563695563518,0.9320833333333334,20156,20177,CCAACCAAGATTAGTTAGCCGA,0.9659090909090909,0.625,3,0,22266,22287,GGAGAGCCTTGACAGCATCTAT,0.9886363636363636,0.875,2,0,2452,2477.8333333333335,40,15.996800639872024,0.0963023161316538,0.25334957369062117,0.09776876267748479,-0.15558081101313637,148,59.18816236752649,0.07085346215780998,0.00921474358974359,0.08527755430410297,0.014424092146292991,40,188,15.996800639872024,1,-0.15558081101313637,False
341,19901,22001,2101,2000,2000.0,1978,2020,1980.0,2010.0,0.9512732032365541,0.8354166666666667,1.0,0.8920563695563518,0.9385416666666667,20156,20177,CCAACCAAGATTAGTTAGCCGA,0.9659090909090909,0.625,3,0,21963,21984,CATGGTGATGTCCTGAGCCCAG,0.9829545454545454,0.875,3,0,1953,1978.9166666666667,38,19.0,0.09424350483953133,0.25420275089149263,0.09766022380467955,-0.1565425270868131,108,54.0,0.07758186397984887,0.00850850850850851,0.08181818181818182,0.004236317838332948,38,146,19.0,1,-0.1565425270868131,False
342,20501,22532,2032,2000,2000.5,1987,2011,1993.5,2010.0,0.9851439468503937,0.9435416666666666,1.0,0.9105773809523877,0.9354166666666667,20702,20723,TGCGAGCCCAAGCCCTCGCCAC,0.96875,0.625,3,0,22266,22287,GGAGAGCCTTGACAGCATCTAT,0.9886363636363636,0.875,2,0,1984,1997.025,25,12.496875781054735,0.09159536990437846,0.23015476784822766,0.07997987927565392,-0.15017488857257374,128,63.984003999000244,0.05758637956935403,0.00805234021137393,0.07811717576364546,0.020530796194291434,25,153,12.496875781054735,1,-0.15017488857257374,False
343,20501,22025,1525,1500,1500.0,1488,1509,1493.5,1507.5,0.984344262295082,0.9435416666666666,1.0,0.9105773809523877,0.9383333333333334,20702,20723,TGCGAGCCCAAGCCCTCGCCAC,0.96875,0.625,3,0,21963,21984,CATGGTGATGTCCTGAGCCCAG,0.9829545454545454,0.875,3,0,1485,1497.1083333333333,23,15.333333333333334,0.08733333333333333,0.2268795741849634,0.07605070046697798,-0.15082887371798542,85,56.666666666666664,0.0614562458249833,0.00739247311827957,0.0707070707070707,0.009250824882087408,23,108,15.333333333333334,1,-0.15082887371798542,False
344,20601,22117,1517,1500,1500.0,1487,1504,1492.5,1503.0,0.9884640738299275,0.9858333333333333,0.9789583333333334,0.9365476190476207,0.9370833333333334,20702,20723,TGCGAGCCCAAGCCCTCGCCAC,0.96875,0.625,3,0,21963,21984,CATGGTGATGTCCTGAGCCCAG,0.9829545454545454,0.875,3,0,1484,1496.425,21,14.0,0.09213180901143242,0.22348232154769845,0.07615230460921844,-0.14733001693848002,92,61.333333333333336,0.06012024048096192,0.007397444519166106,0.07214428857715431,0.01202404809619239,21,113,14.0,1,-0.14733001693848002,False
345,22301,24428,2128,2000,2000.0,1988,2018,1992.0,2014.5,0.9411712875939849,0.9758333333333333,0.9425,0.9129828042328033,0.954152777777781,22348,22369,CTTCATATGCTAATGTCTACTA,0.9630681818181818,0.625,3,0,24150,24171,TGATCTTGCCCACGAAATCTGG,0.9943181818181818,0.875,1,0,1914,1973.0833333333333,13,6.5,0.11398176291793313,0.2047817047817048,0.08278976417461113,-0.12199194060709366,152,76.0,0.06716791979949875,0.008504252126063032,0.10268082953970663,0.035512909740207876,13,165,6.5,1,-0.12199194060709366,False
346,22301,23909,1609,1500,1500.0,1481,1518,1487.5,1515.0,0.9329164077066501,0.9758333333333333,1.0,0.9129828042328033,0.9614583333333333,22348,22369,CTTCATATGCTAATGTCTACTA,0.9630681818181818,0.625,3,0,23778,23799,AGGTAGGCTCTTGTTCAAGCAT,0.9943181818181818,0.875,1,0,1415,1473.2166666666667,8,5.333333333333333,0.12686567164179105,0.22807017543859648,0.0884125920964501,-0.1396575833421464,133,88.66666666666667,0.06961178045515395,0.007333333333333333,0.11705006765899864,0.04743828720384469,8,141,5.333333333333333,1,-0.1396575833421464,False
347,22401,24009,1609,1500,1500.0,1481,1518,1487.5,1515.0,0.9329164077066501,0.936875,1.0,0.9047094525844538,0.9614583333333333,22452,22473,CCGCATCAGCTTTATGATAGAA,0.9630681818181818,0.625,3,0,23778,23799,AGGTAGGCTCTTGTTCAAGCAT,0.9943181818181818,0.875,1,0,1415,1473.2166666666667,8,5.333333333333333,0.12347354138398914,0.22245614035087719,0.08774279973208306,-0.13471334061879414,129,86.0,0.06894243641231593,0.008666666666666666,0.11299052774018944,0.04404809132787352,8,137,5.333333333333333,1,-0.13471334061879414,False
348,19901,24642,4742,4500,4500.0,4492,4521,4495.0,4512.0,0.9496520455504007,0.8354166666666667,0.98375,0.8920563695563518,0.949375,20156,20177,CCAACCAAGATTAGTTAGCCGA,0.9659090909090909,0.625,3,0,24547,24568,CGGCAACAAAACTGCCGCCTTT,0.9914772727272727,0.8125,1,0,4382,4452.925,55,12.222222222222221,0.09970740490659465,0.22675478577939837,0.09237668161434978,-0.13437810416504858,284,63.111111111111114,0.06502793296089386,0.00867244829886591,0.08978952082400359,0.024761587863109724,55,339,12.222222222222221,1,-0.13437810416504858,False
349,20501,24665,4165,4000,4000.0,3986,4025,3993.0,4022.5,0.9613895558223289,0.9435416666666666,0.981875,0.9105773809523877,0.9444444444444161,20702,20723,TGCGAGCCCAAGCCCTCGCCAC,0.96875,0.625,3,0,24547,24568,CGGCAACAAAACTGCCGCCTTT,0.9914772727272727,0.8125,1,0,3900,3968.991666666667,40,10.0,0.09730274766826318,0.21415839062897887,0.08163777945239889,-0.13252061117657998,262,65.5,0.05799648506151142,0.008028098344204716,0.08628542510121458,0.028288940039703156,40,302,10.0,1,-0.13252061117657998,False
350,19901,21501,1601,1500,1500.0,1478,1520,1480.0,1510.0,0.93605559025609,0.8354166666666667,0.986875,0.8920563695563518,0.9398749999999988,20156,20177,CCAACCAAGATTAGTTAGCCGA,0.9659090909090909,0.625,3,0,21225,21246,GATGTAAAAGATCCAACGCCAA,0.9857954545454546,0.8125,2,0,1453,1478.9166666666667,35,23.333333333333332,0.09696969696969697,0.2691256830601093,0.10982264665757162,-0.15930303640253768,68,45.333333333333336,0.09696969696969697,0.00801068090787717,0.0777479892761394,-0.019221707693557563,35,103,23.333333333333332,0,-0.15930303640253768,False
351,22401,24528,2128,2000,2000.0,1988,2018,1992.0,2014.5,0.9411712875939849,0.936875,0.9795833333333334,0.9047094525844538,0.9552083333333333,22452,22473,CCGCATCAGCTTTATGATAGAA,0.9630681818181818,0.625,3,0,24404,24425,GTGTATGTAGACCGGACCTCTT,0.9886363636363636,0.8125,2,0,1914,1973.0833333333333,15,7.5,0.11195542046605876,0.19854469854469856,0.08078273958855996,-0.1177619589561386,149,74.5,0.06766917293233082,0.008504252126063032,0.09914011127971674,0.031470938347385916,15,164,7.5,1,-0.1177619589561386,False
352,23101,24659,1559,1500,1500.0,1498,1520,1499.0,1516.5,0.9644804361770366,0.8902083333333334,0.9827083333333333,0.903065476190471,0.945305555555533,23313,23334,CCCTGTGGCCCTTGTTGGCCTT,0.9829545454545454,0.625,1,0,24547,24568,CGGCAACAAAACTGCCGCCTTT,0.9914772727272727,0.8125,1,0,1487,1496.8083333333334,13,8.666666666666666,0.0847231487658439,0.16241610738255033,0.06933333333333333,-0.093082774049217,81,54.0,0.059293804130579615,0.006675567423230975,0.07764390896921017,0.018350104838630553,13,94,8.666666666666666,1,-0.093082774049217,False
353,19901,24120,4220,4000,4000.5,3994,4023,3994.0,4013.0,0.9486670616113744,0.8354166666666667,1.0,0.8920563695563518,0.955625,20156,20177,CCAACCAAGATTAGTTAGCCGA,0.9659090909090909,0.625,3,0,23865,23886,TATACCATTTAGAAATGTCAAC,0.9886363636363636,0.75,1,0,3885,3955.05,49,12.248468941382328,0.10392902408111533,0.23766700924974307,0.09591115598182735,-0.14175585326791573,269,67.24159480064992,0.06740442655935613,0.0085,0.09475806451612903,0.027353637956772897,49,318,12.248468941382328,1,-0.14175585326791573,False
354,19901,23620,3720,3500,3500.5,3494,3523,3494.0,3513.0,0.9417674731182796,0.8354166666666667,0.99375,0.8920563695563518,0.9390773809523792,20156,20177,CCAACCAAGATTAGTTAGCCGA,0.9659090909090909,0.625,3,0,23592,23613,GGTGGTTGAACGAGAGCATGTT,0.9857954545454546,0.75,2,0,3385,3455.05,44,12.569632909584344,0.11088534107402032,0.2539074019463285,0.10167533217793183,-0.15223206976839665,247,70.56134837880302,0.07077100115074798,0.008571428571428572,0.09948096885813149,0.028709967707383502,44,291,12.569632909584344,1,-0.15223206976839665,False
355,20601,23726,3126,3000,3000.0,2984,3019,2985.5,3017.5,0.9598728406909789,0.9858333333333333,1.0,0.9365476190476207,0.9458333333333333,20702,20723,TGCGAGCCCAAGCCCTCGCCAC,0.96875,0.625,3,0,23610,23631,CATCCTTCATGGCGTCCGGGTG,0.9886363636363636,0.75,1,0,2901,2969.641666666667,30,10.0,0.1102123356926188,0.23187414500683995,0.08755451190875545,-0.1443196330980845,228,76.0,0.06252089602139753,0.0077000334784064275,0.09680672268907563,0.0342858266676781,30,258,10.0,1,-0.1443196330980845,False
356,20501,23641,3141,3000,3000.0,2987,3025,2990.5,3023.0,0.9560251512257243,0.9435416666666666,0.99375,0.9105773809523877,0.9388690476190459,20702,20723,TGCGAGCCCAAGCCCTCGCCAC,0.96875,0.625,3,0,23610,23631,CATCCTTCATGGCGTCCGGGTG,0.9886363636363636,0.75,1,0,2901,2970.241666666667,30,10.0,0.10953825412874958,0.2383879781420765,0.08956725930895673,-0.14882071883311976,224,74.66666666666667,0.06252089602139753,0.0077000334784064275,0.09647058823529411,0.033949692213896585,30,254,10.0,1,-0.14882071883311976,False
357,20601,22625,2025,2000,2000.5,1987,2007,1993.0,2004.5,0.9875925925925926,0.9858333333333333,0.9745833333333334,0.9365476190476207,0.9078225478225431,20702,20723,TGCGAGCCCAAGCCCTCGCCAC,0.96875,0.625,3,0,22345,22366,TAGACATTAGCATATGAAGCTG,0.9630681818181818,0.625,3,0,1983,1995.325,24,11.997000749812546,0.10216406643180674,0.23107769423558897,0.08408862034239678,-0.14698907389319218,145,72.48187953011747,0.059559559559559556,0.008555611474584801,0.08662994491737606,0.027070385357816508,24,169,11.997000749812546,1,-0.14698907389319218,False
358,19901,23085,3185,3000,3000.5,2982,3024,2986.0,3014.0,0.9423273155416012,0.8354166666666667,0.8264583333333333,0.8920563695563518,0.9135886243386266,20156,20177,CCAACCAAGATTAGTTAGCCGA,0.9659090909090909,0.625,3,0,23014,23035,TCATGCAATCCTAAACTAGGCC,0.9573863636363636,0.5,2,0,2894,2957.491666666667,42,13.997667055490751,0.10699728260869565,0.26163391933815927,0.10428619642254472,-0.15734772291561455,203,67.6553907682053,0.07224462365591398,0.009663445518160613,0.09599191647019198,0.023747292814277995,42,245,13.997667055490751,1,-0.15734772291561455,False
359,20501,23105,2605,2500,2500.0,2479,2524,2483.0,2521.5,0.9596209213051824,0.9435416666666666,0.8464583333333333,0.9105773809523877,0.910966269841277,20702,20723,TGCGAGCCCAAGCCCTCGCCAC,0.96875,0.625,3,0,23014,23035,TCATGCAATCCTAAACTAGGCC,0.9573863636363636,0.5,2,0,2409,2471.6833333333334,27,10.8,0.10628803245436105,0.24548440065681446,0.08911290322580645,-0.156371497431008,183,73.2,0.06224899598393574,0.008845999195818254,0.0921640276086074,0.029915031624671656,27,210,10.8,1,-0.156371497431008,False
360,20601,23215,2615,2500,2500.0,2487,2518,2487.0,2516.0,0.956046845124283,0.9858333333333333,0.809375,0.9365476190476207,0.9074576719576726,20702,20723,TGCGAGCCCAAGCCCTCGCCAC,0.96875,0.625,3,0,23014,23035,TCATGCAATCCTAAACTAGGCC,0.9573863636363636,0.5,2,0,2409,2471.25,25,10.0,0.10953346855983773,0.24588815789473684,0.08828250401284109,-0.15760565388189574,188,75.2,0.061847389558232935,0.008845999195818254,0.09333333333333334,0.0314859437751004,25,213,10.0,1,-0.15760565388189574,False
361,20401,25099,4699,4500,4500.0,4494,4542,4497.5,4536.5,0.9595791657799532,0.893125,0.9533333333333334,0.8711130952381002,0.947315476190488,20677,20698,CTTGAATCTCAGCCAGACGACA,0.9744318181818182,0.5625,2,0,24920,24941,GCATCATGCGCATCTCTGCGTA,1.0,1.0,0,0,4395,4465.425,49,10.88888888888889,0.09474860335195531,0.21102575689109807,0.08203299152920196,-0.1289927653618961,264,58.666666666666664,0.06012024048096192,0.013854748603351955,0.08572068039391227,0.02560043991295035,49,313,10.88888888888889,1,-0.1289927653618961,False
362,21901,25041,3141,3000,3000.0,2984,3019,2988.5,3014.5,0.9553486150907354,0.9789583333333334,0.9889583333333334,0.9377083333333334,0.9537321428571522,22114,22135,TTTTTGGCTCCATTTTCACCGC,0.96875,0.5625,3,0,24920,24941,GCATCATGCGCATCTCTGCGTA,1.0,1.0,0,0,2903,2967.7916666666665,20,6.666666666666667,0.09737196765498653,0.20130315500685872,0.07630522088353414,-0.12499793412332458,185,61.666666666666664,0.05953177257525084,0.015703307718008687,0.08980418636056718,0.030272413785316345,20,205,6.666666666666667,1,-0.12499793412332458,False
363,33301,35029,1729,1500,1500.0,1495,1567,1498.5,1533.0,0.8731925968768074,0.5935416666666666,0.9883333333333333,0.9337761544011786,0.9683333333333334,33545,33566,ATTCAGTTTCAACTGCCTATTC,0.9517045454545454,0.5625,3,0,34793,34814,TACAGGCTTCCCTCCAAACAAT,0.9971590909090909,0.9375,1,0,1441,1477.4833333333333,20,13.333333333333334,0.06984553391537945,0.16169326856349758,0.04832214765100671,-0.11337112091249088,4,2.6666666666666665,0.06984553391537945,0.04963112005365526,0.03333333333333333,-0.03651220058204612,4,24,2.6666666666666665,0,-0.11337112091249088,False
364,33401,35071,1671,1500,1500.5,1495,1551,1495.5,1541.5,0.9039871334530222,0.675625,0.9879166666666667,0.9386213924964008,0.9610416666666667,33545,33566,ATTCAGTTTCAACTGCCTATTC,0.9517045454545454,0.5625,3,0,34793,34814,TACAGGCTTCCCTCCAAACAAT,0.9971590909090909,0.9375,1,0,1470,1488.2166666666667,22,14.66177940686438,0.07023411371237458,0.1619047619047619,0.0482897384305835,-0.11361502347417841,4,2.665778073975342,0.07023411371237458,0.052,0.034,-0.036234113712374574,4,26,2.665778073975342,0,-0.11361502347417841,False
365,20401,24056,3656,3500,3500.0,3487,3528,3489.0,3523.5,0.9580826039387309,0.893125,1.0,0.8711130952381002,0.9583333333333334,20677,20698,CTTGAATCTCAGCCAGACGACA,0.9744318181818182,0.5625,2,0,23778,23799,AGGTAGGCTCTTGTTCAAGCAT,0.9943181818181818,0.875,1,0,3397,3469.2833333333333,38,10.857142857142858,0.10239400057686761,0.22692757009345793,0.08705612829324169,-0.13987144180021624,242,69.14285714285714,0.06130048696648525,0.008316604531115572,0.0920863309352518,0.030785843968766553,38,280,10.857142857142858,1,-0.13987144180021624,False
366,20401,22447,2047,2000,2000.5,1987,2010,1993.5,2008.5,0.9778639472398633,0.893125,1.0,0.8711130952381002,0.9297916666666667,20677,20698,CTTGAATCTCAGCCAGACGACA,0.9744318181818182,0.5625,2,0,22266,22287,GGAGAGCCTTGACAGCATCTAT,0.9886363636363636,0.875,2,0,1982,1996.0666666666666,30,14.996250937265682,0.09109209864116759,0.235,0.08554277138569284,-0.14945722861430716,119,59.48512871782054,0.061091637456184275,0.009058882737795673,0.07811717576364546,0.017025538307461188,30,149,14.996250937265682,1,-0.14945722861430716,False
367,21901,24016,2116,2000,2000.0,1985,2018,1990.0,2015.0,0.9460066162570888,0.9789583333333334,1.0,0.9377083333333334,0.961875,22114,22135,TTTTTGGCTCCATTTTCACCGC,0.96875,0.5625,3,0,23778,23799,AGGTAGGCTCTTGTTCAAGCAT,0.9943181818181818,0.875,1,0,1914,1973.1333333333334,9,4.5,0.11369378473976756,0.22857142857142856,0.08333333333333333,-0.14523809523809522,162,81.0,0.06118355065195587,0.008504252126063032,0.10616784630940344,0.044984295657447576,9,171,4.5,1,-0.14523809523809522,False
368,59701,61238,1538,1500,1500.0,1396,1508,1499.0,1504.5,0.971675877763329,0.965625,0.945,0.9238869047619179,0.9498012820513153,59793,59814,AGGAGGAGACAGCCGGTTTGAC,0.9659090909090909,0.5625,3,0,60976,60997,GAGGCTCGTTGGGAGAAGTAGC,0.9886363636363636,0.875,2,0,1385,1484.9,0,0.0,0.06604402935290193,0.16911764705882354,0.012,-0.15711764705882353,14,9.333333333333334,0.06604402935290193,0.02666666666666667,0.005333333333333333,-0.0607106960195686,0,14,0.0,0,-0.15711764705882353,False
369,20401,24575,4175,4000,4000.0,3986,4028,3992.5,4023.0,0.9591616766467066,0.893125,1.0,0.8711130952381002,0.964375,20677,20698,CTTGAATCTCAGCCAGACGACA,0.9744318181818182,0.5625,2,0,24547,24568,CGGCAACAAAACTGCCGCCTTT,0.9914772727272727,0.8125,1,0,3896,3969.15,45,11.25,0.09831106629694984,0.21412184552638286,0.08389851796031148,-0.13022332756607138,261,65.25,0.05986973947895791,0.008278976417461115,0.08779874213836478,0.027929002659406864,45,306,11.25,1,-0.13022332756607138,False
370,21901,24535,2635,2500,2500.0,2492,2518,2494.5,2514.5,0.9500948766603415,0.9789583333333334,0.9795833333333334,0.9377083333333334,0.9566666666666667,22114,22135,TTTTTGGCTCCATTTTCACCGC,0.96875,0.5625,3,0,24404,24425,GTGTATGTAGACCGGACCTCTT,0.9886363636363636,0.8125,2,0,2413,2473.0,16,6.4,0.10626262626262627,0.20783505154639176,0.07902125952667469,-0.12881379201971707,182,72.8,0.06172344689378757,0.008406725380304243,0.09652665589660743,0.03480320900281986,16,198,6.4,1,-0.12881379201971707,False
371,33301,35596,2296,2000,2000.0,1995,2073,1999.0,2032.0,0.8755988675958188,0.5935416666666666,0.8191666666666667,0.9337761544011786,0.7968809523809492,33545,33566,ATTCAGTTTCAACTGCCTATTC,0.9517045454545454,0.5625,3,0,35439,35460,ATCCCTAGATTTAGGCCTACTC,0.9914772727272727,0.8125,1,0,1936,1976.0416666666667,33,16.5,0.08148893360160966,0.19989669421487602,0.06334841628959276,-0.13654827792528326,5,2.5,0.08148893360160966,0.055750878955298844,0.03,-0.051488933601609665,5,38,2.5,0,-0.13654827792528326,False
372,33401,35638,2238,2000,2000.5,1996,2051,1996.5,2044.5,0.8987097855227882,0.675625,0.9425,0.9386213924964008,0.9112559523809493,33545,33566,ATTCAGTTTCAACTGCCTATTC,0.9517045454545454,0.5625,3,0,35439,35460,ATCCCTAGATTTAGGCCTACTC,0.9914772727272727,0.8125,1,0,1966,1987.0166666666667,36,17.995501124718817,0.08274824473420261,0.19888097660223805,0.06331658291457286,-0.1355643936876652,5,2.499375156210947,0.08274824473420261,0.0555,0.03,-0.052748244734202615,5,41,2.499375156210947,0,-0.1355643936876652,False
373,20401,23556,3156,3000,3000.0,2987,3028,2989.0,3023.5,0.9514416983523447,0.893125,0.98375,0.8711130952381002,0.9270238095238044,20677,20698,CTTGAATCTCAGCCAGACGACA,0.9744318181818182,0.5625,2,0,23526,23547,GATGTCTCTTGTGAGGAAGTCC,0.9829545454545454,0.75,2,0,2897,2969.2833333333333,34,11.333333333333334,0.1102123356926188,0.2445280437756498,0.09191176470588236,-0.15261627906976744,221,73.66666666666667,0.06486125041792043,0.008369601606963508,0.09747899159663866,0.032617741178718226,34,255,11.333333333333334,1,-0.15261627906976744,False
374,21901,23516,1616,1500,1500.0,1485,1518,1490.0,1515.0,0.9293007425742574,0.9789583333333334,0.965,0.9377083333333334,0.9134821428571377,22114,22135,TTTTTGGCTCCATTTTCACCGC,0.96875,0.5625,3,0,23318,23339,CTGACAAGGCCAACAAGGGCCA,0.9829545454545454,0.625,1,0,1414,1473.1333333333334,6,4.0,0.12981744421906694,0.2694736842105263,0.0918230563002681,-0.1776506279102582,138,92.0,0.06827309236947791,0.00867244829886591,0.11975642760487144,0.05148333523539353,6,144,4.0,1,-0.1776506279102582,False
375,20401,21940,1540,1500,1500.0,1488,1510,1493.5,1508.5,0.9746753246753247,0.893125,1.0,0.8711130952381002,0.9410416666666667,20677,20698,CTTGAATCTCAGCCAGACGACA,0.9744318181818182,0.5625,2,0,21868,21889,CTCCTAGGAAAGCCGTGAGCCA,0.9801136363636364,0.5625,1,0,1483,1496.15,28,18.666666666666668,0.08803763440860216,0.2294863242161441,0.08272181454302868,-0.1467645096731154,81,54.0,0.06813627254509018,0.008736559139784945,0.07325268817204302,0.005116415626952836,28,109,18.666666666666668,1,-0.1467645096731154,False
376,16301,18742,2442,2000,2000.0,1945,2295,1955.5,2280.5,0.8510186322686323,0.9497916666666667,0.6570833333333334,0.9272023809523853,0.907624999999983,16383,16404,TCAAAATAACTTGTGGCAACAT,0.9801136363636364,0.5625,1,0,18654,18675,CCGCATCGAAGAGTCTCTTCAA,0.9659090909090909,0.5625,3,0,1809,1971.8833333333334,74,37.0,0.14402451481103168,0.24428507395786642,0.13409961685823754,-0.11018545709962888,20,10.0,0.14402451481103168,0.08652849740932643,0.0071246819338422395,-0.13689983287718943,20,94,10.0,0,-0.13689983287718943,False
377,16301,17932,1632,1500,1500.0,1426,1535,1476.5,1524.5,0.9191942401960784,0.9497916666666667,0.9620833333333333,0.9272023809523853,0.9073174603174388,16383,16404,TCAAAATAACTTGTGGCAACAT,0.9801136363636364,0.5625,1,0,17790,17811,CCAAACTCGCACAAGTCTCATG,0.9715909090909091,0.375,1,0,1373,1474.45,57,38.0,0.1402805611222445,0.25556304787592715,0.12526539278131635,-0.1302976550946108,11,7.333333333333333,0.1402805611222445,0.08117326057298772,0.0033333333333333335,-0.13694722778891116,11,68,7.333333333333333,0,-0.13694722778891116,False
378,23001,25079,2079,2000,2000.0,1990,2020,1991.0,2017.0,0.96257215007215,0.841875,0.980625,0.8946130952380917,0.9514404761904856,23014,23035,GGCCTAGTTTAGGATTGCATGA,0.9573863636363636,0.5,2,0,24920,24941,GCATCATGCGCATCTCTGCGTA,1.0,1.0,0,0,1971,1989.8166666666666,17,8.5,0.08136614766449021,0.16279069767441862,0.06663326653306613,-0.09615743114135249,86,43.0,0.05920722528850978,0.019095477386934675,0.0685,0.009292774711490225,17,103,8.5,1,-0.09615743114135249,False
379,22901,24993,2093,2000,2000.0,1983,2009,1992.0,2007.0,0.9552376970855232,0.8210416666666667,0.9889583333333334,0.9053743386243392,0.9508154761904856,23014,23035,GGCCTAGTTTAGGATTGCATGA,0.9573863636363636,0.5,2,0,24920,24941,GCATCATGCGCATCTCTGCGTA,1.0,1.0,0,0,1945,1981.3416666666667,15,7.5,0.08383838383838384,0.16853932584269662,0.06766917293233082,-0.1008701529103658,95,47.5,0.05994962216624685,0.0160481444332999,0.07459677419354839,0.01464715202730154,15,110,7.5,1,-0.1008701529103658,False
380,22801,24906,2106,2000,2000.0,1978,2009,1985.0,2007.5,0.9485102089268755,0.835,0.9841666666666666,0.9126626984127021,0.9450515873015684,23014,23035,GGCCTAGTTTAGGATTGCATGA,0.9573863636363636,0.5,2,0,24669,24690,TGTCGTTCTCAACCAAGGTCTG,0.9971590909090909,0.9375,1,0,1914,1971.8916666666667,15,7.5,0.08902377339403136,0.17488323819408408,0.07282772476142642,-0.10205551343265766,101,50.5,0.06492199295420231,0.0160481444332999,0.07884028484231943,0.01391829188811712,15,116,7.5,1,-0.10205551343265766,False
381,22801,24400,1600,1500,1500.0,1486,1508,1489.5,1507.5,0.9376953125,0.835,0.9425,0.9126626984127021,0.955402777777781,23014,23035,GGCCTAGTTTAGGATTGCATGA,0.9573863636363636,0.5,2,0,24105,24126,GCTTGCGCACCTTCATGCTGGC,0.9971590909090909,0.9375,1,0,1428,1477.1,9,6.0,0.0995260663507109,0.1789693593314763,0.0748663101604278,-0.10410304917104851,94,62.666666666666664,0.06970509383378017,0.00733822548365577,0.08783783783783784,0.018132744004057677,9,103,6.0,1,-0.10410304917104851,False
382,23001,24572,1572,1500,1500.5,1498,1531,1499.0,1522.0,0.9576574427480916,0.841875,1.0,0.8946130952380917,0.963125,23014,23035,GGCCTAGTTTAGGATTGCATGA,0.9573863636363636,0.5,2,0,24547,24568,CGGCAACAAAACTGCCGCCTTT,0.9914772727272727,0.8125,1,0,1490,1497.525,13,8.663778740419861,0.08605737158105403,0.15704697986577182,0.066,-0.09104697986577182,83,55.31489503498834,0.059293804130579615,0.006008010680907877,0.07810413885180241,0.018810334721222795,13,96,8.663778740419861,1,-0.09104697986577182,False
383,22901,24487,1587,1500,1500.0,1491,1517,1497.5,1510.5,0.9464792060491494,0.8210416666666667,0.9425,0.9053743386243392,0.9506111111111143,23014,23035,GGCCTAGTTTAGGATTGCATGA,0.9573863636363636,0.5,2,0,24404,24425,GTGTATGTAGACCGGACCTCTT,0.9886363636363636,0.8125,2,0,1461,1486.55,11,7.333333333333333,0.09372892784895483,0.1710974778459441,0.06933333333333333,-0.10176414451261076,91,60.666666666666664,0.06375838926174497,0.00533689126084056,0.08350168350168351,0.019743294239938536,11,102,7.333333333333333,1,-0.10176414451261076,False
384,21801,24941,3141,3000,3000.0,2984,3019,2988.5,3014.5,0.9553486150907354,0.9791666666666666,0.9870833333333333,0.9333333333333333,0.9490099206349017,21821,21842,TCCATCTCATCAGGCATATCCG,0.9545454545454546,0.4375,2,0,24920,24941,GCATCATGCGCATCTCTGCGTA,1.0,1.0,0,0,2903,2967.7916666666665,19,6.333333333333333,0.10006738544474393,0.203360768175583,0.07797858099062918,-0.1253821871849538,196,65.33333333333333,0.0588628762541806,0.014032743067156699,0.09149223497636733,0.032629358722186724,19,215,6.333333333333333,1,-0.1253821871849538,False
385,21801,24435,2635,2500,2500.0,2492,2518,2494.5,2514.5,0.9500948766603415,0.9791666666666666,0.9425,0.9333333333333333,0.9531111111111144,21821,21842,TCCATCTCATCAGGCATATCCG,0.9545454545454546,0.4375,2,0,24150,24171,TGATCTTGCCCACGAAATCTGG,0.9943181818181818,0.875,1,0,2413,2473.0,14,5.6,0.1098989898989899,0.21237113402061855,0.08142799839550742,-0.13094313562511112,189,75.6,0.060521042084168336,0.008406725380304243,0.09935379644588045,0.038832754361712116,14,203,5.6,1,-0.13094313562511112,False
386,21801,23916,2116,2000,2000.0,1985,2018,1990.0,2015.0,0.9460066162570888,0.9791666666666666,1.0,0.9333333333333333,0.961875,21821,21842,TCCATCTCATCAGGCATATCCG,0.9545454545454546,0.4375,2,0,23778,23799,AGGTAGGCTCTTGTTCAAGCAT,0.9943181818181818,0.875,1,0,1914,1973.1333333333334,9,4.5,0.11752786220871327,0.2316883116883117,0.08529854490717512,-0.14638976678113658,170,85.0,0.06018054162487462,0.007503751875937969,0.10925644916540213,0.04907590754052751,9,179,4.5,1,-0.14638976678113658,False
387,21801,23416,1616,1500,1500.0,1485,1518,1490.0,1515.0,0.9293007425742574,0.9791666666666666,0.8902083333333334,0.9333333333333333,0.9072321428571377,21821,21842,TCCATCTCATCAGGCATATCCG,0.9545454545454546,0.4375,2,0,23318,23339,CTGACAAGGCCAACAAGGGCCA,0.9829545454545454,0.625,1,0,1414,1473.1333333333334,4,2.6666666666666665,0.1309362279511533,0.2680701754385965,0.09115281501340483,-0.17691736042519168,141,94.0,0.06224899598393574,0.009339559706470981,0.12043301759133965,0.05818402160740391,4,145,2.6666666666666665,1,-0.17691736042519168,False
388,18601,24443,5843,5000,5000.5,4969,5019,4978.5,5011.0,0.8555001711449598,0.7245833333333334,0.9425,0.7320000000000012,0.9537361111111143,18639,18660,ACCTTGAAGCAGTCATTGAAGA,0.9602272727272727,0.375,3,0,24150,24171,TGATCTTGCCCACGAAATCTGG,0.9943181818181818,0.875,1,0,4779,4925.891666666666,77,15.398460153984603,0.10276600040379567,0.22910602910602912,0.10441116956697694,-0.12469485953905218,302,60.39396060393961,0.07902674441986729,0.012014417300760914,0.09798739581215694,0.018960651392289654,77,379,15.398460153984603,1,-0.12469485953905218,False
389,59301,60905,1605,1500,1500.0,1488,1525,1495.0,1521.5,0.9368769470404984,0.7716666666666666,0.9964583333333333,0.8494053724054053,0.9648055555555766,59567,59588,ACTAACCCCACGTCAGTGATGT,0.9545454545454546,0.3125,2,0,60656,60677,CCAGAGTCAAGTTGGTGTTGGC,1.0,1.0,0,0,1465,1491.8333333333333,5,3.3333333333333335,0.07352941176470588,0.18426361802286484,0.014046822742474917,-0.1702167952803899,19,12.666666666666666,0.07352941176470588,0.02899527983816588,0.02601734489659773,-0.04751206686810815,5,24,3.3333333333333335,0,-0.1702167952803899,False
390,19401,24705,5305,5000,5000.5,4971,5020,4981.5,5010.5,0.9425306314797361,0.9175,0.981875,0.9240674603174557,0.9490277777777495,19619,19640,ATCTTGATATGGAACTTTGAGC,0.9630681818181818,0.3125,2,0,24669,24690,TGTCGTTCTCAACCAAGGTCTG,0.9971590909090909,0.9375,1,0,4824,4937.033333333334,70,13.998600139986003,0.102032602133226,0.22693421597021102,0.09860859044162129,-0.12832562552858973,305,60.99390060993901,0.0728810146970002,0.010810810810810811,0.09463276836158192,0.02175175366458172,70,375,13.998600139986003,1,-0.12832562552858973,False
391,19501,24788,5288,5000,5000.5,4959,5020,4975.5,5011.5,0.9452652231467473,0.9552083333333333,0.981875,0.9026785714285688,0.9419444444444162,19619,19640,ATCTTGATATGGAACTTTGAGC,0.9630681818181818,0.3125,2,0,24669,24690,TGTCGTTCTCAACCAAGGTCTG,0.9971590909090909,0.9375,1,0,4824,4937.433333333333,69,13.798620137986202,0.09993967424090086,0.22465866776996277,0.09780197620488001,-0.12685669156508275,303,60.59394060593941,0.07167304207771291,0.011411411411411412,0.09411050394656952,0.022437461868856604,69,372,13.798620137986202,1,-0.12685669156508275,False
392,19401,24181,4781,4500,4500.0,4463,4520,4478.0,4510.0,0.9409773060029283,0.9175,1.0,0.9240674603174557,0.9610416666666667,19619,19640,ATCTTGATATGGAACTTTGAGC,0.9630681818181818,0.3125,2,0,24105,24126,GCTTGCGCACCTTCATGCTGGC,0.9971590909090909,0.9375,1,0,4325,4438.283333333334,64,14.222222222222221,0.10584023271425375,0.23465620673742502,0.10226508185691859,-0.13239112488050642,288,64.0,0.07597765363128492,0.010676156583629894,0.09899216125419932,0.023014507622914404,64,352,14.222222222222221,1,-0.13239112488050642,False
393,19601,24886,5286,5000,5000.0,4959,5023,4976.0,5014.5,0.9457647559591373,0.8483333333333334,0.975625,0.889523809523768,0.9340694444444185,19619,19640,ATCTTGATATGGAACTTTGAGC,0.9630681818181818,0.3125,2,0,24669,24690,TGTCGTTCTCAACCAAGGTCTG,0.9971590909090909,0.9375,1,0,4825,4937.8,64,12.8,0.09921036647094554,0.2253725165562914,0.09613059250302297,-0.12924192405326843,299,59.8,0.0692989524576954,0.012817945123172442,0.09151650131605588,0.02221754885836047,64,363,12.8,1,-0.12924192405326843,False
394,19501,24279,4779,4500,4500.0,4454,4516,4471.0,4507.5,0.9405733417032852,0.9552083333333333,0.9425,0.9026785714285688,0.951652777777781,19619,19640,ATCTTGATATGGAACTTTGAGC,0.9630681818181818,0.3125,2,0,24105,24126,GCTTGCGCACCTTCATGCTGGC,0.9971590909090909,0.9375,1,0,4320,4434.55,62,13.777777777777779,0.10606399641978072,0.23302540415704387,0.10190796857463524,-0.13111743558240863,293,65.11111111111111,0.0755813953488372,0.010465375194834113,0.09930508854516924,0.023723693196332038,62,355,13.777777777777779,1,-0.13111743558240863,False
395,19601,24377,4777,4500,4500.0,4459,4519,4474.5,4510.5,0.9415166422440863,0.8483333333333334,0.9425,0.889523809523768,0.9551944444444477,19619,19640,ATCTTGATATGGAACTTTGAGC,0.9630681818181818,0.3125,2,0,24105,24126,GCTTGCGCACCTTCATGCTGGC,0.9971590909090909,0.9375,1,0,4326,4438.041666666667,57,12.666666666666666,0.1050983899821109,0.2330948534502654,0.09914759982054733,-0.13394725362971807,292,64.88888888888889,0.07264193115780063,0.01045838896306186,0.09587813620071685,0.023236205042916222,57,349,12.666666666666666,1,-0.13394725362971807,False
396,19501,23763,4263,4000,4000.0,3950,4019,3971.0,4009.0,0.9374266948158574,0.9552083333333333,1.0,0.9026785714285688,0.950625,19619,19640,ATCTTGATATGGAACTTTGAGC,0.9630681818181818,0.3125,2,0,23718,23739,AACGAGTATGATTCTCTCGATC,0.9829545454545454,0.875,3,0,3824,3937.6833333333334,60,15.0,0.10876132930513595,0.24602139316462301,0.1076301162203133,-0.13839127694430972,271,67.75,0.07775541016607952,0.010262828535669587,0.10317860746720485,0.025423197301125328,60,331,15.0,1,-0.13839127694430972,False
397,19601,23860,4260,4000,4000.5,3954,4021,3973.5,4011.0,0.938468309859155,0.8483333333333334,1.0,0.889523809523768,0.959375,19619,19640,ATCTTGATATGGAACTTTGAGC,0.9630681818181818,0.3125,2,0,23778,23799,AGGTAGGCTCTTGTTCAAGCAT,0.9943181818181818,0.875,1,0,3829,3940.175,54,13.498312710911136,0.10744841469552088,0.24524367995830076,0.1042929292929293,-0.14095075066537147,271,67.74153230846144,0.07421383647798742,0.010257693269952465,0.09959657085224408,0.025382734374256657,54,325,13.498312710911136,1,-0.14095075066537147,False
398,19401,22072,2672,2500,2500.0,2482,2523,2484.0,2515.0,0.9358392589820359,0.9175,0.9883333333333333,0.9240674603174557,0.93375,19619,19640,ATCTTGATATGGAACTTTGAGC,0.9630681818181818,0.3125,2,0,21963,21984,CATGGTGATGTCCTGAGCCCAG,0.9829545454545454,0.875,3,0,2411,2468.1833333333334,53,21.2,0.10212254705646776,0.2512437810945274,0.1145748987854251,-0.1366688823091023,135,54.0,0.09175050301810865,0.0124,0.09218436873747494,0.00043386571936629426,53,188,21.2,1,-0.1366688823091023,False
399,19501,22158,2658,2500,2500.0,2473,2523,2477.5,2513.0,0.9402511286681715,0.9552083333333333,0.9789583333333334,0.9026785714285688,0.9408333333333333,19619,19640,ATCTTGATATGGAACTTTGAGC,0.9630681818181818,0.3125,2,0,21963,21984,CATGGTGATGTCCTGAGCCCAG,0.9829545454545454,0.875,3,0,2411,2468.4666666666667,51,20.4,0.09916033586565375,0.2504145936981758,0.11133603238866396,-0.13907856130951185,135,54.0,0.08638007231820008,0.011604641856742696,0.08977955911823647,0.0033994868000363915,51,186,20.4,1,-0.13907856130951185,False
400,19601,22254,2654,2500,2500.5,2476,2524,2479.0,2514.0,0.941903730218538,0.8483333333333334,0.9789583333333334,0.889523809523768,0.9358333333333333,19619,19640,ATCTTGATATGGAACTTTGAGC,0.9630681818181818,0.3125,2,0,21963,21984,CATGGTGATGTCCTGAGCCCAG,0.9829545454545454,0.875,3,0,2414,2469.9583333333335,45,17.996400719856027,0.09847266881028939,0.2567287784679089,0.10566801619433198,-0.15106076227357695,139,55.58888222355529,0.07911646586345382,0.012,0.08831794460056203,0.009201478737108207,45,184,17.996400719856027,1,-0.15106076227357695,False
401,19401,23681,4281,4000,4000.0,3963,4020,3978.0,4010.0,0.9340837421163279,0.9175,1.0,0.9240674603174557,0.9395833333333333,19619,19640,ATCTTGATATGGAACTTTGAGC,0.9630681818181818,0.3125,2,0,23610,23631,CATCCTTCATGGCGTCCGGGTG,0.9886363636363636,0.75,1,0,3825,3938.2833333333333,61,15.25,0.1111111111111111,0.24856546687532602,0.1088658752210154,-0.13969959165431062,270,67.5,0.08075471698113207,0.011011011011011011,0.10489157841654059,0.024136861435408524,61,331,15.25,1,-0.13969959165431062,False
402,19401,22579,3179,3000,3000.5,2983,3023,2983.5,3016.0,0.944086190625983,0.9175,0.9883333333333333,0.9240674603174557,0.9229828042328033,19619,19640,ATCTTGATATGGAACTTTGAGC,0.9630681818181818,0.3125,2,0,22281,22302,TGTTCGTCATCCCAGGGAGAGC,0.9772727272727273,0.75,3,0,2909,2967.6666666666665,55,18.330278286952172,0.10577243910577244,0.2501718213058419,0.1111111111111111,-0.13906071019473082,178,59.323446092317944,0.08439383791024782,0.01300433477825942,0.09616026711185309,0.011766429201605269,55,233,18.330278286952172,1,-0.13906071019473082,False
403,19501,21651,2151,2000,2000.0,1969,2023,1975.5,2013.0,0.9291027429102743,0.9552083333333333,1.0,0.9026785714285688,0.9402083333333333,19619,19640,ATCTTGATATGGAACTTTGAGC,0.9630681818181818,0.3125,2,0,21466,21487,CTCCCCAGGAGACACCAAGGAG,0.9801136363636364,0.75,2,0,1911,1968.55,51,25.5,0.1035696329813977,0.25902668759811615,0.1237901171676006,-0.13523657043051554,95,47.5,0.1035696329813977,0.012,0.0887218045112782,-0.014847828470119492,51,146,25.5,0,-0.13523657043051554,False
404,19401,21568,2168,2000,2000.0,1981,2023,1981.5,2015.0,0.9225380535055351,0.9175,0.986875,0.9240674603174557,0.9334166666666655,19619,19640,ATCTTGATATGGAACTTTGAGC,0.9630681818181818,0.3125,2,0,21466,21487,CTCCCCAGGAGACACCAAGGAG,0.9801136363636364,0.75,2,0,1911,1968.15,51,25.5,0.11083123425692695,0.2625523012552301,0.12588832487309645,-0.13666397638213365,92,46.0,0.11083123425692695,0.013,0.09022556390977443,-0.02060567034715252,51,143,25.5,0,-0.13666397638213365,False
405,19601,21746,2146,2000,2000.0,1971,2023,1976.0,2013.0,0.9310927306616962,0.8483333333333334,1.0,0.889523809523768,0.9379166666666666,19619,19640,ATCTTGATATGGAACTTTGAGC,0.9630681818181818,0.3125,2,0,21466,21487,CTCCCCAGGAGACACCAAGGAG,0.9801136363636364,0.75,2,0,1913,1969.0416666666667,45,22.5,0.09745127436281859,0.25980135912179825,0.11477907567293043,-0.1450222834488678,98,49.0,0.09351432880844646,0.013,0.08822055137844612,-0.00529377743000034,45,143,22.5,0,-0.1450222834488678,False
406,19401,21060,1660,1500,1500.0,1480,1522,1480.5,1514.0,0.903012048192771,0.9175,1.0,0.9240674603174557,0.9495833333333333,19619,19640,ATCTTGATATGGAACTTTGAGC,0.9630681818181818,0.3125,2,0,20926,20947,TAAGACGACCCATCACCAGGAT,0.9829545454545454,0.75,2,0,1410,1467.525,43,28.666666666666668,0.11634162743779422,0.27710843373493976,0.13256288239293,-0.14454555134200978,57,38.0,0.11634162743779422,0.015343562374916611,0.08835341365461848,-0.027988213783175744,43,100,28.666666666666668,0,-0.14454555134200978,False
407,19501,21143,1643,1500,1500.5,1468,1522,1474.5,1512.0,0.911404443091905,0.9552083333333333,1.0,0.9026785714285688,0.9454166666666667,19619,19640,ATCTTGATATGGAACTTTGAGC,0.9630681818181818,0.3125,2,0,20926,20947,TAAGACGACCCATCACCAGGAT,0.9829545454545454,0.75,2,0,1410,1467.925,41,27.324225258247253,0.10999329309188464,0.2735648476257973,0.12984364377974167,-0.14372120384605563,64,42.65244918360547,0.10999329309188464,0.014009339559706471,0.08701472556894244,-0.02297856752294221,41,105,27.324225258247253,0,-0.14372120384605563,False
408,19601,23360,3760,3500,3500.5,3461,3521,3477.0,3511.0,0.9305186170212766,0.8483333333333334,0.886875,0.889523809523768,0.9063690476190459,19619,19640,ATCTTGATATGGAACTTTGAGC,0.9630681818181818,0.3125,2,0,23318,23339,CTGACAAGGCCAACAAGGGCCA,0.9829545454545454,0.625,1,0,3336,3441.866666666667,49,13.998000285673475,0.10981987216734457,0.2608435536942866,0.10867052023121387,-0.1521730334630727,236,67.41894015140694,0.0776978417266187,0.01143837575064341,0.10098095787651472,0.02328311614989602,49,285,13.998000285673475,1,-0.1521730334630727,False
409,19601,21241,1641,1500,1500.0,1470,1522,1475.0,1512.0,0.9122867154174285,0.8483333333333334,0.99,0.889523809523768,0.9289583333333333,19619,19640,ATCTTGATATGGAACTTTGAGC,0.9630681818181818,0.3125,2,0,20953,20974,CAAATGGTCGTCGCCCAAATCT,0.9829545454545454,0.625,1,0,1412,1468.4166666666667,40,26.666666666666668,0.10261569416498995,0.2774239207360226,0.12585034013605442,-0.1515735805999682,68,45.333333333333336,0.10261569416498995,0.0133422281521014,0.08701472556894244,-0.01560096859604751,40,108,26.666666666666668,0,-0.1515735805999682,False
410,19401,23156,3756,3500,3500.5,3455,3523,3475.0,3513.0,0.9317259052183173,0.9175,0.845625,0.9240674603174557,0.912487433862431,19619,19640,ATCTTGATATGGAACTTTGAGC,0.9630681818181818,0.3125,2,0,23014,23035,TCATGCAATCCTAAACTAGGCC,0.9573863636363636,0.5,2,0,3336,3442.775,57,16.283388087416082,0.11232718894009217,0.2600896860986547,0.11265164644714037,-0.1474380396515143,231,65.99057277531782,0.08311763014092609,0.012575021434695627,0.1046712802768166,0.021553650135890515,57,288,16.283388087416082,1,-0.1474380396515143,False
411,19501,23261,3761,3500,3500.5,3459,3521,3476.0,3511.0,0.9302213507045999,0.9552083333333333,0.8239583333333333,0.9026785714285688,0.9007579365079437,19619,19640,ATCTTGATATGGAACTTTGAGC,0.9630681818181818,0.3125,2,0,23014,23035,TCATGCAATCCTAAACTAGGCC,0.9573863636363636,0.5,2,0,3334,3441.425,55,15.71204113698043,0.1111111111111111,0.2590487586000598,0.11184971098265896,-0.14719904761740088,235,67.13326667618911,0.08028776978417267,0.011724335144409494,0.10357761107905367,0.023289841294881,55,290,15.71204113698043,1,-0.14719904761740088,False
412,19501,22677,3177,3000,3000.5,2976,3023,2979.5,3013.5,0.9444050991501416,0.9552083333333333,0.940625,0.9026785714285688,0.903727309727304,19619,19640,ATCTTGATATGGAACTTTGAGC,0.9630681818181818,0.3125,2,0,22462,22483,TCCGCTTTCTTTCTATCATAAA,0.9630681818181818,0.4375,3,0,2902,2965.9166666666665,55,18.330278286952172,0.108,0.2524974164657251,0.11421832884097036,-0.13827908762475474,190,63.32277953674387,0.0822742474916388,0.012004001333777926,0.09853039412157649,0.0162561466299377,55,245,18.330278286952172,1,-0.13827908762475474,False
