overall_rank,alignment_start,alignment_end,alignment_width_columns,target_length_bp,median_length_bp,min_length_bp,max_length_bp,q10_length_bp,q90_length_bp,mean_candidate_coverage,left_end_coverage,right_end_coverage,left_end_conservation,right_end_conservation,left_site_start,left_site_end,left_site_consensus_5to3,left_site_mean_conservation,left_site_exact_fraction,left_site_max_mismatches,left_site_max_3prime_mismatches,right_site_start,right_site_end,right_site_consensus_5to3,right_site_mean_conservation,right_site_exact_fraction,right_site_max_mismatches,right_site_max_3prime_mismatches,minimum_pair_comparable_bp,mean_pair_comparable_bp,diagnostic_sites_t2_typeb,diagnostic_density_t2_typeb_per_kb,within_t2_typeb_group_a_max,within_t2_typeb_group_b_max,between_t2_typeb_min,margin_t2_typeb,balanced_diagnostic_sites,total_diagnostic_sites,balanced_diagnostic_density_per_kb,positive_margin_count,balanced_margin,all_required_margins_positive
1,25601,27829,2229,2000,2000.0,1945,2067,1945.0,2040.0,0.8952932685742915,0.9689855072463373,0.987536231884078,0.9252683036091185,0.9353227931488436,25787,25808,CGATGTTACAATATAATGCAAG,1.0,1.0,0,0,27554,27575,GACTACAGGCTTCCCTCCAAAC,0.9980237154150197,0.9565217391304348,1,0,1903,1949.3557312252965,120,60.0,0.15201654601861428,0.18223583460949463,0.09228441754916793,-0.08995141706032671,120,120,60.0,0,-0.08995141706032671,False
2,33901,36606,2706,2500,2500.0,2456,2550,2459.4,2511.6,0.9222340049487114,0.8360869565217581,0.9995652173913185,0.9363102766797359,0.9118247694332846,33960,33981,GTTGGTGATTCATAGTCGTTTA,1.0,1.0,0,0,36416,36437,TACCCTCATCGAGCATTCGCTC,0.9940711462450593,0.8695652173913043,1,0,2397,2448.300395256917,168,67.2,0.175270607826811,0.2045639771801141,0.0963023161316538,-0.1082616610484603,168,168,67.2,0,-0.1082616610484603,False
3,33801,36503,2703,2500,2500.0,2450,2547,2453.4,2508.6,0.9219546719425725,0.8934782608695605,1.0,0.9500402576488826,0.9349275362317591,33960,33981,GTTGGTGATTCATAGTCGTTTA,1.0,1.0,0,0,36416,36437,TACCCTCATCGAGCATTCGCTC,0.9940711462450593,0.8695652173913043,1,0,2393,2444.375494071146,158,63.2,0.17529215358931552,0.19910240718074254,0.09438567941415785,-0.1047167277665847,158,158,63.2,0,-0.1047167277665847,False
4,33901,37106,3206,3000,3000.0,2952,3048,2958.4,3011.6,0.9339011093330158,0.8360869565217581,0.9962318840579731,0.9363102766797359,0.9177511528330069,33960,33981,GTTGGTGATTCATAGTCGTTTA,1.0,1.0,0,0,36837,36858,TCCATCGCTCAGGCTTGAACTT,0.9881422924901186,0.8260869565217391,2,0,2893,2945.6640316205535,202,67.33333333333333,0.17419799931010693,0.19675456389452334,0.0977341900574907,-0.09902037383703263,202,202,67.33333333333333,0,-0.09902037383703263,False
5,33801,37006,3206,3000,3000.0,2949,3048,2955.4,3011.6,0.9336976864031831,0.8934782608695605,0.9950724637681196,0.9500402576488826,0.9042888904577315,33960,33981,GTTGGTGATTCATAGTCGTTTA,1.0,1.0,0,0,36837,36858,TCCATCGCTCAGGCTTGAACTT,0.9881422924901186,0.8260869565217391,2,0,2890,2944.478260869565,202,67.33333333333333,0.17610497237569062,0.19776876267748478,0.09671964829218803,-0.10104911438529675,202,202,67.33333333333333,0,-0.10104911438529675,False
6,33701,36906,3206,3000,3000.0,2953,3049,2956.4,3011.6,0.9340502861482262,0.9497101449274851,0.9988405797101465,0.9345571658614062,0.9269725202335879,33960,33981,GTTGGTGATTCATAGTCGTTTA,1.0,1.0,0,0,36665,36686,TCTCCTGAGTAGCCACACGTCC,0.992094861660079,0.8260869565217391,1,0,2894,2946.4308300395255,196,65.33333333333333,0.17017604418363824,0.19607179139857772,0.09465855307640297,-0.10141323832217475,196,196,65.33333333333333,0,-0.10141323832217475,False
7,25701,27929,2229,2000,2000.0,1944,2067,1945.0,2039.0,0.8951177170499183,0.9288405797101101,0.9862318840579852,0.9009707080886438,0.9147223790701294,25787,25808,CGATGTTACAATATAATGCAAG,1.0,1.0,0,0,27635,27656,ATTTGCACTATGCTTACAACAA,0.992094861660079,0.8260869565217391,1,0,1903,1948.604743083004,122,61.0,0.15639564992232005,0.18896833503575078,0.09494949494949495,-0.09401884008625583,122,122,61.0,0,-0.09401884008625583,False
8,25601,27325,1725,1500,1500.0,1446,1567,1446.2,1537.0,0.866868304977897,0.9689855072463373,0.9644927536231626,0.9252683036091185,0.9089511157118856,25787,25808,CGATGTTACAATATAATGCAAG,1.0,1.0,0,0,27094,27115,GGGCTTCTCTATGGCCCAAGGA,0.9802371541501976,0.8260869565217391,3,0,1404,1449.98814229249,101,67.33333333333333,0.15331010452961671,0.19265419265419265,0.09932432432432432,-0.09332986832986832,101,101,67.33333333333333,0,-0.09332986832986832,False
9,33701,36403,2703,2500,2500.0,2450,2547,2453.4,2508.6,0.9219546719425725,0.9497101449274851,1.0,0.9345571658614062,0.9347826086955199,33960,33981,GTTGGTGATTCATAGTCGTTTA,1.0,1.0,0,0,36161,36182,TGGTAAGACCCAAGAATCCGTC,0.9901185770750988,0.782608695652174,1,0,2393,2444.375494071146,158,63.2,0.17612687813021702,0.20195838433292534,0.096826688364524,-0.10513169596840134,158,158,63.2,0,-0.10513169596840134,False
10,33801,35503,1703,1500,1500.0,1450,1547,1453.4,1508.6,0.8761520590262135,0.8934782608695605,0.9504347826086814,0.9500402576488826,0.9085507246375225,33960,33981,GTTGGTGATTCATAGTCGTTTA,1.0,1.0,0,0,35241,35262,TGACGAAAAATGAAGCATTAGG,0.9901185770750988,0.782608695652174,1,0,1393,1444.4624505928855,102,68.0,0.21131805157593123,0.2308752584424535,0.11796982167352538,-0.11290543676892811,102,102,68.0,0,-0.11290543676892811,False
11,33701,35401,1701,1500,1500.0,1449,1547,1453.4,1508.4,0.8770799785291957,0.9497101449274851,0.9268115942029423,0.9345571658614062,0.9089268461006335,33960,33981,GTTGGTGATTCATAGTCGTTTA,1.0,1.0,0,0,35241,35262,TGACGAAAAATGAAGCATTAGG,0.9901185770750988,0.782608695652174,1,0,1393,1444.4545454545455,95,63.333333333333336,0.2020057306590258,0.22168840082361016,0.11248285322359397,-0.10920554760001619,95,95,63.333333333333336,0,-0.10920554760001619,False
12,33901,36103,2203,2000,2000.0,1953,2047,1956.4,2008.6,0.9045372910457637,0.8360869565217581,0.9998550724637728,0.9363102766797359,0.940382081686245,33960,33981,GTTGGTGATTCATAGTCGTTTA,1.0,1.0,0,0,35975,35996,GCTCATGGATGAAAGGCTCGAG,0.9861660079051383,0.7391304347826086,2,0,1894,1945.5612648221345,132,66.0,0.18536071616640337,0.21476166068682725,0.10214504596527069,-0.11261661472155657,132,132,66.0,0,-0.11261661472155657,False
13,33701,35903,2203,2000,2000.0,1950,2047,1953.4,2008.6,0.9042609879807725,0.9497101449274851,1.0,0.9345571658614062,0.928405797101271,33960,33981,GTTGGTGATTCATAGTCGTTTA,1.0,1.0,0,0,35786,35807,AGGATGAATCCCTGATGTGAAC,0.9861660079051383,0.7391304347826086,2,0,1893,1944.4624505928855,127,63.5,0.19040084388185655,0.21476166068682725,0.10520939734422881,-0.10955226334259845,127,127,63.5,0,-0.10955226334259845,False
14,33801,36003,2203,2000,2000.0,1950,2047,1953.4,2008.6,0.9042609879807725,0.8934782608695605,1.0,0.9500402576488826,0.9288405797099646,33960,33981,GTTGGTGATTCATAGTCGTTTA,1.0,1.0,0,0,35786,35807,AGGATGAATCCCTGATGTGAAC,0.9861660079051383,0.7391304347826086,2,0,1893,1944.4624505928855,126,63.0,0.19040084388185655,0.21168631471040492,0.10265577119509704,-0.10903054351530787,126,126,63.0,0,-0.10903054351530787,False
15,33701,37411,3711,3500,3500.0,3433,3539,3439.4,3511.6,0.9400841212376552,0.9497101449274851,0.9673913043477781,0.9345571658614062,0.8786742293541223,33960,33981,GTTGGTGATTCATAGTCGTTTA,1.0,1.0,0,0,37130,37151,TCTTGCCTGGAATTGCCTTGGG,0.9861660079051383,0.6956521739130435,1,0,3371,3435.00395256917,235,67.14285714285714,0.180633698549008,0.2016831108531631,0.10478955007256895,-0.09689356078059415,235,235,67.14285714285714,0,-0.09689356078059415,False
16,33901,35603,1703,1500,1500.0,1453,1547,1456.4,1508.6,0.8765350149352236,0.8360869565217581,0.9568115942028939,0.9363102766797359,0.9172463768114176,33960,33981,GTTGGTGATTCATAGTCGTTTA,1.0,1.0,0,0,35560,35581,GTGGGTGCAAGTACAGGTTGTA,0.9584980237154151,0.6086956521739131,3,0,1395,1445.6482213438735,103,68.66666666666667,0.2058613295210865,0.2315644383184011,0.12139917695473251,-0.11016526136366858,103,103,68.66666666666667,0,-0.11016526136366858,False
17,8401,11661,3261,3000,3000.0,2818,3167,2838.2,3166.0,0.9188165806700754,1.0,0.7243478260867596,0.95,0.879760297673353,8672,8693,GCAGTCTTGAACTCGTGGTAAG,1.0,1.0,0,0,11417,11438,TGCTTACCTCTCCTTGCATCAT,0.9723320158102768,0.5652173913043478,3,0,2618,2865.3715415019765,211,70.33333333333333,0.1640675763482781,0.23259152907394112,0.09096671949286846,-0.14162480958107265,211,211,70.33333333333333,0,-0.14162480958107265,False
18,25701,27425,1725,1500,1500.0,1446,1567,1446.2,1537.0,0.866868304977897,0.9288405797101101,0.9644927536231626,0.9009707080886438,0.9163424200597001,25787,25808,CGATGTTACAATATAATGCAAG,1.0,1.0,0,0,27184,27205,GGATTGAGCAGTACAACTTTGG,0.9703557312252965,0.5652173913043478,2,0,1404,1449.98814229249,104,69.33333333333333,0.15121951219512195,0.19473319473319473,0.09594594594594595,-0.09878724878724877,104,104,69.33333333333333,0,-0.09878724878724877,False
19,8401,11008,2608,2500,2500.0,2360,2535,2439.0,2534.0,0.9540377433982309,1.0,0.9808695652172871,0.95,0.8887593324549319,8672,8693,GCAGTCTTGAACTCGTGGTAAG,1.0,1.0,0,0,10870,10891,CCAAACTCGCACAAGTCTCATG,0.9565217391304348,0.2608695652173913,2,0,2229,2435.2608695652175,193,77.2,0.16271463614063778,0.22721700040866366,0.08561236623067776,-0.1416046341779859,193,193,77.2,0,-0.1416046341779859,False
20,8501,11165,2665,2500,2500.0,2411,2580,2436.0,2579.0,0.9418549637001323,1.0,0.8702898550723754,0.9540579710144872,0.8690826323434522,8672,8693,GCAGTCTTGAACTCGTGGTAAG,1.0,1.0,0,0,10870,10891,CCAAACTCGCACAAGTCTCATG,0.9565217391304348,0.2608695652173913,2,0,2226,2443.7391304347825,190,76.0,0.16499397832195906,0.23404255319148937,0.08644859813084112,-0.14759395506064826,190,190,76.0,0,-0.14759395506064826,False
21,9001,11165,2165,2000,2000.0,1911,2080,1936.0,2079.0,0.9284265488502784,0.9842028985507295,0.8702898550723754,0.9289251207729315,0.8690826323434522,9224,9245,TCCCAAGTACTGACAGTGGCGT,0.9960474308300394,0.9130434782608695,1,0,10870,10891,CCAAACTCGCACAAGTCTCATG,0.9565217391304348,0.2608695652173913,2,0,1726,1943.7391304347825,159,79.5,0.18181818181818182,0.2623456790123457,0.09090909090909091,-0.17143658810325477,159,159,79.5,0,-0.17143658810325477,False
22,35401,36902,1502,1500,1500.0,1495,1501,1498.2,1501.0,0.998436866786319,0.9939130434782661,0.9988405797101465,0.9328985507244821,0.9263928100886551,35581,35602,CTGAGAAAGATCCCGGGACCAA,0.9940711462450593,0.8695652173913043,1,0,36665,36686,TCTCCTGAGTAGCCACACGTCC,0.992094861660079,0.8260869565217391,1,0,1493,1498.9762845849802,101,67.33333333333333,0.14419225634178906,0.1741160773849233,0.07748830995323981,-0.09662776743168348,101,101,67.33333333333333,0,-0.09662776743168348,False
23,35501,37002,1502,1500,1500.0,1497,1502,1499.2,1502.0,0.9989579111908785,1.0,0.9953623188405739,0.9346376811593048,0.9057645162811726,35581,35602,CTGAGAAAGATCCCGGGACCAA,0.9940711462450593,0.8695652173913043,1,0,36837,36858,TCCATCGCTCAGGCTTGAACTT,0.9881422924901186,0.8260869565217391,2,0,1494,1499.189723320158,99,66.0,0.14743162108072047,0.16688918558077437,0.07543391188251002,-0.09145527369826435,99,99,66.0,0,-0.09145527369826435,False
24,35301,36814,1514,1500,1500.0,1495,1509,1500.0,1501.0,0.9910975819884013,0.9568115942028939,0.998405797101465,0.9165217391302576,0.9102465650292288,35578,35599,CCACTGAGAAAGATCCCGGGAC,0.9901185770750988,0.8695652173913043,2,0,36665,36686,TCTCCTGAGTAGCCACACGTCC,0.992094861660079,0.8260869565217391,1,0,1492,1498.7351778656127,97,64.66666666666667,0.14562458249833,0.1795727636849132,0.07938625750500333,-0.10018650617990987,97,97,64.66666666666667,0,-0.10018650617990987,False
25,35401,37409,2009,2000,2000.0,1983,2003,1985.0,2002.0,0.9933992685090973,0.9939130434782661,0.9673913043477781,0.9328985507244821,0.8811379974700685,35581,35602,CTGAGAAAGATCCCGGGACCAA,0.9940711462450593,0.8695652173913043,1,0,37130,37151,TCTTGCCTGGAATTGCCTTGGG,0.9861660079051383,0.6956521739130435,1,0,1975,1989.5494071146245,140,70.0,0.16818181818181818,0.1878147029204431,0.09919436052366566,-0.08862034239677745,140,140,70.0,0,-0.08862034239677745,False
26,35301,37316,2016,2000,2000.0,1988,2011,1990.0,2002.8,0.9907910628019271,0.9568115942028939,0.9868115942028453,0.9165217391302576,0.9151005003454338,35578,35599,CCACTGAGAAAGATCCCGGGAC,0.9901185770750988,0.8695652173913043,2,0,37130,37151,TCTTGCCTGGAATTGCCTTGGG,0.9861660079051383,0.6956521739130435,1,0,1982,1992.0395256916995,138,69.0,0.16012084592145015,0.1805835010060362,0.0930115635997989,-0.08757193740623731,138,138,69.0,0,-0.08757193740623731,False
27,24201,26949,2749,2500,2500.0,2443,2560,2444.0,2531.0,0.9071440998307273,0.9760869565217278,1.0,0.9195288704852889,0.9284057971012953,24472,24493,GAAAAAGTCCTTATGACTTTCT,0.9901185770750988,0.8260869565217391,2,0,26821,26842,AGGTGATGGACACGATTGAGTG,1.0,1.0,0,0,2394,2443.01976284585,157,62.8,0.15432098765432098,0.1844380403458213,0.09745248685806712,-0.08698555348775419,157,157,62.8,0,-0.08698555348775419,False
28,24301,27038,2738,2500,2500.0,2432,2560,2433.0,2523.0,0.909375297741885,0.9998550724637668,1.0,0.9302898550723573,0.9402898550723452,24472,24493,GAAAAAGTCCTTATGACTTTCT,0.9901185770750988,0.8260869565217391,2,0,26821,26842,AGGTGATGGACACGATTGAGTG,1.0,1.0,0,0,2394,2441.8458498023715,150,60.0,0.14539446509706733,0.1753808151502676,0.09407948094079481,-0.08130133420947279,150,150,60.0,0,-0.08130133420947279,False
29,24401,25939,1539,1500,1500.0,1488,1526,1488.0,1506.0,0.9736700850354271,0.9998550724637668,0.9620289855072163,0.9278260869564595,0.9080219267974583,24472,24493,GAAAAAGTCCTTATGACTTTCT,0.9901185770750988,0.8260869565217391,2,0,25787,25808,CTTGCATTATATTGTAACATCG,1.0,1.0,0,0,1483,1490.9723320158103,88,58.666666666666664,0.1478494623655914,0.16778975741239893,0.08938172043010753,-0.0784080369822914,88,88,58.666666666666664,0,-0.0784080369822914,False
30,24301,25837,1537,1500,1500.0,1489,1527,1489.0,1507.0,0.9755311023733108,0.9998550724637668,0.9717391304347378,0.9302898550723573,0.9365726514352233,24472,24493,GAAAAAGTCCTTATGACTTTCT,0.9901185770750988,0.8260869565217391,2,0,25787,25808,CTTGCATTATATTGTAACATCG,1.0,1.0,0,0,1485,1492.6245059288538,80,53.333333333333336,0.13901947615849564,0.1595959595959596,0.08596373404969779,-0.07363222554626181,80,80,53.333333333333336,0,-0.07363222554626181,False
31,24401,27654,3254,3000,3000.0,2938,3067,2938.2,3029.0,0.9204724619865488,0.9998550724637668,1.0,0.9278260869564595,0.9460869565216611,24472,24493,GAAAAAGTCCTTATGACTTTCT,0.9901185770750988,0.8260869565217391,2,0,27554,27575,GACTACAGGCTTCCCTCCAAAC,0.9980237154150197,0.9565217391304348,1,0,2896,2945.324110671937,180,60.0,0.14041680901947387,0.1714092140921409,0.08815612382234186,-0.08325309026979905,180,180,60.0,0,-0.08325309026979905,False
32,24401,27138,2738,2500,2500.0,2432,2560,2433.0,2523.0,0.909375297741885,0.9998550724637668,1.0,0.9278260869564595,0.9342028985506112,24472,24493,GAAAAAGTCCTTATGACTTTCT,0.9901185770750988,0.8260869565217391,2,0,26974,26995,AGGAATTCGACGATGAGCGTGA,0.9901185770750989,0.8695652173913043,2,0,2394,2441.8458498023715,154,61.6,0.14415530772408097,0.17620605069501227,0.09124087591240876,-0.08496517478260351,154,154,61.6,0,-0.08496517478260351,False
33,24401,26638,2238,2000,2000.0,1932,2060,1933.0,2023.0,0.8891284920541916,0.9998550724637668,0.7133333333332242,0.9278260869564595,0.916387979964214,24472,24493,GAAAAAGTCCTTATGACTTTCT,0.9901185770750988,0.8260869565217391,2,0,26497,26518,TGGAAGTATGTTTTGCGGGTAC,0.9901185770750988,0.782608695652174,1,0,1894,1941.8458498023715,121,60.5,0.1556480999479438,0.18506998444790046,0.09715157680569685,-0.08791840764220361,121,121,60.5,0,-0.08791840764220361,False
34,24201,25746,1546,1500,1500.0,1495,1526,1496.0,1506.0,0.971567579728861,0.9760869565217278,0.9743478260869112,0.9195288704852889,0.9371532091096743,24472,24493,GAAAAAGTCCTTATGACTTTCT,0.9901185770750988,0.8260869565217391,2,0,25628,25649,AGACGAGCCTGTTGATGTACTA,0.9901185770750988,0.782608695652174,1,0,1483,1492.9802371541502,85,56.666666666666664,0.1463903743315508,0.16711590296495957,0.08902275769745649,-0.07809314526750308,85,85,56.666666666666664,0,-0.07809314526750308,False
35,24301,27554,3254,3000,3000.0,2938,3067,2938.2,3029.0,0.9204724619865488,0.9998550724637668,0.9807246376811357,0.9302898550723573,0.9223061881756439,24472,24493,GAAAAAGTCCTTATGACTTTCT,0.9901185770750988,0.8260869565217391,2,0,27494,27515,CCAAAGAGTGCATGGCGGATCT,0.9584980237154149,0.6086956521739131,3,0,2896,2945.324110671937,181,60.333333333333336,0.14485821660403142,0.17389818927229245,0.09118438761776582,-0.08271380165452663,181,181,60.333333333333336,0,-0.08271380165452663,False
36,24201,27462,3262,3000,3000.0,2946,3064,2946.2,3034.0,0.9184815930477064,0.9760869565217278,0.9644927536231626,0.9195288704852889,0.9121395215089675,24472,24493,GAAAAAGTCCTTATGACTTTCT,0.9901185770750988,0.8260869565217391,2,0,27184,27205,GGATTGAGCAGTACAACTTTGG,0.9703557312252965,0.5652173913043478,2,0,2893,2943.498023715415,190,63.333333333333336,0.14865325605182408,0.18042291950886766,0.09341397849462366,-0.087008941014244,190,190,63.333333333333336,0,-0.087008941014244,False
37,8901,11661,2761,2500,2500.0,2318,2667,2338.2,2666.0,0.9041147662314799,1.0,0.7243478260867596,0.9394202898550581,0.879760297673353,9143,9164,AGCGGGTTCGGGCTGGCTGAAT,0.992094861660079,0.8260869565217391,1,0,11417,11438,TGCTTACCTCTCCTTGCATCAT,0.9723320158102768,0.5652173913043478,3,0,2118,2365.3715415019765,179,71.6,0.17532971295577968,0.2541557305336833,0.09340866290018833,-0.16074706763349494,179,179,71.6,0,-0.16074706763349494,False
38,24201,27968,3768,3500,3500.0,3444,3564,3445.0,3538.0,0.9278477799316597,0.9760869565217278,0.9801449275362514,0.9195288704852889,0.901099190664269,24472,24493,GAAAAAGTCCTTATGACTTTCT,0.9901185770750988,0.8260869565217391,2,0,27710,27731,TCAACACTAGCGTGCGCCTTCT,0.9505928853754941,0.4782608695652174,3,0,3392,3442.122529644269,208,59.42857142857143,0.15398075240594924,0.18276762402088773,0.0949367088607595,-0.08783091516012823,208,208,59.42857142857143,0,-0.08783091516012823,False
39,8901,11008,2108,2000,2000.0,1860,2035,1939.0,2034.0,0.9431358798778872,1.0,0.9808695652172871,0.9394202898550581,0.8887593324549319,9143,9164,AGCGGGTTCGGGCTGGCTGAAT,0.992094861660079,0.8260869565217391,1,0,10870,10891,CCAAACTCGCACAAGTCTCATG,0.9565217391304348,0.2608695652173913,2,0,1729,1935.2608695652175,161,80.5,0.17677286742034942,0.25115562403698,0.0874938210578349,-0.1636618029791451,161,161,80.5,0,-0.1636618029791451,False
40,25401,27114,1714,1500,1500.0,1445,1557,1446.0,1536.0,0.8722033382374886,0.9998550724637728,1.0,0.938985507246313,0.9388405797100252,25628,25649,TAGTACATCAACAGGCTCGTCT,0.9901185770750988,0.782608695652174,1,0,26821,26842,AGGTGATGGACACGATTGAGTG,1.0,1.0,0,0,1409,1451.4229249011858,95,63.333333333333336,0.1506276150627615,0.18377253814147018,0.09330628803245436,-0.09046625010901582,95,95,63.333333333333336,0,-0.09046625010901582,False
41,25201,26937,1737,1500,1500.0,1434,1562,1435.0,1525.0,0.8587770018271729,0.9123188405795857,1.0,0.9298136645962223,0.9305797101447872,25287,25308,GGTGGATTCGTCTTACCTCAAA,0.9901185770750988,0.782608695652174,1,0,26821,26842,AGGTGATGGACACGATTGAGTG,1.0,1.0,0,0,1398,1444.00790513834,91,60.666666666666664,0.15881939564300773,0.18867924528301888,0.10013623978201634,-0.08854300550100254,91,91,60.666666666666664,0,-0.08854300550100254,False
42,25401,27625,2225,2000,2000.0,1946,2067,1946.2,2037.0,0.8967659990229232,0.9998550724637728,1.0,0.938985507246313,0.9428985507245671,25628,25649,TAGTACATCAACAGGCTCGTCT,0.9901185770750988,0.782608695652174,1,0,27554,27575,GACTACAGGCTTCCCTCCAAAC,0.9980237154150197,0.9565217391304348,1,0,1904,1949.901185770751,121,60.5,0.14573643410852713,0.17292846114256305,0.08787878787878788,-0.08504967326377517,121,121,60.5,0,-0.08504967326377517,False
43,25501,27725,2225,2000,2000.0,1946,2067,1946.2,2037.0,0.8967855398143246,0.9717391304347378,1.0,0.936282796362769,0.9466666666666302,25628,25649,TAGTACATCAACAGGCTCGTCT,0.9901185770750988,0.782608695652174,1,0,27554,27575,GACTACAGGCTTCCCTCCAAAC,0.9980237154150197,0.9565217391304348,1,0,1904,1949.98814229249,120,60.0,0.14418604651162792,0.17601646937725168,0.08888888888888889,-0.08712758048836279,120,120,60.0,0,-0.08712758048836279,False
44,25101,27855,2755,2500,2500.0,2433,2564,2434.0,2529.0,0.90471080249345,0.9031884057969849,0.9873913043478508,0.9331469979295071,0.9311198945981232,25287,25308,GGTGGATTCGTCTTACCTCAAA,0.9901185770750988,0.782608695652174,1,0,27556,27577,GCGACTACAGGCTTCCCTCCAA,0.9960474308300394,0.9130434782608695,1,0,2392,2441.691699604743,150,60.0,0.14486174164259183,0.176062091503268,0.08859223300970874,-0.08746985849355925,150,150,60.0,0,-0.08746985849355925,False
45,25501,27214,1714,1500,1500.0,1445,1557,1446.0,1536.0,0.8722287047840861,0.9717391304347378,1.0,0.936282796362769,0.9330434782607699,25628,25649,TAGTACATCAACAGGCTCGTCT,0.9901185770750988,0.782608695652174,1,0,26974,26995,AGGAATTCGACGATGAGCGTGA,0.9901185770750989,0.8695652173913043,2,0,1409,1451.509881422925,96,64.0,0.14714086471408647,0.18377253814147018,0.09330628803245436,-0.09046625010901582,96,96,64.0,0,-0.09046625010901582,False
46,25101,27354,2254,2000,2000.0,1938,2067,1938.2,2029.0,0.8852089039774178,0.9031884057969849,0.9644927536231626,0.9331469979295071,0.906052564987258,25287,25308,GGTGGATTCGTCTTACCTCAAA,0.9901185770750988,0.782608695652174,1,0,27094,27115,GGGCTTCTCTATGGCCCAAGGA,0.9802371541501976,0.8260869565217391,3,0,1896,1945.411067193676,132,66.0,0.14270887389724962,0.1834625322997416,0.0922920892494929,-0.0911704430502487,132,132,66.0,0,-0.0911704430502487,False
47,8101,9644,1544,1500,1500.0,1463,1506,1472.0,1504.4,0.9678136967785597,0.9002898550724846,0.9498550724637729,0.8756983294589039,0.8925631106752311,8378,8399,TCCAACTCTTCTGTGATGTCCT,0.9822134387351779,0.782608695652174,2,0,9352,9373,ATATGGGCTATCCCGAGATGTT,0.9802371541501976,0.782608695652174,2,0,1428,1476.501976284585,132,88.0,0.1562714187799863,0.20766550522648083,0.10644257703081232,-0.10122292819566851,132,132,88.0,0,-0.10122292819566851,False
48,35901,37407,1507,1500,1500.0,1482,1502,1485.0,1502.0,0.992412221228465,0.9998550724637728,0.9673913043477781,0.9469038208167452,0.8820075626874798,36161,36182,GACGGATTCTTGGGTCTTACCA,0.9901185770750988,0.782608695652174,1,0,37130,37151,TCTTGCCTGGAATTGCCTTGGG,0.9861660079051383,0.6956521739130435,1,0,1475,1489.5415019762845,108,72.0,0.175,0.18413978494623656,0.10430686406460296,-0.0798329208816336,108,108,72.0,0,-0.0798329208816336,False
49,25101,26838,1738,1500,1500.0,1432,1560,1433.0,1523.0,0.857257217191111,0.9031884057969849,0.9205797101449086,0.9331469979295071,0.9250676328500776,25287,25308,GGTGGATTCGTCTTACCTCAAA,0.9901185770750988,0.782608695652174,1,0,26785,26806,ACGTCACGTGGCACTTGTGCGA,0.9762845849802372,0.6521739130434783,3,0,1395,1441.9328063241107,96,64.0,0.1534130893736805,0.19244226731980407,0.09754433833560709,-0.09489792898419698,96,96,64.0,0,-0.09489792898419698,False
50,8301,11562,3262,3000,3000.0,2908,3167,2928.2,3164.0,0.9305707354783452,0.9985507246376831,0.8302898550723482,0.9270117322291268,0.8753014956057935,8378,8399,TCCAACTCTTCTGTGATGTCCT,0.9822134387351779,0.782608695652174,2,0,11417,11438,TGCTTACCTCTCCTTGCATCAT,0.9723320158102768,0.5652173913043478,3,0,2707,2927.083003952569,223,74.33333333333333,0.1669373173108152,0.2336350974930362,0.09137055837563451,-0.1422645391174017,223,223,74.33333333333333,0,-0.1422645391174017,False
51,9301,11469,2169,2000,2000.0,1892,2080,1911.4,2079.0,0.9158097299897555,0.9711594202898596,0.8920289855071527,0.8973560713377507,0.8731209997730912,9352,9373,AACATCTCGGGATAGCCCATAT,0.9802371541501976,0.782608695652174,2,0,11417,11438,TGCTTACCTCTCCTTGCATCAT,0.9723320158102768,0.5652173913043478,3,0,1693,1902.9288537549407,140,70.0,0.19186338523355098,0.2803191489361702,0.09671179883945841,-0.1836073500967118,140,140,70.0,0,-0.1836073500967118,False
52,25201,27451,2251,2000,2000.0,1938,2067,1938.2,2029.0,0.8862920827457788,0.9123188405795857,0.9644927536231626,0.9298136645962223,0.912429376581434,25287,25308,GGTGGATTCGTCTTACCTCAAA,0.9901185770750988,0.782608695652174,1,0,27184,27205,GGATTGAGCAGTACAACTTTGG,0.9703557312252965,0.5652173913043478,2,0,1896,1945.4861660079052,128,64.0,0.1484172288531396,0.18397932816537468,0.09279918864097363,-0.09118013952440106,128,128,64.0,0,-0.09118013952440106,False
53,8201,9724,1524,1500,1500.0,1444,1505,1481.0,1503.6,0.980343489672494,0.9669565217391574,0.959130434782616,0.8976869710508133,0.870485815989244,8378,8399,TCCAACTCTTCTGTGATGTCCT,0.9822134387351779,0.782608695652174,2,0,9496,9517,TATACACGATGTTGCCACAAGT,0.9505928853754942,0.5217391304347826,3,0,1432,1480.5296442687747,137,91.33333333333333,0.15384615384615385,0.19692737430167598,0.09388038942976357,-0.10304698487191241,137,137,91.33333333333333,0,-0.10304698487191241,False
54,25201,27957,2757,2500,2500.0,2436,2567,2437.0,2533.0,0.9050007096560114,0.9123188405795857,0.9801449275362514,0.9298136645962223,0.9050122341425595,25287,25308,GGTGGATTCGTCTTACCTCAAA,0.9901185770750988,0.782608695652174,1,0,27710,27731,TCAACACTAGCGTGCGCCTTCT,0.9505928853754941,0.4782608695652174,3,0,2395,2444.110671936759,146,58.4,0.15476681799422204,0.18285714285714286,0.09304207119741101,-0.08981507165973185,146,146,58.4,0,-0.08981507165973185,False
55,8301,10908,2608,2500,2500.0,2359,2534,2476.0,2531.0,0.955188050146709,0.9985507246376831,0.992318840579707,0.9270117322291268,0.8925798356232675,8378,8399,TCCAACTCTTCTGTGATGTCCT,0.9822134387351779,0.782608695652174,2,0,10870,10891,CCAAACTCGCACAAGTCTCATG,0.9565217391304348,0.2608695652173913,2,0,2277,2441.276679841897,200,80.0,0.16639411283728536,0.22636103151862463,0.08733624454148471,-0.13902478697713994,200,200,80.0,0,-0.13902478697713994,False
56,9301,10903,1603,1500,1500.0,1360,1535,1477.0,1534.0,0.9304564810545497,0.9711594202898596,0.993043478260873,0.8973560713377507,0.8921187025534345,9352,9373,AACATCTCGGGATAGCCCATAT,0.9802371541501976,0.782608695652174,2,0,10870,10891,CCAAACTCGCACAAGTCTCATG,0.9565217391304348,0.2608695652173913,2,0,1281,1443.99604743083,118,78.66666666666667,0.20055325034578148,0.28206896551724137,0.09323703217334209,-0.18883193334389928,118,118,78.66666666666667,0,-0.18883193334389928,False
57,35601,37102,1502,1500,1500.0,1497,1502,1499.0,1502.0,0.9989000173681514,1.0,0.9962318840579731,0.9286956521737375,0.9177511528330069,35786,35807,GTTCACATCAGGGATTCATCCT,0.9861660079051383,0.7391304347826086,2,0,36837,36858,TCCATCGCTCAGGCTTGAACTT,0.9881422924901186,0.8260869565217391,2,0,1493,1499.0158102766798,99,66.0,0.15076717811874582,0.16333333333333333,0.07476635514018691,-0.08856697819314642,99,99,66.0,0,-0.08856697819314642,False
58,35701,37202,1502,1500,1500.0,1497,1502,1499.0,1502.0,0.9989000173681514,1.0,0.9962318840579731,0.9285507246374982,0.920939558630101,35786,35807,GTTCACATCAGGGATTCATCCT,0.9861660079051383,0.7391304347826086,2,0,37130,37151,TCTTGCCTGGAATTGCCTTGGG,0.9861660079051383,0.6956521739130435,1,0,1493,1499.0158102766798,105,70.0,0.15476984656437626,0.16466666666666666,0.07610146862483311,-0.08856519804183355,105,105,70.0,0,-0.08856519804183355,False
59,8801,11561,2761,2500,2500.0,2408,2667,2428.2,2666.0,0.918287325008241,1.0,0.8305797101448116,0.9266666666666424,0.8753014956057935,9018,9039,TCATCAAGTGGTCGGGTCCCGA,0.9861660079051383,0.7391304347826086,2,0,11417,11438,TGCTTACCTCTCCTTGCATCAT,0.9723320158102768,0.5652173913043478,3,0,2208,2427.624505928854,191,76.4,0.1730023273855702,0.2529461279461279,0.09114877589453861,-0.1617973520515893,191,191,76.4,0,-0.1617973520515893,False
60,8801,10908,2108,2000,2000.0,1860,2035,1976.0,2034.0,0.9447652833924631,1.0,0.992318840579707,0.9266666666666424,0.8925798356232675,9018,9039,TCATCAAGTGGTCGGGTCCCGA,0.9861660079051383,0.7391304347826086,2,0,10870,10891,CCAAACTCGCACAAGTCTCATG,0.9565217391304348,0.2608695652173913,2,0,1778,1942.1264822134387,168,84.0,0.17420349434737925,0.24807395993836673,0.08601087493821058,-0.16206308500015615,168,168,84.0,0,-0.16206308500015615,False
61,25301,27014,1714,1500,1500.0,1445,1557,1446.0,1536.0,0.8722033382374886,0.9998550724637728,1.0,0.9382608695651652,0.9352173913042133,25547,25568,AGTATAGTCAACAGCCACTCTC,0.9861660079051383,0.6956521739130435,1,0,26821,26842,AGGTGATGGACACGATTGAGTG,1.0,1.0,0,0,1409,1451.4229249011858,89,59.333333333333336,0.15271966527196654,0.18169209431345354,0.09465855307640297,-0.08703354123705057,89,89,59.333333333333336,0,-0.08703354123705057,False
62,14701,17839,3139,3000,3000.0,2936,3022,2968.8,3016.4,0.9544025375015631,1.0,0.972318840579707,0.9110144927536324,0.9131670326452876,14718,14739,CTGGGAAGAGACTGCATGGATG,0.9822134387351779,0.6956521739130435,3,0,17639,17660,ATGTCGTTCTCAACCAAGGTCT,0.9980237154150197,0.9565217391304348,1,0,2889,2951.7312252964425,168,56.0,0.17830253251197808,0.21715265866209263,0.08803301237964237,-0.12911964628245026,168,168,56.0,0,-0.12911964628245026,False
63,14601,17735,3135,3000,3000.0,2937,3018,2969.8,3012.4,0.9552458220650484,1.0,0.9817391304347741,0.9155072463768313,0.9248916703264574,14718,14739,CTGGGAAGAGACTGCATGGATG,0.9822134387351779,0.6956521739130435,3,0,17639,17660,ATGTCGTTCTCAACCAAGGTCT,0.9980237154150197,0.9565217391304348,1,0,2890,2951.8418972332015,168,56.0,0.17858364693807732,0.21604938271604937,0.08525266414575455,-0.13079671857029482,168,168,56.0,0,-0.13079671857029482,False
64,24901,27654,2754,2500,2500.0,2438,2567,2438.2,2529.0,0.9060496984622729,0.990724637681172,1.0,0.9288405797099889,0.9460869565216611,25085,25106,GGGCCTGATTGCAAAGCTGTGG,0.9782608695652173,0.6956521739130435,3,0,27554,27575,GACTACAGGCTTCCCTCCAAAC,0.9980237154150197,0.9565217391304348,1,0,2396,2445.411067193676,157,62.8,0.14256283477544293,0.17741273100616017,0.0889967637540453,-0.08841596725211487,157,157,62.8,0,-0.08841596725211487,False
65,25001,27754,2754,2500,2500.0,2438,2567,2438.2,2529.0,0.9060496984622729,0.9031884057969849,1.0,0.9256107660454169,0.9542028985506962,25085,25106,GGGCCTGATTGCAAAGCTGTGG,0.9782608695652173,0.6956521739130435,3,0,27554,27575,GACTACAGGCTTCCCTCCAAAC,0.9980237154150197,0.9565217391304348,1,0,2396,2445.411067193676,150,60.0,0.14173877214668315,0.17371663244353183,0.08737864077669903,-0.0863379916668328,150,150,60.0,0,-0.0863379916668328,False
66,14501,18170,3670,3500,3500.0,3447,3542,3468.8,3524.8,0.9526714844212778,1.0,0.9068115942028574,0.9053623188405922,0.9005449744675692,14718,14739,CTGGGAAGAGACTGCATGGATG,0.9822134387351779,0.6956521739130435,3,0,17904,17925,AAACTGTTCTTGCCAGCATCAT,0.9960474308300394,0.9130434782608695,1,0,3359,3437.9604743083005,204,58.285714285714285,0.17746643315820199,0.21759530791788856,0.08806319485078994,-0.1295321130670986,204,204,58.285714285714285,0,-0.1295321130670986,False
67,16601,18157,1557,1500,1500.0,1483,1523,1484.0,1518.0,0.9642009438440671,1.0,0.9014492753622775,0.9426086956521734,0.8986919723971671,16747,16768,ATGCTTGAACAAGAGCCTACCT,0.9762845849802372,0.6956521739130435,2,0,17904,17925,AAACTGTTCTTGCCAGCATCAT,0.9960474308300394,0.9130434782608695,1,0,1458,1483.209486166008,80,53.333333333333336,0.13694054776219106,0.17213663764233086,0.07687210072895957,-0.09526453691337129,80,80,53.333333333333336,0,-0.09526453691337129,False
68,16501,18026,1526,1500,1500.0,1488,1513,1490.0,1501.8,0.9811955097156587,1.0,0.9818840579710195,0.9436231884057997,0.9134133885437828,16747,16768,ATGCTTGAACAAGAGCCTACCT,0.9762845849802372,0.6956521739130435,2,0,17904,17925,AAACTGTTCTTGCCAGCATCAT,0.9960474308300394,0.9130434782608695,1,0,1482,1492.2529644268775,74,49.333333333333336,0.12693082605775688,0.15214477211796246,0.06702412868632708,-0.08512064343163538,74,74,49.333333333333336,0,-0.08512064343163538,False
69,34001,36690,2690,2500,2500.0,2456,2534,2459.4,2511.6,0.9271375464683731,0.859275362318925,0.9995652173913185,0.9186884842209838,0.9211001317521611,34063,34084,CAAAGAGGGGCAAGGCGCTCCA,0.9861660079051383,0.6956521739130435,1,0,36416,36437,TACCCTCATCGAGCATTCGCTC,0.9940711462450593,0.8695652173913043,1,0,2397,2448.181818181818,171,68.4,0.17152373022481265,0.2032520325203252,0.09508329947175945,-0.10816873304856575,171,171,68.4,0,-0.10816873304856575,False
70,24901,27138,2238,2000,2000.0,1932,2060,1933.0,2023.0,0.8891479193378691,0.990724637681172,1.0,0.9288405797099889,0.9342028985506112,25085,25106,GGGCCTGATTGCAAAGCTGTGG,0.9782608695652173,0.6956521739130435,3,0,26974,26995,AGGAATTCGACGATGAGCGTGA,0.9901185770750989,0.8695652173913043,2,0,1895,1941.9328063241107,131,65.5,0.14731910463300366,0.18766200103680664,0.09409969481180061,-0.09356230622500603,131,131,65.5,0,-0.09356230622500603,False
71,25001,27248,2248,2000,2000.0,1938,2066,1939.0,2029.0,0.8874748568775618,0.9031884057969849,0.9837681159420268,0.9256107660454169,0.9318623188404914,25085,25106,GGGCCTGATTGCAAAGCTGTGG,0.9782608695652173,0.6956521739130435,3,0,26974,26995,AGGAATTCGACGATGAGCGTGA,0.9901185770750989,0.8695652173913043,2,0,1896,1945.9407114624505,130,65.0,0.14374675661650232,0.18294573643410852,0.0922920892494929,-0.09065364718461562,130,130,65.0,0,-0.09065364718461562,False
72,35101,36628,1528,1500,1500.0,1496,1514,1499.0,1514.0,0.9843216480764987,0.9268115942029423,0.9995652173913185,0.9089268461006335,0.9100856389985226,35233,35254,ACAAGGTACCTAATGCTTCATT,0.9822134387351779,0.6956521739130435,2,0,36416,36437,TACCCTCATCGAGCATTCGCTC,0.9940711462450593,0.8695652173913043,1,0,1489,1498.403162055336,102,68.0,0.15517241379310345,0.1882510013351135,0.08586525759577279,-0.1023857437393407,102,102,68.0,0,-0.1023857437393407,False
73,35201,36716,1516,1500,1500.0,1497,1509,1500.0,1502.0,0.990076861305496,0.9504347826086814,0.9995652173913185,0.9088405797099768,0.9295059288536262,35233,35254,ACAAGGTACCTAATGCTTCATT,0.9822134387351779,0.6956521739130435,2,0,36417,36438,GTACCCTCATCGAGCATTCGCT,0.9940711462450593,0.8695652173913043,1,0,1496,1499.4189723320158,99,66.0,0.14209472981987992,0.1781187458305537,0.0758988015978695,-0.1022199442326842,99,99,66.0,0,-0.1022199442326842,False
74,35001,36529,1529,1500,1500.0,1498,1514,1499.0,1514.0,0.9837347513293828,0.9604347826087541,1.0,0.9134195997238203,0.9343478260868142,35233,35254,ACAAGGTACCTAATGCTTCATT,0.9822134387351779,0.6956521739130435,2,0,36416,36437,TACCCTCATCGAGCATTCGCTC,0.9940711462450593,0.8695652173913043,1,0,1491,1498.5770750988142,93,62.0,0.15384615384615385,0.18090787716955942,0.08586525759577279,-0.09504261957378662,93,93,62.0,0,-0.09504261957378662,False
75,35001,37029,2029,2000,2000.0,1994,2012,1997.0,2011.0,0.9869500932136313,0.9604347826087541,0.9950724637681196,0.9134195997238203,0.9090714991533847,35233,35254,ACAAGGTACCTAATGCTTCATT,0.9822134387351779,0.6956521739130435,2,0,36837,36858,TCCATCGCTCAGGCTTGAACTT,0.9881422924901186,0.8260869565217391,2,0,1983,1995.6798418972332,135,67.5,0.1596009975062344,0.18405215646940823,0.09154228855721393,-0.0925098679121943,135,135,67.5,0,-0.0925098679121943,False
76,35101,37128,2028,2000,2000.0,1994,2012,1997.0,2011.0,0.9874581939799437,0.9268115942029423,0.9962318840579731,0.9089268461006335,0.9206497035576224,35233,35254,ACAAGGTACCTAATGCTTCATT,0.9822134387351779,0.6956521739130435,2,0,36837,36858,TCCATCGCTCAGGCTTGAACTT,0.9881422924901186,0.8260869565217391,2,0,1983,1995.7667984189723,133,66.5,0.16059850374064838,0.18004012036108324,0.09054726368159204,-0.08949285667949121,133,133,66.5,0,-0.08949285667949121,False
77,14701,16811,2111,2000,2000.0,1936,2018,1969.8,2013.0,0.9445554342677107,1.0,1.0,0.9110144927536324,0.94463768115942,14718,14739,CTGGGAAGAGACTGCATGGATG,0.9822134387351779,0.6956521739130435,3,0,16771,16792,ATAGCTGATTGACATATGCTTT,0.992094861660079,0.8260869565217391,1,0,1891,1953.7470355731225,117,58.5,0.20228215767634855,0.24634655532359082,0.09433962264150944,-0.15200693268208137,117,117,58.5,0,-0.15200693268208137,False
78,34001,36187,2187,2000,2000.0,1953,2031,1956.4,2008.6,0.9104391562791624,0.859275362318925,0.9998550724637728,0.9186884842209838,0.9447299077732532,34063,34084,CAAAGAGGGGCAAGGCGCTCCA,0.9861660079051383,0.6956521739130435,1,0,36161,36182,TGGTAAGACCCAAGAATCCGTC,0.9901185770750988,0.782608695652174,1,0,1894,1945.4426877470355,136,68.0,0.18167456556082148,0.2157867760123014,0.10010214504596528,-0.11568463096633612,136,136,68.0,0,-0.11568463096633612,False
79,24901,26638,1738,1500,1500.0,1432,1560,1433.0,1523.0,0.857257217191111,0.990724637681172,0.7133333333332242,0.9288405797099889,0.916387979964214,25085,25106,GGGCCTGATTGCAAAGCTGTGG,0.9782608695652173,0.6956521739130435,3,0,26497,26518,TGGAAGTATGTTTTGCGGGTAC,0.9901185770750988,0.782608695652174,1,0,1395,1441.9328063241107,98,65.33333333333333,0.16396903589021816,0.20363890832750176,0.10300136425648022,-0.10063754407102153,98,98,65.33333333333333,0,-0.10063754407102153,False
80,25001,26738,1738,1500,1500.0,1432,1560,1433.0,1523.0,0.857257217191111,0.9031884057969849,0.8226086956521855,0.9256107660454169,0.9115244851764873,25085,25106,GGGCCTGATTGCAAAGCTGTGG,0.9782608695652173,0.6956521739130435,3,0,26497,26518,TGGAAGTATGTTTTGCGGGTAC,0.9901185770750988,0.782608695652174,1,0,1395,1441.9328063241107,96,64.0,0.16045038705137227,0.1994401679496151,0.10163710777626193,-0.09780306017335318,96,96,64.0,0,-0.09780306017335318,False
81,14501,17111,2611,2500,2500.0,2436,2518,2469.8,2513.0,0.9551729305779921,1.0,1.0,0.9053623188405922,0.9381159420289623,14718,14739,CTGGGAAGAGACTGCATGGATG,0.9822134387351779,0.6956521739130435,3,0,17077,17098,GTCGCTTGCGCACCTTCATGCT,0.9881422924901186,0.7391304347826086,1,0,2391,2453.7470355731225,146,58.4,0.1857495881383855,0.23054635761589404,0.08596345514950166,-0.14458290246639238,146,146,58.4,0,-0.14458290246639238,False
82,14601,17230,2630,2500,2500.0,2436,2518,2471.2,2512.4,0.9487353281534199,1.0,0.9407246376811903,0.9155072463768313,0.9310474308300278,14718,14739,CTGGGAAGAGACTGCATGGATG,0.9822134387351779,0.6956521739130435,3,0,17077,17098,GTCGCTTGCGCACCTTCATGCT,0.9881422924901186,0.7391304347826086,1,0,2390,2453.6284584980235,140,56.0,0.18492586490939045,0.22723509933774835,0.08679401993355482,-0.14044107940419354,140,140,56.0,0,-0.14044107940419354,False
83,14701,17330,2630,2500,2500.0,2436,2518,2471.2,2512.4,0.9487353281534199,1.0,0.9407246376811903,0.9110144927536324,0.9366996047430742,14718,14739,CTGGGAAGAGACTGCATGGATG,0.9822134387351779,0.6956521739130435,3,0,17077,17098,GTCGCTTGCGCACCTTCATGCT,0.9881422924901186,0.7391304347826086,1,0,2390,2453.6284584980235,138,55.2,0.18410214168039538,0.22723509933774835,0.08762458471760798,-0.13961051462014037,138,138,55.2,0,-0.13961051462014037,False
84,34001,37190,3190,3000,3000.0,2952,3032,2958.4,3011.6,0.9380945890690782,0.859275362318925,0.9962318840579731,0.9186884842209838,0.9244178194996736,34063,34084,CAAAGAGGGGCAAGGCGCTCCA,0.9861660079051383,0.6956521739130435,1,0,37130,37151,TCTTGCCTGGAATTGCCTTGGG,0.9861660079051383,0.6956521739130435,1,0,2893,2945.5454545454545,207,69.0,0.17247326664367024,0.19743069641649763,0.0977341900574907,-0.09969650635900693,207,207,69.0,0,-0.09969650635900693,False
85,35201,37218,2018,2000,2000.0,1994,2011,1996.2,2002.8,0.9911880036195976,0.9504347826086814,0.9920289855072406,0.9088405797099768,0.9155983750552453,35233,35254,ACAAGGTACCTAATGCTTCATT,0.9822134387351779,0.6956521739130435,2,0,37130,37151,TCTTGCCTGGAATTGCCTTGGG,0.9861660079051383,0.6956521739130435,1,0,1988,1996.5454545454545,138,69.0,0.154039136979428,0.17826740110165248,0.08608608608608609,-0.0921813150155664,138,138,69.0,0,-0.0921813150155664,False
86,35801,37302,1502,1500,1500.0,1487,1502,1490.0,1502.0,0.996265848433966,0.9998550724637728,0.986521739130391,0.9399472990775515,0.9181176281451432,35934,35955,GCTACCTGAACCCTTACTTCTC,0.9841897233201582,0.6956521739130435,2,0,37130,37151,TCTTGCCTGGAATTGCCTTGGG,0.9861660079051383,0.6956521739130435,1,0,1482,1492.2727272727273,108,72.0,0.16072629455279086,0.16655473472128945,0.09011432414256892,-0.07644041057872053,108,108,72.0,0,-0.07644041057872053,False
87,34001,35687,1687,1500,1500.0,1453,1531,1456.4,1508.6,0.8839205175123865,0.859275362318925,0.9933333333333333,0.9186884842209838,0.9313043478259351,34063,34084,CAAAGAGGGGCAAGGCGCTCCA,0.9861660079051383,0.6956521739130435,1,0,35608,35629,CAAGGTAGGGTCCAATGGCAGC,0.9782608695652175,0.6956521739130435,3,0,1395,1445.5296442687747,104,69.33333333333333,0.19942816297355254,0.23335621139327384,0.12071330589849108,-0.11264290549478276,104,104,69.33333333333333,0,-0.11264290549478276,False
88,25301,27525,2225,2000,2000.0,1946,2067,1946.2,2037.0,0.8967659990229232,0.9998550724637728,0.9653623188405497,0.9382608695651652,0.9116757533930164,25547,25568,AGTATAGTCAACAGCCACTCTC,0.9861660079051383,0.6956521739130435,1,0,27494,27515,CCAAAGAGTGCATGGCGGATCT,0.9584980237154149,0.6086956521739131,3,0,1904,1949.901185770751,121,60.5,0.14935400516795866,0.17653113741636645,0.0893939393939394,-0.08713719802242705,121,121,60.5,0,-0.08713719802242705,False
89,14601,16711,2111,2000,2000.0,1936,2018,1969.8,2013.0,0.9445554342677107,1.0,1.0,0.9155072463768313,0.9298550724637668,14718,14739,CTGGGAAGAGACTGCATGGATG,0.9822134387351779,0.6956521739130435,3,0,16687,16708,AACGAGTATGATTCTCTCGATC,0.9565217391304348,0.6086956521739131,3,0,1891,1953.7470355731225,121,60.5,0.2059128630705394,0.24947807933194155,0.09276729559748427,-0.1567107837344573,121,121,60.5,0,-0.1567107837344573,False
90,14501,17635,3135,3000,3000.0,2937,3018,2969.8,3012.4,0.9552458220650484,1.0,0.9817391304347741,0.9053623188405922,0.9157612355438384,14718,14739,CTGGGAAGAGACTGCATGGATG,0.9822134387351779,0.6956521739130435,3,0,17516,17537,CGGCAACAAAACTGCCGCCTTT,0.9802371541501976,0.5652173913043478,1,0,2890,2951.8418972332015,176,58.666666666666664,0.17908407382091593,0.22119341563786007,0.08628394637332416,-0.1349094692645359,176,176,58.666666666666664,0,-0.1349094692645359,False
91,14501,16611,2111,2000,2000.0,1936,2018,1969.8,2013.0,0.9445554342677107,1.0,0.9901449275362332,0.9053623188405922,0.9158178053830306,14718,14739,CTGGGAAGAGACTGCATGGATG,0.9822134387351779,0.6956521739130435,3,0,16522,16543,CTGGACCATACTTCATATGAAG,0.9802371541501976,0.5652173913043478,1,0,1891,1953.7470355731225,124,62.0,0.21006224066390042,0.2546972860125261,0.09643605870020965,-0.15826122731231645,124,124,62.0,0,-0.15826122731231645,False
92,25301,28031,2731,2500,2500.0,2443,2566,2444.0,2540.0,0.9135529269418469,0.9998550724637728,0.9786956521739315,0.9382608695651652,0.8709096700399459,25547,25568,AGTATAGTCAACAGCCACTCTC,0.9861660079051383,0.6956521739130435,1,0,27743,27764,CCATCATGGAGAACTTTCCCAC,0.9545454545454546,0.2608695652173913,3,0,2402,2447.8339920948615,145,58.0,0.16213991769547326,0.18844118844118843,0.09479628882613957,-0.09364489961504886,145,145,58.0,0,-0.09364489961504886,False
93,16201,17730,1530,1500,1500.0,1475,1514,1490.8,1504.8,0.9793691389599379,0.9723188405797191,0.9817391304347741,0.8884362662060691,0.923877177572837,16283,16304,CCCTGTGGCCCTTGTTGGCCTT,0.9802371541501976,0.6521739130434783,2,0,17639,17660,ATGTCGTTCTCAACCAAGGTCT,0.9980237154150197,0.9565217391304348,1,0,1466,1491.4189723320158,74,49.333333333333336,0.13526244952893673,0.16666666666666666,0.07046979865771812,-0.09619686800894854,74,74,49.333333333333336,0,-0.09619686800894854,False
94,16101,18191,2091,2000,2000.0,1967,2038,1983.2,2024.8,0.9571455305345944,0.9120289855072891,0.88492753623185,0.8765055093622626,0.9017043947574166,16283,16304,CCCTGTGGCCCTTGTTGGCCTT,0.9802371541501976,0.6521739130434783,2,0,17904,17925,AAACTGTTCTTGCCAGCATCAT,0.9960474308300394,0.9130434782608695,1,0,1916,1974.0750988142292,110,55.0,0.14682139253279516,0.1831907398087569,0.0815,-0.10169073980875691,110,110,55.0,0,-0.10169073980875691,False
95,16101,17650,1550,1500,1500.0,1469,1521,1490.2,1512.0,0.9679663394109523,0.9120289855072891,0.9817391304347741,0.8765055093622626,0.9203989167032584,16283,16304,CCCTGTGGCCCTTGTTGGCCTT,0.9802371541501976,0.6521739130434783,2,0,17516,17537,CGGCAACAAAACTGCCGCCTTT,0.9802371541501976,0.5652173913043478,1,0,1453,1489.6600790513835,82,54.666666666666664,0.1414141414141414,0.17737617135207498,0.07588985896574882,-0.10148631238632616,82,82,54.666666666666664,0,-0.10148631238632616,False
96,33401,36606,3206,3000,3000.0,2949,3037,2952.4,3011.6,0.9328161870405698,0.9856521739129918,0.9995652173913185,0.93365369946594,0.9118247694332846,33480,33501,AAGACCCTCAGACATTGTTGTC,0.9762845849802372,0.6086956521739131,2,0,36416,36437,TACCCTCATCGAGCATTCGCTC,0.9940711462450593,0.8695652173913043,1,0,2883,2940.675889328063,193,64.33333333333333,0.16735966735966737,0.19551173070384223,0.0912483039348711,-0.10426342676897113,193,193,64.33333333333333,0,-0.10426342676897113,False
97,33501,36706,3206,3000,3000.0,2953,3050,2956.4,3011.6,0.9341587783774701,1.0,0.9995652173913185,0.9294202898549702,0.9287812911724662,33634,33655,AGCGACAGAAAAAGCGCTTGAA,0.9584980237154151,0.6086956521739131,3,0,36416,36437,TACCCTCATCGAGCATTCGCTC,0.9940711462450593,0.8695652173913043,1,0,2896,2947.114624505929,191,63.666666666666664,0.16557433597792343,0.1922816519972918,0.09050996285038838,-0.10177168914690342,191,191,63.666666666666664,0,-0.10177168914690342,False
98,33301,36512,3212,3000,3000.0,2945,3034,2948.4,3009.8,0.9304239536520309,0.9582608695651652,1.0,0.9273896431561176,0.9365217391303061,33480,33501,AAGACCCTCAGACATTGTTGTC,0.9762845849802372,0.6086956521739131,2,0,36416,36437,TACCCTCATCGAGCATTCGCTC,0.9940711462450593,0.8695652173913043,1,0,2873,2935.99209486166,188,62.666666666666664,0.1689847009735744,0.19419795221843003,0.09375,-0.10044795221843003,188,188,62.666666666666664,0,-0.10044795221843003,False
99,34301,36456,2156,2000,2000.0,1976,2034,1982.0,2023.2,0.9287327579252553,0.8702898550724543,1.0,0.8904945334348546,0.940144927536118,34301,34322,GAAGTACCGACAATTACAGTTT,0.9664031620553359,0.6086956521739131,3,0,36416,36437,TACCCTCATCGAGCATTCGCTC,0.9940711462450593,0.8695652173913043,1,0,1927,1969.399209486166,138,69.0,0.17357512953367876,0.21068548387096775,0.09969635627530364,-0.11098912759566411,138,138,69.0,0,-0.11098912759566411,False
100,34901,36466,1566,1500,1500.0,1492,1531,1496.6,1509.0,0.9596035315675248,0.8388405797100252,1.0,0.9080632974109661,0.9407246376810509,35048,35069,TGTCAGGCCTGCCAGGCCTTTC,0.9822134387351779,0.6086956521739131,1,0,36416,36437,TACCCTCATCGAGCATTCGCTC,0.9940711462450593,0.8695652173913043,1,0,1481,1493.391304347826,93,62.0,0.1611185086551265,0.19101876675603216,0.09211398277004638,-0.09890478398598578,93,93,62.0,0,-0.09890478398598578,False
101,33201,36929,3729,3500,3500.0,3429,3524,3432.4,3511.6,0.9347767789475767,0.8940579710143356,0.9988405797101465,0.9069659901924509,0.9310304912480812,33478,33499,TAAAGACCCTCAGACATTGTTG,0.9584980237154151,0.6086956521739131,3,0,36665,36686,TCTCCTGAGTAGCCACACGTCC,0.992094861660079,0.8260869565217391,1,0,3353,3427.596837944664,234,66.85714285714286,0.16716328963051252,0.193859649122807,0.09382284382284382,-0.10003680529996319,234,234,66.85714285714286,0,-0.10003680529996319,False
102,33301,37015,3715,3500,3500.0,3444,3535,3450.4,3511.8,0.9394113172215759,0.9582608695651652,0.9950724637681196,0.9273896431561176,0.901390339733116,33480,33501,AAGACCCTCAGACATTGTTGTC,0.9762845849802372,0.6086956521739131,2,0,36837,36858,TCCATCGCTCAGGCTTGAACTT,0.9881422924901186,0.8260869565217391,2,0,3370,3436.094861660079,232,66.28571428571429,0.1709123222748815,0.19313554392088422,0.09584664536741214,-0.09728889855347209,232,232,66.28571428571429,0,-0.09728889855347209,False
103,33401,37108,3708,3500,3500.0,3447,3537,3453.4,3512.8,0.9415130622390784,0.9856521739129918,0.9962318840579731,0.93365369946594,0.9170265151518591,33480,33501,AAGACCCTCAGACATTGTTGTC,0.9762845849802372,0.6086956521739131,2,0,36837,36858,TCCATCGCTCAGGCTTGAACTT,0.9881422924901186,0.8260869565217391,2,0,3379,3440.0395256916995,227,64.85714285714286,0.16779911373707534,0.18973020017406442,0.09315147997678468,-0.09657872019727974,227,227,64.85714285714286,0,-0.09657872019727974,False
104,33601,36806,3206,3000,3000.0,2953,3049,2956.4,3011.6,0.9340502861482262,0.9978260869565202,0.998405797101465,0.9230112721415814,0.909087144739351,33634,33655,AGCGACAGAAAAAGCGCTTGAA,0.9584980237154151,0.6086956521739131,3,0,36665,36686,TCTCCTGAGTAGCCACACGTCC,0.992094861660079,0.8260869565217391,1,0,2894,2946.4308300395255,197,65.66666666666667,0.16810493614083535,0.1957331527260413,0.09364435429344152,-0.10208879843259978,197,197,65.66666666666667,0,-0.10208879843259978,False
105,34301,36956,2656,2500,2500.0,2474,2533,2482.0,2523.2,0.9419689628077146,0.8702898550724543,0.9988405797101465,0.8904945334348546,0.9287116506683984,34301,34322,GAAGTACCGACAATTACAGTTT,0.9664031620553359,0.6086956521739131,3,0,36665,36686,TCTCCTGAGTAGCCACACGTCC,0.992094861660079,0.8260869565217391,1,0,2425,2468.4545454545455,179,71.6,0.16762767710049423,0.20362903225806453,0.09745248685806712,-0.10617654539999741,179,179,71.6,0,-0.10617654539999741,False
106,34101,36770,2670,2500,2500.0,2448,2513,2456.0,2511.6,0.9327796775769083,0.8943478260869475,0.998405797101465,0.9086585180010661,0.9069132316957984,34301,34322,GAAGTACCGACAATTACAGTTT,0.9664031620553359,0.6086956521739131,3,0,36665,36686,TCTCCTGAGTAGCCACACGTCC,0.992094861660079,0.8260869565217391,1,0,2395,2447.118577075099,177,70.8,0.175,0.2090280601870679,0.09893704006541292,-0.11009102012165499,177,177,70.8,0,-0.11009102012165499,False
107,34201,36859,2659,2500,2500.0,2464,2526,2473.0,2520.0,0.939222002387262,0.8873913043478752,0.998405797101465,0.9003917195820759,0.9186523621307666,34301,34322,GAAGTACCGACAATTACAGTTT,0.9664031620553359,0.6086956521739131,3,0,36665,36686,TCTCCTGAGTAGCCACACGTCC,0.992094861660079,0.8260869565217391,1,0,2413,2460.379446640316,172,68.8,0.1721141911460488,0.20371867421180276,0.09748172217709179,-0.10623695203471097,172,172,68.8,0,-0.10623695203471097,False
108,34901,36966,2066,2000,2000.0,1992,2031,1994.4,2008.0,0.9688539079927433,0.8388405797100252,0.9968115942028938,0.9080632974109661,0.923195346320584,35048,35069,TGTCAGGCCTGCCAGGCCTTTC,0.9822134387351779,0.6086956521739131,1,0,36837,36858,TCCATCGCTCAGGCTTGAACTT,0.9881422924901186,0.8260869565217391,2,0,1980,1991.395256916996,137,68.5,0.1585,0.1895424836601307,0.09322033898305085,-0.09632214467707986,137,137,68.5,0,-0.09632214467707986,False
109,34801,36887,2087,2000,2000.0,1974,2012,1977.4,2005.4,0.9567717339221803,0.7802898550721875,0.9988405797101465,0.8908204758203404,0.9232044042915368,35048,35069,TGTCAGGCCTGCCAGGCCTTTC,0.9822134387351779,0.6086956521739131,1,0,36665,36686,TCTCCTGAGTAGCCACACGTCC,0.992094861660079,0.8260869565217391,1,0,1954,1981.1304347826087,135,67.5,0.1641337386018237,0.1935483870967742,0.095952023988006,-0.0975963631087682,135,135,67.5,0,-0.0975963631087682,False
110,33201,36428,3228,3000,3000.0,2928,3024,2931.4,3010.6,0.9248020042023154,0.8940579710143356,1.0,0.9069659901924509,0.935652173912919,33478,33499,TAAAGACCCTCAGACATTGTTG,0.9584980237154151,0.6086956521739131,3,0,36161,36182,TGGTAAGACCCAAGAATCCGTC,0.9901185770750988,0.782608695652174,1,0,2854,2927.5415019762845,196,65.33333333333333,0.1711585579278964,0.19828767123287672,0.0950920245398773,-0.10319564669299941,196,196,65.33333333333333,0,-0.10319564669299941,False
111,33601,36303,2703,2500,2500.0,2450,2547,2453.4,2508.6,0.9219546719425725,0.9978260869565202,0.9998550724637728,0.9230112721415814,0.9427009222660248,33634,33655,AGCGACAGAAAAAGCGCTTGAA,0.9584980237154151,0.6086956521739131,3,0,36161,36182,TGGTAAGACCCAAGAATCCGTC,0.9901185770750988,0.782608695652174,1,0,2393,2444.375494071146,159,63.6,0.17153589315525877,0.20155038759689922,0.096826688364524,-0.10472369923237522,159,159,63.6,0,-0.10472369923237522,False
112,33501,36203,2703,2500,2500.0,2450,2547,2453.4,2508.6,0.9219546719425725,1.0,0.9998550724637728,0.9294202898549702,0.9471936758892116,33634,33655,AGCGACAGAAAAAGCGCTTGAA,0.9584980237154151,0.6086956521739131,3,0,36161,36182,TGGTAAGACCCAAGAATCCGTC,0.9901185770750988,0.782608695652174,1,0,2393,2444.375494071146,156,62.4,0.17195325542570952,0.20032639738882088,0.09316517493897478,-0.1071612224498461,156,156,62.4,0,-0.1071612224498461,False
113,34101,36267,2167,2000,2000.0,1947,2011,1953.0,2008.6,0.9173973234886504,0.8943478260869475,0.9998550724637728,0.9086585180010661,0.9448748353095289,34301,34322,GAAGTACCGACAATTACAGTTT,0.9664031620553359,0.6086956521739131,3,0,36161,36182,TGGTAAGACCCAAGAATCCGTC,0.9901185770750988,0.782608695652174,1,0,1894,1945.0632411067193,137,68.5,0.18325434439178515,0.21886212198872373,0.10328879753340185,-0.11557332445532188,137,137,68.5,0,-0.11557332445532188,False
114,33201,35426,2226,2000,2000.0,1927,2024,1931.4,2009.8,0.8917926481502527,0.8940579710143356,0.9511594202898292,0.9069659901924509,0.9099252357946898,33478,33499,TAAAGACCCTCAGACATTGTTG,0.9584980237154151,0.6086956521739131,3,0,35241,35262,TGACGAAAAATGAAGCATTAGG,0.9901185770750988,0.782608695652174,1,0,1854,1927.6205533596838,135,67.5,0.19063004846526657,0.21380384016606124,0.10858324715615306,-0.10522059300990819,135,135,67.5,0,-0.10522059300990819,False
115,34201,36359,2159,2000,2000.0,1966,2027,1973.0,2020.0,0.9253680246490459,0.8873913043478752,0.9998550724637728,0.9003917195820759,0.9412516469036806,34301,34322,GAAGTACCGACAATTACAGTTT,0.9664031620553359,0.6086956521739131,3,0,36161,36182,TGGTAAGACCCAAGAATCCGTC,0.9901185770750988,0.782608695652174,1,0,1915,1961.3241106719368,134,67.0,0.18030224075039084,0.2133062468257999,0.10127226463104326,-0.11203398219475665,134,134,67.0,0,-0.11203398219475665,False
116,33301,35512,2212,2000,2000.0,1945,2034,1948.4,2009.8,0.8989897004480973,0.9582608695651652,0.9504347826086814,0.9273896431561176,0.9079710144925897,33480,33501,AAGACCCTCAGACATTGTTGTC,0.9762845849802372,0.6086956521739131,2,0,35241,35262,TGACGAAAAATGAAGCATTAGG,0.9901185770750988,0.782608695652174,1,0,1873,1936.0790513833992,132,66.0,0.19243070362473347,0.21606217616580312,0.1111111111111111,-0.10495106505469201,132,132,66.0,0,-0.10495106505469201,False
117,33601,35289,1689,1500,1500.0,1449,1545,1453.4,1505.2,0.8827966123509613,0.9978260869565202,0.9604347826087541,0.9230112721415814,0.9151587301586187,33634,33655,AGCGACAGAAAAAGCGCTTGAA,0.9584980237154151,0.6086956521739131,3,0,35241,35262,TGACGAAAAATGAAGCATTAGG,0.9901185770750988,0.782608695652174,1,0,1394,1444.695652173913,98,65.33333333333333,0.1968503937007874,0.2128099173553719,0.1092032967032967,-0.10360662065207521,98,98,65.33333333333333,0,-0.10360662065207521,False
118,34801,36387,1587,1500,1500.0,1474,1512,1477.4,1505.6,0.9434536040108069,0.7802898550721875,1.0,0.8908204758203404,0.9417391304346407,35048,35069,TGTCAGGCCTGCCAGGCCTTTC,0.9822134387351779,0.6086956521739131,1,0,36161,36182,TGGTAAGACCCAAGAATCCGTC,0.9901185770750988,0.782608695652174,1,0,1455,1482.0750988142292,94,62.666666666666664,0.16937669376693767,0.19838601210490922,0.09773936170212766,-0.10064665040278156,94,94,62.666666666666664,0,-0.10064665040278156,False
119,33201,35928,2728,2500,2500.0,2428,2524,2431.4,2510.6,0.9110353181180141,0.8940579710143356,1.0,0.9069659901924509,0.9260869565215519,33478,33499,TAAAGACCCTCAGACATTGTTG,0.9584980237154151,0.6086956521739131,3,0,35786,35807,AGGATGAATCCCTGATGTGAAC,0.9861660079051383,0.7391304347826086,2,0,2354,2427.6284584980235,167,66.8,0.18116249469664827,0.20867768595041322,0.10230073952341824,-0.10637694642699498,167,167,66.8,0,-0.10637694642699498,False
120,33401,36105,2705,2500,2500.0,2448,2536,2451.4,2510.6,0.920421120308566,0.9856521739129918,0.9998550724637728,0.93365369946594,0.940382081686245,33480,33501,AAGACCCTCAGACATTGTTGTC,0.9762845849802372,0.6086956521739131,2,0,35975,35996,GCTCATGGATGAAAGGCTCGAG,0.9861660079051383,0.7391304347826086,2,0,2382,2439.9367588932805,157,62.8,0.17358490566037735,0.20163934426229507,0.09480997139354311,-0.10682937286875197,157,157,62.8,0,-0.10682937286875197,False
121,33301,36012,2712,2500,2500.0,2445,2534,2448.4,2509.8,0.9176125432858375,0.9582608695651652,1.0,0.9273896431561176,0.9292753623186703,33480,33501,AAGACCCTCAGACATTGTTGTC,0.9762845849802372,0.6086956521739131,2,0,35786,35807,AGGATGAATCCCTGATGTGAAC,0.9861660079051383,0.7391304347826086,2,0,2373,2436.079051383399,156,62.4,0.17929292929292928,0.2035289290110792,0.09983633387888707,-0.10369259513219212,156,156,62.4,0,-0.10369259513219212,False
122,34301,35956,1656,1500,1500.0,1476,1534,1482.0,1523.2,0.9072411258138398,0.8702898550724543,1.0,0.8904945334348546,0.925362318840392,34301,34322,GAAGTACCGACAATTACAGTTT,0.9664031620553359,0.6086956521739131,3,0,35786,35807,AGGATGAATCCCTGATGTGAAC,0.9861660079051383,0.7391304347826086,2,0,1427,1469.4861660079052,108,72.0,0.1944055944055944,0.23247978436657682,0.11246612466124661,-0.1200136597053302,108,108,72.0,0,-0.1200136597053302,False
123,34201,35859,1659,1500,1500.0,1466,1527,1473.0,1520.0,0.902901171475683,0.8873913043478752,1.0,0.9003917195820759,0.934927536231747,34301,34322,GAAGTACCGACAATTACAGTTT,0.9664031620553359,0.6086956521739131,3,0,35786,35807,AGGATGAATCCCTGATGTGAAC,0.9861660079051383,0.7391304347826086,2,0,1416,1461.411067193676,104,69.33333333333333,0.2036645525017618,0.2355343771272975,0.11604095563139932,-0.11949342149589817,104,104,69.33333333333333,0,-0.11949342149589817,False
124,33601,37306,3706,3500,3500.0,3438,3539,3444.4,3511.6,0.9415753537154502,0.9978260869565202,0.9868115942028453,0.9230112721415814,0.9179990510700494,33634,33655,AGCGACAGAAAAAGCGCTTGAA,0.9584980237154151,0.6086956521739131,3,0,37130,37151,TCTTGCCTGGAATTGCCTTGGG,0.9861660079051383,0.6956521739130435,1,0,3378,3437.7351778656125,237,67.71428571428571,0.17287234042553193,0.19338938822847201,0.09953569355774812,-0.0938536946707239,237,237,67.71428571428571,0,-0.0938536946707239,False
125,33501,37206,3706,3500,3500.0,3449,3548,3455.4,3511.6,0.9426429526736657,1.0,0.9962318840579731,0.9294202898549702,0.9181859354417005,33634,33655,AGCGACAGAAAAAGCGCTTGAA,0.9584980237154151,0.6086956521739131,3,0,37130,37151,TCTTGCCTGGAATTGCCTTGGG,0.9861660079051383,0.6956521739130435,1,0,3390,3444.478260869565,230,65.71428571428571,0.16784452296819788,0.1899942163100058,0.0934336129592132,-0.0965606033507926,230,230,65.71428571428571,0,-0.0965606033507926,False
126,34101,37270,3170,3000,3000.0,2939,3012,2941.6,3004.0,0.941832396104754,0.8943478260869475,0.985652173913004,0.9086585180010661,0.9106867981056712,34301,34322,GAAGTACCGACAATTACAGTTT,0.9664031620553359,0.6086956521739131,3,0,37130,37151,TCTTGCCTGGAATTGCCTTGGG,0.9861660079051383,0.6956521739130435,1,0,2882,2938.7470355731225,217,72.33333333333333,0.17797783933518005,0.2016949152542373,0.10323679727427598,-0.09845811797996132,217,217,72.33333333333333,0,-0.09845811797996132,False
127,34201,37361,3161,3000,3000.0,2955,3023,2959.6,3017.0,0.9471411083448742,0.8873913043478752,0.9855072463767526,0.9003917195820759,0.9063473372445151,34301,34322,GAAGTACCGACAATTACAGTTT,0.9664031620553359,0.6086956521739131,3,0,37130,37151,TCTTGCCTGGAATTGCCTTGGG,0.9861660079051383,0.6956521739130435,1,0,2898,2952.9486166007905,214,71.33333333333333,0.18072289156626506,0.20472175379426644,0.10610169491525424,-0.09862005887901219,214,214,71.33333333333333,0,-0.09862005887901219,False
128,34801,37397,2597,2500,2500.0,2459,2514,2465.4,2506.8,0.9610587467144072,0.7802898550721875,0.9673913043477781,0.8908204758203404,0.8882394467454288,35048,35069,TGTCAGGCCTGCCAGGCCTTTC,0.9822134387351779,0.6086956521739131,1,0,37130,37151,TCTTGCCTGGAATTGCCTTGGG,0.9861660079051383,0.6956521739130435,1,0,2439,2474.703557312253,174,69.6,0.17730784871899147,0.19725141471301536,0.10709987966305656,-0.09015153504995879,174,174,69.6,0,-0.09015153504995879,False
129,33601,35803,2203,2000,2000.0,1950,2047,1953.4,2008.6,0.9042609879807725,0.9978260869565202,1.0,0.9230112721415814,0.9342028985505991,33634,33655,AGCGACAGAAAAAGCGCTTGAA,0.9584980237154151,0.6086956521739131,3,0,35608,35629,CAAGGTAGGGTCCAATGGCAGC,0.9782608695652175,0.6956521739130435,3,0,1893,1944.4624505928855,129,64.5,0.18881856540084388,0.21476166068682725,0.10572012257405516,-0.10904153811277209,129,129,64.5,0,-0.10904153811277209,False
130,33501,35703,2203,2000,2000.0,1950,2047,1953.4,2008.6,0.9042609879807725,1.0,0.9939130434782661,0.9294202898549702,0.9323188405795494,33634,33655,AGCGACAGAAAAAGCGCTTGAA,0.9584980237154151,0.6086956521739131,3,0,35608,35629,CAAGGTAGGGTCCAATGGCAGC,0.9782608695652175,0.6956521739130435,3,0,1893,1944.4624505928855,124,62.0,0.18354430379746836,0.2096360840594567,0.10674157303370786,-0.10289451102574883,124,124,62.0,0,-0.10289451102574883,False
131,34101,35767,1667,1500,1500.0,1447,1511,1453.0,1508.6,0.8926475574449751,0.8943478260869475,1.0,0.9086585180010661,0.9282608695650681,34301,34322,GAAGTACCGACAATTACAGTTT,0.9664031620553359,0.6086956521739131,3,0,35608,35629,CAAGGTAGGGTCCAATGGCAGC,0.9782608695652175,0.6956521739130435,3,0,1395,1445.1501976284585,107,71.33333333333333,0.2087205146533238,0.24227865477007549,0.12171507607192254,-0.12056357869815294,107,107,71.33333333333333,0,-0.12056357869815294,False
132,33201,37437,4237,4000,4000.0,3909,4016,3915.4,4008.2,0.9394567526243561,0.8940579710143356,0.9594202898549702,0.9069659901924509,0.8671020924902162,33478,33499,TAAAGACCCTCAGACATTGTTG,0.9584980237154151,0.6086956521739131,3,0,37178,37199,CTTACAAAGCCTTGAGAACCTT,0.9782608695652173,0.6086956521739131,2,0,3830,3914.885375494071,273,68.25,0.17805005213764338,0.20087001023541454,0.10436335799948966,-0.09650665223592488,273,273,68.25,0,-0.09650665223592488,False
133,34301,37463,3163,3000,3000.0,2945,3019,2949.0,3012.0,0.9449751886623439,0.8702898550724543,0.9373913043477053,0.8904945334348546,0.8594283676642469,34301,34322,GAAGTACCGACAATTACAGTTT,0.9664031620553359,0.6086956521739131,3,0,37178,37199,CTTACAAAGCCTTGAGAACCTT,0.9782608695652173,0.6086956521739131,2,0,2882,2944.2727272727275,216,72.0,0.1847750865051903,0.21433400946585532,0.11250849762066621,-0.1018255118451891,216,216,72.0,0,-0.1018255118451891,False
134,33401,35605,2205,2000,2000.0,1948,2036,1951.4,2010.6,0.9023957409050064,0.9856521739129918,0.9568115942028939,0.93365369946594,0.9173913043476568,33480,33501,AAGACCCTCAGACATTGTTGTC,0.9762845849802372,0.6086956521739131,2,0,35560,35581,GTGGGTGCAAGTACAGGTTGTA,0.9584980237154151,0.6086956521739131,3,0,1882,1940.0237154150198,128,64.0,0.1856763925729443,0.21082474226804124,0.10734463276836158,-0.10348010949967966,128,128,64.0,0,-0.10348010949967966,False
135,33401,35079,1679,1500,1500.0,1444,1524,1444.0,1506.6,0.8859828572907544,0.9856521739129918,0.7678260869562049,0.93365369946594,0.8902407656754319,33480,33501,AAGACCCTCAGACATTGTTGTC,0.9762845849802372,0.6086956521739131,2,0,35048,35069,GAAAGGCCTGGCAGGCCTGACA,0.9822134387351779,0.6086956521739131,1,0,1379,1443.2727272727273,93,62.0,0.18056562726613487,0.2050034746351633,0.09547038327526132,-0.10953309135990198,93,93,62.0,0,-0.10953309135990198,False
136,33501,35187,1687,1500,1500.0,1449,1545,1453.0,1505.2,0.8837916548542011,1.0,0.8165217391302819,0.9294202898549702,0.9096575003095253,33634,33655,AGCGACAGAAAAAGCGCTTGAA,0.9584980237154151,0.6086956521739131,3,0,35048,35069,GAAAGGCCTGGCAGGCCTGACA,0.9822134387351779,0.6086956521739131,1,0,1394,1444.695652173913,92,61.333333333333336,0.19255547602004294,0.20798898071625344,0.10370879120879122,-0.10428018950746222,92,92,61.333333333333336,0,-0.10428018950746222,False
137,24801,27038,2238,2000,2000.0,1932,2060,1933.0,2023.0,0.8891479193378691,1.0,1.0,0.9291304347824674,0.9402898550723452,25070,25091,ATGGAGGTGGCTGGGGGGCCTG,0.9664031620553359,0.5652173913043478,3,0,26821,26842,AGGTGATGGACACGATTGAGTG,1.0,1.0,0,0,1895,1941.9328063241107,127,63.5,0.14575741801145237,0.18506998444790046,0.0935910478128179,-0.09147893663508255,127,127,63.5,0,-0.09147893663508255,False
138,24501,26059,1559,1500,1500.0,1470,1542,1472.0,1503.0,0.9594779262068484,1.0,0.9126086956521855,0.9227536231882913,0.9014978956226939,24617,24638,TTGAGTCCGGAAACTACTGTAT,0.9683794466403163,0.5652173913043478,3,0,25787,25808,CTTGCATTATATTGTAACATCG,1.0,1.0,0,0,1451,1479.110671936759,96,64.0,0.15692934782608695,0.18230925050641458,0.09431438127090301,-0.08799486923551157,96,96,64.0,0,-0.08799486923551157,False
139,14201,17843,3643,3500,3500.0,3435,3522,3468.8,3516.4,0.9596009022664114,0.9865217391304335,0.972318840579707,0.8999291047116943,0.9128771775728213,14204,14225,GTTGGATCTTTTACATCTATAT,0.9584980237154151,0.5652173913043478,3,0,17639,17660,ATGTCGTTCTCAACCAAGGTCT,0.9980237154150197,0.9565217391304348,1,0,3388,3451.300395256917,209,59.714285714285715,0.17889505992399882,0.21815519765739386,0.0848253595538597,-0.13332983810353416,209,209,59.714285714285715,0,-0.13332983810353416,False
140,14101,17742,3642,3500,3500.0,3436,3518,3472.2,3513.8,0.9597211279039266,0.9786956521739133,0.9817391304347741,0.8897841771754914,0.9254713804713841,14204,14225,GTTGGATCTTTTACATCTATAT,0.9584980237154151,0.5652173913043478,3,0,17639,17660,ATGTCGTTCTCAACCAAGGTCT,0.9980237154150197,0.9565217391304348,1,0,3389,3451.5296442687745,208,59.42857142857143,0.18118059614260668,0.2189695550351288,0.08274647887323944,-0.13622307616188936,208,208,59.42857142857143,0,-0.13622307616188936,False
141,24501,27754,3254,3000,3000.0,2938,3067,2938.2,3029.0,0.92048582346807,1.0,1.0,0.9227536231882913,0.9542028985506962,24617,24638,TTGAGTCCGGAAACTACTGTAT,0.9683794466403163,0.5652173913043478,3,0,27554,27575,GACTACAGGCTTCCCTCCAAAC,0.9980237154150197,0.9565217391304348,1,0,2896,2945.411067193676,182,60.666666666666664,0.1400751622822002,0.17242547425474256,0.08714670255720054,-0.08527877169754201,182,182,60.666666666666664,0,-0.08527877169754201,False
142,14001,18181,4181,4000,4000.0,3946,4042,3971.2,4025.6,0.9560537836797951,0.9786956521739133,0.8946376811593897,0.8955812786247467,0.9037333802646632,14204,14225,GTTGGATCTTTTACATCTATAT,0.9584980237154151,0.5652173913043478,3,0,17904,17925,AAACTGTTCTTGCCAGCATCAT,0.9960474308300394,0.9130434782608695,1,0,3858,3937.6640316205535,238,59.5,0.18038216560509554,0.2186700767263427,0.08680112330865458,-0.13186895341768812,238,238,59.5,0,-0.13186895341768812,False
143,24601,27855,3255,3000,3000.0,2933,3064,2934.0,3029.0,0.9193481600213379,1.0,0.9873913043478508,0.9378260869564595,0.9311198945981232,24617,24638,TTGAGTCCGGAAACTACTGTAT,0.9683794466403163,0.5652173913043478,3,0,27556,27577,GCGACTACAGGCTTCCCTCCAA,0.9960474308300394,0.9130434782608695,1,0,2892,2941.691699604743,180,60.0,0.14300376325692782,0.17537313432835822,0.08849259757738896,-0.08688053675096925,180,180,60.0,0,-0.08688053675096925,False
144,24501,27248,2748,2500,2500.0,2438,2566,2439.0,2529.0,0.9079488639959093,1.0,0.9837681159420268,0.9227536231882913,0.9318623188404914,24617,24638,TTGAGTCCGGAAACTACTGTAT,0.9683794466403163,0.5652173913043478,3,0,26974,26995,AGGAATTCGACGATGAGCGTGA,0.9901185770750989,0.8695652173913043,2,0,2396,2445.9407114624505,162,64.8,0.14132674083230326,0.17792421746293247,0.09061488673139159,-0.08730933073154087,162,162,64.8,0,-0.08730933073154087,False
145,24601,27354,2754,2500,2500.0,2438,2567,2438.2,2529.0,0.9060496984622729,1.0,0.9644927536231626,0.9378260869564595,0.906052564987258,24617,24638,TTGAGTCCGGAAACTACTGTAT,0.9683794466403163,0.5652173913043478,3,0,27094,27115,GGGCTTCTCTATGGCCCAAGGA,0.9802371541501976,0.8260869565217391,3,0,2396,2445.411067193676,162,64.8,0.14091470951792337,0.1811088295687885,0.09142394822006472,-0.08968488134872377,162,162,64.8,0,-0.08968488134872377,False
146,14201,16815,2615,2500,2500.0,2435,2518,2469.8,2513.8,0.9536952365117657,0.9865217391304335,1.0,0.8999291047116943,0.9444927536231869,14204,14225,GTTGGATCTTTTACATCTATAT,0.9584980237154151,0.5652173913043478,3,0,16771,16792,ATAGCTGATTGACATATGCTTT,0.992094861660079,0.8260869565217391,1,0,2390,2453.316205533597,158,63.2,0.19777503090234858,0.24172185430463577,0.08849189862899876,-0.15322995567563702,158,158,63.2,0,-0.15322995567563702,False
147,24501,26738,2238,2000,2000.0,1932,2060,1933.0,2023.0,0.8891479193378691,1.0,0.8226086956521855,0.9227536231882913,0.9115244851764873,24617,24638,TTGAGTCCGGAAACTACTGTAT,0.9683794466403163,0.5652173913043478,3,0,26497,26518,TGGAAGTATGTTTTGCGGGTAC,0.9901185770750988,0.782608695652174,1,0,1895,1941.9328063241107,128,64.0,0.15356585111920876,0.1886988076723691,0.09664292980671414,-0.09205587786565496,128,128,64.0,0,-0.09205587786565496,False
148,14101,17237,3137,3000,3000.0,2935,3018,2973.6,3013.8,0.9549832989147812,0.9786956521739133,0.9407246376811903,0.8897841771754914,0.9297430830039412,14204,14225,GTTGGATCTTTTACATCTATAT,0.9584980237154151,0.5652173913043478,3,0,17077,17098,GTCGCTTGCGCACCTTCATGCT,0.9881422924901186,0.7391304347826086,1,0,2889,2953.316205533597,182,60.666666666666664,0.18790570550051247,0.22976680384087791,0.08393532851737186,-0.14583147532350604,182,182,60.666666666666664,0,-0.14583147532350604,False
149,14001,17118,3118,3000,3000.0,2935,3018,2972.2,3013.8,0.9604121928772646,0.9786956521739133,1.0,0.8955812786247467,0.9381159420289684,14204,14225,GTTGGATCTTTTACATCTATAT,0.9584980237154151,0.5652173913043478,3,0,17077,17098,GTCGCTTGCGCACCTTCATGCT,0.9881422924901186,0.7391304347826086,1,0,2890,2953.4347826086955,180,60.0,0.1885889989750598,0.22908093278463648,0.08427932576539388,-0.1448016070192426,180,180,60.0,0,-0.1448016070192426,False
150,14201,17334,3134,3000,3000.0,2935,3018,2971.2,3013.8,0.9556893537915202,0.9865217391304335,0.9407246376811903,0.8999291047116943,0.9366996047430742,14204,14225,GTTGGATCTTTTACATCTATAT,0.9584980237154151,0.5652173913043478,3,0,17077,17098,GTCGCTTGCGCACCTTCATGCT,0.9881422924901186,0.7391304347826086,1,0,2889,2953.197628458498,179,59.666666666666664,0.18312265117868123,0.2266803840877915,0.08393532851737186,-0.14274505557041967,179,179,59.666666666666664,0,-0.14274505557041967,False
151,24601,26838,2238,2000,2000.0,1932,2060,1933.0,2023.0,0.8891479193378691,1.0,0.9205797101449086,0.9378260869564595,0.9250676328500776,24617,24638,TTGAGTCCGGAAACTACTGTAT,0.9683794466403163,0.5652173913043478,3,0,26785,26806,ACGTCACGTGGCACTTGTGCGA,0.9762845849802372,0.6521739130434783,3,0,1895,1941.9328063241107,126,63.0,0.14888079125455492,0.1871435977190254,0.09460834181078331,-0.09253525590824208,126,126,63.0,0,-0.09253525590824208,False
152,14101,16718,2618,2500,2500.0,2435,2518,2472.2,2513.8,0.9528514963297599,0.9786956521739133,1.0,0.8897841771754914,0.9298550724637729,14204,14225,GTTGGATCTTTTACATCTATAT,0.9584980237154151,0.5652173913043478,3,0,16687,16708,AACGAGTATGATTCTCTCGATC,0.9565217391304348,0.6086956521739131,3,0,2390,2453.4347826086955,161,64.4,0.20477956324680677,0.24710264900662252,0.08766098878271708,-0.15944166022390543,161,161,64.4,0,-0.15944166022390543,False
153,24801,27554,2754,2500,2500.0,2438,2567,2438.2,2529.0,0.9060496984622729,1.0,0.9807246376811357,0.9291304347824674,0.9223061881756439,25070,25091,ATGGAGGTGGCTGGGGGGCCTG,0.9664031620553359,0.5652173913043478,3,0,27494,27515,CCAAAGAGTGCATGGCGGATCT,0.9584980237154149,0.6086956521739131,3,0,2396,2445.411067193676,158,63.2,0.1450350226617223,0.17946611909650925,0.09021035598705501,-0.08925576310945424,158,158,63.2,0,-0.08925576310945424,False
154,14001,17642,3642,3500,3500.0,3436,3518,3472.2,3513.8,0.9597211279039266,0.9786956521739133,0.9817391304347741,0.8955812786247467,0.917790221051079,14204,14225,GTTGGATCTTTTACATCTATAT,0.9584980237154151,0.5652173913043478,3,0,17516,17537,CGGCAACAAAACTGCCGCCTTT,0.9802371541501976,0.5652173913043478,1,0,3389,3451.5296442687745,210,60.0,0.18277372262773722,0.22189695550351288,0.08509389671361503,-0.13680305878989785,210,210,60.0,0,-0.13680305878989785,False
155,14001,16618,2618,2500,2500.0,2435,2518,2472.2,2513.8,0.9528514963297599,0.9786956521739133,0.9901449275362332,0.8955812786247467,0.9158178053830367,14204,14225,GTTGGATCTTTTACATCTATAT,0.9584980237154151,0.5652173913043478,3,0,16522,16543,CTGGACCATACTTCATATGAAG,0.9802371541501976,0.5652173913043478,1,0,2390,2453.4347826086955,158,63.2,0.20848784507622578,0.24793046357615894,0.09181553801412547,-0.1561149255620335,158,158,63.2,0,-0.1561149255620335,False
156,14001,15514,1514,1500,1500.0,1497,1504,1499.0,1503.8,0.9914709091953392,0.9786956521739133,1.0,0.8955812786247467,0.9057971014492856,14204,14225,GTTGGATCTTTTACATCTATAT,0.9584980237154151,0.5652173913043478,3,0,15319,15340,TAGACATTAGCATATGAAGCTG,0.966403162055336,0.5652173913043478,3,0,1496,1499.6205533596838,97,64.66666666666667,0.1981320880587058,0.23333333333333334,0.07671781187458306,-0.1566155214587503,97,97,64.66666666666667,0,-0.1566155214587503,False
157,24701,26938,2238,2000,2000.0,1932,2060,1933.0,2023.0,0.8891479193378691,1.0,1.0,0.9333333333332242,0.9305797101447872,24876,24897,GCTGTATAAGGCCTGGCTGGTC,0.9703557312252964,0.5217391304347826,2,0,26821,26842,AGGTGATGGACACGATTGAGTG,1.0,1.0,0,0,1895,1941.9328063241107,125,62.5,0.15096304008328995,0.1855883877656817,0.09562563580874874,-0.08996275195693297,125,125,62.5,0,-0.08996275195693297,False
158,13601,17745,4145,4000,4000.0,3936,4019,3972.2,4015.6,0.9639481827240821,0.9908695652173992,0.9817391304347741,0.8960869565217157,0.9211235543844305,13859,13880,GTCTCTTCTCGACTCTATGGAC,0.9703557312252965,0.5217391304347826,2,0,17639,17660,ATGTCGTTCTCAACCAAGGTCT,0.9980237154150197,0.9565217391304348,1,0,3889,3951.5415019762845,247,61.75,0.17822539520652728,0.22191011235955055,0.08520982599795292,-0.13670028636159764,247,247,61.75,0,-0.13670028636159764,False
159,13701,17845,4145,4000,4000.0,3934,4021,3970.2,4015.4,0.9639272040698627,1.0,0.972318840579707,0.906231884057955,0.911138047138035,13859,13880,GTCTCTTCTCGACTCTATGGAC,0.9703557312252965,0.5217391304347826,2,0,17639,17660,ATGTCGTTCTCAACCAAGGTCT,0.9980237154150197,0.9565217391304348,1,0,3887,3950.418972332016,245,61.25,0.17716033647718582,0.2199795605518651,0.0855094726062468,-0.1344700879456183,245,245,61.25,0,-0.1344700879456183,False
160,15101,17728,2628,2500,2500.0,2437,2518,2469.0,2512.4,0.9490933756865895,1.0,0.9817391304347741,0.9010144927536081,0.9244568877177638,15252,15273,AAGGCTCTCCCTGGGATGACGA,0.9624505928853754,0.5217391304347826,3,0,17639,17660,ATGTCGTTCTCAACCAAGGTCT,0.9980237154150197,0.9565217391304348,1,0,2391,2451.909090909091,143,57.2,0.17168799009492364,0.21812913907284767,0.08717310087173101,-0.13095603820111668,143,143,57.2,0,-0.13095603820111668,False
161,15201,17832,2632,2500,2500.0,2436,2522,2468.0,2515.8,0.9480970001321569,1.0,0.972318840579707,0.9062318840579792,0.9163554384423879,15252,15273,AAGGCTCTCCCTGGGATGACGA,0.9624505928853754,0.5217391304347826,3,0,17639,17660,ATGTCGTTCTCAACCAAGGTCT,0.9980237154150197,0.9565217391304348,1,0,2390,2451.798418972332,134,53.6,0.171345995045417,0.2124223602484472,0.08803986710963455,-0.12438249313881267,134,134,53.6,0,-0.12438249313881267,False
162,16401,17926,1526,1500,1500.0,1488,1513,1490.0,1501.8,0.9811955097156587,1.0,0.9789855072463737,0.9273913043478266,0.9181528117614774,16496,16517,GACTTCCTCACAAGAGACATCT,0.9703557312252965,0.5217391304347826,2,0,17639,17660,ATGTCGTTCTCAACCAAGGTCT,0.9980237154150197,0.9565217391304348,1,0,1482,1492.2529644268775,72,48.0,0.12827400940228342,0.1554959785522788,0.06970509383378017,-0.08579088471849865,72,72,48.0,0,-0.08579088471849865,False
163,16301,17828,1528,1500,1500.0,1489,1516,1489.0,1504.0,0.9809924880491748,0.9901449275362332,0.972318840579707,0.9172670807453445,0.917225003659781,16496,16517,GACTTCCTCACAAGAGACATCT,0.9703557312252965,0.5217391304347826,2,0,17639,17660,ATGTCGTTCTCAACCAAGGTCT,0.9980237154150197,0.9565217391304348,1,0,1481,1493.106719367589,71,47.333333333333336,0.13163196776359973,0.1581769436997319,0.06831882116543872,-0.08985812253429318,71,71,47.333333333333336,0,-0.08985812253429318,False
164,13901,18048,4148,4000,4000.0,3929,4023,3966.2,4016.2,0.9628841558005989,0.9921739130434798,0.9757971014492796,0.9017391304347742,0.9118393482996665,13915,13936,CGTCTTACGGATAGATTTGGGC,0.950592885375494,0.5217391304347826,3,0,17904,17925,AAACTGTTCTTGCCAGCATCAT,0.9960474308300394,0.9130434782608695,1,0,3882,3947.189723320158,241,60.25,0.1776416539050536,0.2145780051150895,0.0856190720328121,-0.1289589330822774,241,241,60.25,0,-0.1289589330822774,False
165,13801,17947,4147,4000,4000.0,3930,4023,3967.2,4016.4,0.9633155450246941,1.0,0.9818840579710195,0.9176811594202627,0.9225438233263958,13859,13880,GTCTCTTCTCGACTCTATGGAC,0.9703557312252965,0.5217391304347826,2,0,17904,17925,AAACTGTTCTTGCCAGCATCAT,0.9960474308300394,0.9130434782608695,1,0,3883,3948.687747035573,240,60.0,0.17606532278642512,0.21554589619023268,0.08534085084572014,-0.13020504534451255,240,240,60.0,0,-0.13020504534451255,False
166,15001,18170,3170,3000,3000.0,2947,3042,2968.8,3024.8,0.9452064188725835,0.9782608695652318,0.9068115942028574,0.8856521739130221,0.9005449744675692,15252,15273,AAGGCTCTCCCTGGGATGACGA,0.9624505928853754,0.5217391304347826,3,0,17904,17925,AAACTGTTCTTGCCAGCATCAT,0.9960474308300394,0.9130434782608695,1,0,2859,2937.9604743083005,176,58.666666666666664,0.17669172932330826,0.21993127147766323,0.09252912954078135,-0.12740214193688187,176,176,58.666666666666664,0,-0.12740214193688187,False
167,13701,16818,3118,3000,3000.0,2935,3018,2972.2,3013.8,0.9604121928772646,1.0,1.0,0.906231884057955,0.9437681159420269,13859,13880,GTCTCTTCTCGACTCTATGGAC,0.9703557312252965,0.5217391304347826,2,0,16771,16792,ATAGCTGATTGACATATGCTTT,0.992094861660079,0.8260869565217391,1,0,2890,2953.4347826086955,194,64.66666666666667,0.1926887598223437,0.24005486968449932,0.08840729274165807,-0.15164757694284126,194,194,64.66666666666667,0,-0.15164757694284126,False
168,13901,17018,3118,3000,3000.0,2935,3018,2972.2,3013.8,0.9604121928772646,0.9921739130434798,1.0,0.9017391304347742,0.9404347826086693,13915,13936,CGTCTTACGGATAGATTTGGGC,0.950592885375494,0.5217391304347826,3,0,16771,16792,ATAGCTGATTGACATATGCTTT,0.992094861660079,0.8260869565217391,1,0,2890,2953.4347826086955,188,62.666666666666664,0.18961393918688077,0.23216735253772292,0.08668730650154799,-0.14548004603617493,188,188,62.666666666666664,0,-0.14548004603617493,False
169,13801,16918,3118,3000,3000.0,2935,3018,2972.2,3013.8,0.9604121928772646,1.0,1.0,0.9176811594202627,0.939999999999994,13859,13880,GTCTCTTCTCGACTCTATGGAC,0.9703557312252965,0.5217391304347826,2,0,16771,16792,ATAGCTGATTGACATATGCTTT,0.992094861660079,0.8260869565217391,1,0,2890,2953.4347826086955,186,62.0,0.19063887939870175,0.23353909465020575,0.08806329549363605,-0.14547579915656972,186,186,62.0,0,-0.14547579915656972,False
170,15201,16804,1604,1500,1500.0,1436,1518,1469.0,1513.0,0.93109617261195,1.0,1.0,0.9062318840579792,0.9439130434782601,15252,15273,AAGGCTCTCCCTGGGATGACGA,0.9624505928853754,0.5217391304347826,3,0,16771,16792,ATAGCTGATTGACATATGCTTT,0.992094861660079,0.8260869565217391,1,0,1392,1453.8142292490118,84,56.0,0.20098039215686275,0.2514124293785311,0.09872159090909091,-0.15269083846944018,84,84,56.0,0,-0.15269083846944018,False
171,13601,17240,3640,3500,3500.0,3435,3519,3473.6,3515.6,0.9604515050167275,0.9908695652173992,0.9407246376811903,0.8960869565217157,0.9297430830039412,13859,13880,GTCTCTTCTCGACTCTATGGAC,0.9703557312252965,0.5217391304347826,2,0,17077,17098,GTCGCTTGCGCACCTTCATGCT,0.9881422924901186,0.7391304347826086,1,0,3389,3453.3280632411065,221,63.142857142857146,0.18266705573387804,0.23097189695550352,0.08629292632814793,-0.14467897062735557,221,221,63.142857142857146,0,-0.14467897062735557,False
172,13701,17337,3637,3500,3500.0,3435,3518,3473.6,3513.8,0.9611720122891582,1.0,0.9407246376811903,0.906231884057955,0.9371343873517738,13859,13880,GTCTCTTCTCGACTCTATGGAC,0.9703557312252965,0.5217391304347826,2,0,17077,17098,GTCGCTTGCGCACCTTCATGCT,0.9881422924901186,0.7391304347826086,1,0,3389,3453.316205533597,216,61.714285714285715,0.18062445287423404,0.22745901639344263,0.08453184619900206,-0.14292717019444057,216,216,61.714285714285715,0,-0.14292717019444057,False
173,15001,17111,2111,2000,2000.0,1936,2018,1969.8,2013.0,0.9445554342677107,0.9782608695652318,1.0,0.8856521739130221,0.9381159420289623,15252,15273,AAGGCTCTCCCTGGGATGACGA,0.9624505928853754,0.5217391304347826,3,0,17077,17098,GTCGCTTGCGCACCTTCATGCT,0.9881422924901186,0.7391304347826086,1,0,1891,1953.7470355731225,118,59.0,0.18672199170124482,0.23747390396659707,0.09224318658280922,-0.14523071738378784,118,118,59.0,0,-0.14523071738378784,False
174,15101,17223,2123,2000,2000.0,1936,2018,1970.4,2012.4,0.9395646030023197,1.0,0.9407246376811903,0.9010144927536081,0.9327865612648081,15252,15273,AAGGCTCTCCCTGGGATGACGA,0.9624505928853754,0.5217391304347826,3,0,17077,17098,GTCGCTTGCGCACCTTCATGCT,0.9881422924901186,0.7391304347826086,1,0,1891,1953.695652173913,115,57.5,0.1799792531120332,0.23225469728601253,0.09067085953878407,-0.14158383774722846,115,115,57.5,0,-0.14158383774722846,False
175,15201,17323,2123,2000,2000.0,1936,2018,1970.4,2012.4,0.9395646030023197,1.0,0.9407246376811903,0.9062318840579792,0.9362648221343807,15252,15273,AAGGCTCTCCCTGGGATGACGA,0.9624505928853754,0.5217391304347826,3,0,17077,17098,GTCGCTTGCGCACCTTCATGCT,0.9881422924901186,0.7391304347826086,1,0,1891,1953.695652173913,105,52.5,0.17738589211618258,0.22599164926931106,0.0880503144654088,-0.13794133480390225,105,105,52.5,0,-0.13794133480390225,False
176,13601,16721,3121,3000,3000.0,2935,3019,2972.2,3016.2,0.9595726007550565,0.9908695652173992,1.0,0.8960869565217157,0.9301449275362332,13859,13880,GTCTCTTCTCGACTCTATGGAC,0.9703557312252965,0.5217391304347826,2,0,16687,16708,AACGAGTATGATTCTCTCGATC,0.9565217391304348,0.6086956521739131,3,0,2890,2953.4466403162055,200,66.66666666666667,0.19610522719508028,0.24554183813443073,0.08978328173374613,-0.1557585564006846,200,200,66.66666666666667,0,-0.1557585564006846,False
177,13801,17437,3637,3500,3500.0,3435,3518,3473.6,3513.8,0.9611720122891582,1.0,0.9407246376811903,0.9176811594202627,0.9180039525691488,13859,13880,GTCTCTTCTCGACTCTATGGAC,0.9703557312252965,0.5217391304347826,2,0,17375,17396,GTGTGTATGTAGACCGGACCTC,0.9644268774703558,0.5652173913043478,2,0,3389,3453.316205533597,214,61.142857142857146,0.18062445287423404,0.22423887587822014,0.08541238626357499,-0.13882648961464517,214,214,61.142857142857146,0,-0.13882648961464517,False
178,13901,17537,3637,3500,3500.0,3435,3518,3473.6,3513.8,0.9611720122891582,0.9921739130434798,1.0,0.9017391304347742,0.9331884057970758,13915,13936,CGTCTTACGGATAGATTTGGGC,0.950592885375494,0.5217391304347826,3,0,17516,17537,CGGCAACAAAACTGCCGCCTTT,0.9802371541501976,0.5652173913043478,1,0,3389,3453.316205533597,212,60.57142857142857,0.17945725124015174,0.21955503512880561,0.08394481948928677,-0.13561021563951886,212,212,60.57142857142857,0,-0.13561021563951886,False
179,24701,27454,2754,2500,2500.0,2438,2567,2438.2,2529.0,0.9060496984622729,1.0,0.9644927536231626,0.9333333333332242,0.9127192316539003,24876,24897,GCTGTATAAGGCCTGGCTGGTC,0.9703557312252964,0.5217391304347826,2,0,27184,27205,GGATTGAGCAGTACAACTTTGG,0.9703557312252965,0.5652173913043478,2,0,2396,2445.411067193676,162,64.8,0.1442109600329625,0.18234086242299793,0.09101941747572816,-0.09132144494726978,162,162,64.8,0,-0.09132144494726978,False
180,15001,17635,2635,2500,2500.0,2437,2518,2469.8,2512.4,0.9467535681874485,0.9782608695652318,0.9817391304347741,0.8856521739130221,0.9157612355438384,15252,15273,AAGGCTCTCCCTGGGATGACGA,0.9624505928853754,0.5217391304347826,3,0,17516,17537,CGGCAACAAAACTGCCGCCTTT,0.9802371541501976,0.5652173913043478,1,0,2390,2451.8418972332015,148,59.2,0.17848309975267931,0.2251655629139073,0.091324200913242,-0.1338413620006653,148,148,59.2,0,-0.1338413620006653,False
181,13901,15414,1514,1500,1500.0,1497,1504,1499.0,1503.8,0.9914709091953392,0.9921739130434798,1.0,0.9017391304347742,0.8937681159420208,13915,13936,CGTCTTACGGATAGATTTGGGC,0.950592885375494,0.5217391304347826,3,0,15319,15340,TAGACATTAGCATATGAAGCTG,0.966403162055336,0.5652173913043478,3,0,1496,1499.6205533596838,102,68.0,0.1934623082054703,0.22866666666666666,0.08138759172781855,-0.14727907493884812,102,102,68.0,0,-0.14727907493884812,False
182,15001,16611,1611,1500,1500.0,1436,1518,1469.8,1513.0,0.9273473133079685,0.9782608695652318,0.9901449275362332,0.8856521739130221,0.9158178053830306,15252,15273,AAGGCTCTCCCTGGGATGACGA,0.9624505928853754,0.5217391304347826,3,0,16522,16543,CTGGACCATACTTCATATGAAG,0.9802371541501976,0.5652173913043478,1,0,1391,1453.7470355731225,96,64.0,0.21988795518207283,0.2725988700564972,0.10866477272727272,-0.16393409732922448,96,96,64.0,0,-0.16393409732922448,False
183,15101,16704,1604,1500,1500.0,1436,1518,1469.0,1513.0,0.93109617261195,1.0,1.0,0.9010144927536081,0.9304347826086935,15252,15273,AAGGCTCTCCCTGGGATGACGA,0.9624505928853754,0.5217391304347826,3,0,16522,16543,CTGGACCATACTTCATATGAAG,0.9802371541501976,0.5652173913043478,1,0,1392,1453.8142292490118,96,64.0,0.20658263305322128,0.2648305084745763,0.10085227272727272,-0.16397823574730358,96,96,64.0,0,-0.16397823574730358,False
184,13701,16318,2618,2500,2500.0,2442,2518,2480.0,2513.8,0.9539808018068913,1.0,0.8788405797102071,0.906231884057955,0.8821852885202619,13859,13880,GTCTCTTCTCGACTCTATGGAC,0.9703557312252965,0.5217391304347826,2,0,16297,16318,CTGTGCCGCCTGACAAGGCCAA,0.966403162055336,0.5217391304347826,3,0,2397,2458.312252964427,173,69.2,0.20616016427104722,0.25753198514238546,0.09527754763877382,-0.16225443750361163,173,173,69.2,0,-0.16225443750361163,False
185,13801,16418,2618,2500,2500.0,2435,2518,2472.2,2513.8,0.9528514963297599,1.0,0.9181159420290229,0.9176811594202627,0.8827373934202357,13859,13880,GTCTCTTCTCGACTCTATGGAC,0.9703557312252965,0.5217391304347826,2,0,16297,16318,CTGTGCCGCCTGACAAGGCCAA,0.966403162055336,0.5217391304347826,3,0,2390,2453.4347826086955,167,66.8,0.20848784507622578,0.25496688741721857,0.0943082675529705,-0.16065861986424806,167,167,66.8,0,-0.16065861986424806,False
186,13901,16518,2618,2500,2500.0,2435,2518,2472.2,2513.8,0.9528514963297599,0.9921739130434798,0.9772463768115994,0.9017391304347742,0.8956062266803747,13915,13936,CGTCTTACGGATAGATTTGGGC,0.950592885375494,0.5217391304347826,3,0,16495,16516,GATGTCTCTTGTGAGGAAGTCC,0.9703557312252965,0.5217391304347826,2,0,2390,2453.4347826086955,165,66.0,0.20972393901936548,0.25289735099337746,0.09472372247611134,-0.15817362851726613,165,165,66.0,0,-0.15817362851726613,False
187,13801,15314,1514,1500,1500.0,1497,1504,1499.0,1503.8,0.9914709091953392,1.0,0.9782608695652318,0.9176811594202627,0.8860869565217157,13859,13880,GTCTCTTCTCGACTCTATGGAC,0.9703557312252965,0.5217391304347826,2,0,15255,15276,TGTTCGTCATCCCAGGGAGAGC,0.9525691699604745,0.5217391304347826,3,0,1496,1499.6205533596838,106,70.66666666666667,0.18812541694462975,0.22866666666666666,0.08138759172781855,-0.14727907493884812,106,106,70.66666666666667,0,-0.14727907493884812,False
188,24701,27960,3260,3000,3000.0,2936,3067,2937.0,3033.0,0.9188050146705445,1.0,0.9801449275362514,0.9333333333332242,0.9044325239976266,24876,24897,GCTGTATAAGGCCTGGCTGGTC,0.9703557312252964,0.5217391304347826,2,0,27710,27731,TCAACACTAGCGTGCGCCTTCT,0.9505928853754941,0.4782608695652174,3,0,2895,2944.0355731225295,180,60.0,0.1498460485802258,0.18135593220338983,0.09185733512786003,-0.0894985970755298,180,180,60.0,0,-0.0894985970755298,False
189,13601,15116,1516,1500,1500.0,1496,1503,1498.0,1502.8,0.9896753470230629,0.9908695652173992,0.9782608695652318,0.8960869565217157,0.9026086956521855,13859,13880,GTCTCTTCTCGACTCTATGGAC,0.9703557312252965,0.5217391304347826,2,0,14842,14863,CTCCTAGGAAAGCCGTGAGCCA,0.9545454545454546,0.391304347826087,3,0,1495,1498.6324110671937,104,69.33333333333333,0.1855807743658211,0.23015343562374915,0.0794392523364486,-0.15071418328730057,104,104,69.33333333333333,0,-0.15071418328730057,False
190,15301,17933,2633,2500,2500.0,2431,2523,2464.0,2515.8,0.9471259432949727,0.9728985507246519,0.9818840579710195,0.8821231747848166,0.923413388543789,15427,15448,CGCATCAGCTTTATGATAGAAA,0.9604743083003953,0.43478260869565216,3,0,17639,17660,ATGTCGTTCTCAACCAAGGTCT,0.9980237154150197,0.9565217391304348,1,0,2385,2449.0671936758895,133,53.2,0.1696317749275962,0.2098714226462049,0.08780690803162713,-0.12206451461457776,133,133,53.2,0,-0.12206451461457776,False
191,15401,18033,2633,2500,2500.0,2431,2523,2464.0,2515.8,0.9471259432949727,0.9295652173912701,0.9818840579710195,0.8629432975198628,0.9154423740510296,15427,15448,CGCATCAGCTTTATGATAGAAA,0.9604743083003953,0.43478260869565216,3,0,17904,17925,AAACTGTTCTTGCCAGCATCAT,0.9960474308300394,0.9130434782608695,1,0,2385,2449.0671936758895,138,55.2,0.16818181818181818,0.20696806304437992,0.08572617561381607,-0.12124188743056385,138,138,55.2,0,-0.12124188743056385,False
192,15401,17004,1604,1500,1500.0,1436,1518,1469.0,1513.0,0.93109617261195,0.9295652173912701,1.0,0.8629432975198628,0.9439130434782358,15427,15448,CGCATCAGCTTTATGATAGAAA,0.9604743083003953,0.43478260869565216,3,0,16771,16792,ATAGCTGATTGACATATGCTTT,0.992094861660079,0.8260869565217391,1,0,1392,1453.8142292490118,86,57.333333333333336,0.18627450980392157,0.23940677966101695,0.09161931818181818,-0.14778746147919877,86,86,57.333333333333336,0,-0.14778746147919877,False
193,15301,16904,1604,1500,1500.0,1436,1518,1469.0,1513.0,0.93109617261195,0.9728985507246519,1.0,0.8821231747848166,0.9420289855072467,15427,15448,CGCATCAGCTTTATGATAGAAA,0.9604743083003953,0.43478260869565216,3,0,16771,16792,ATAGCTGATTGACATATGCTTT,0.992094861660079,0.8260869565217391,1,0,1392,1453.8142292490118,79,52.666666666666664,0.19327731092436976,0.24293785310734464,0.09517045454545454,-0.14776739856189008,79,79,52.666666666666664,0,-0.14776739856189008,False
194,15401,17523,2123,2000,2000.0,1936,2018,1970.4,2012.4,0.9395646030023197,0.9295652173912701,1.0,0.8629432975198628,0.9278260869565019,15427,15448,CGCATCAGCTTTATGATAGAAA,0.9604743083003953,0.43478260869565216,3,0,17375,17396,GTGTGTATGTAGACCGGACCTC,0.9644268774703558,0.5652173913043478,2,0,1891,1953.695652173913,111,55.5,0.1703896103896104,0.21711899791231734,0.08542976939203355,-0.1316892285202838,111,111,55.5,0,-0.1316892285202838,False
195,15301,17423,2123,2000,2000.0,1936,2018,1970.4,2012.4,0.9395646030023197,0.9728985507246519,0.9407246376811903,0.8821231747848166,0.9210474308300217,15427,15448,CGCATCAGCTTTATGATAGAAA,0.9604743083003953,0.43478260869565216,3,0,17375,17396,GTGTGTATGTAGACCGGACCTC,0.9644268774703558,0.5652173913043478,2,0,1891,1953.695652173913,108,54.0,0.17479253112033194,0.22338204592901878,0.0870020964360587,-0.13637994949296006,108,108,54.0,0,-0.13637994949296006,False
196,13401,18090,4690,4500,4500.0,4447,4543,4489.0,4534.0,0.9603967738945008,0.9149275362318501,0.954927536231844,0.8606395287481792,0.9023335486148244,13651,13672,CTTGAATCTCAGCCAGACGACA,0.9624505928853755,0.391304347826087,2,0,17904,17925,AAACTGTTCTTGCCAGCATCAT,0.9960474308300394,0.9130434782608695,1,0,4367,4444.679841897233,288,64.0,0.18444193912063134,0.2234307727169726,0.09039420027186226,-0.13303657244511033,288,288,64.0,0,-0.13303657244511033,False
197,13501,18195,4695,4500,4500.0,4456,4548,4475.0,4531.4,0.9583645876742127,0.9705797101448904,0.88492753623185,0.8645919097005753,0.8995304817139428,13651,13672,CTTGAATCTCAGCCAGACGACA,0.9624505928853755,0.391304347826087,2,0,17904,17925,AAACTGTTCTTGCCAGCATCAT,0.9960474308300394,0.9130434782608695,1,0,4357,4435.407114624506,286,63.55555555555556,0.18126410835214446,0.22459165154264973,0.0894713059195662,-0.13512034562308353,286,286,63.55555555555556,0,-0.13512034562308353,False
198,14401,18040,3640,3500,3500.0,3431,3523,3464.8,3516.4,0.9599617773530859,1.0,0.9818840579710195,0.902318840579713,0.9112394755003091,14624,14645,TTCTCATCAGCTCCATCATGGG,0.9584980237154151,0.391304347826087,2,0,17904,17925,AAACTGTTCTTGCCAGCATCAT,0.9960474308300394,0.9130434782608695,1,0,3384,3449.0,210,60.0,0.17456140350877192,0.21372031662269128,0.08492506611813105,-0.12879525050456023,210,210,60.0,0,-0.12879525050456023,False
199,13401,17050,3650,3500,3500.0,3443,3528,3487.2,3526.6,0.959189994044073,0.9149275362318501,1.0,0.8606395287481792,0.9385507246376619,13651,13672,CTTGAATCTCAGCCAGACGACA,0.9624505928853755,0.391304347826087,2,0,16771,16792,ATAGCTGATTGACATATGCTTT,0.992094861660079,0.8260869565217391,1,0,3376,3451.924901185771,235,67.14285714285714,0.19359534206695778,0.23877970079202113,0.09120234604105572,-0.1475773547509654,235,235,67.14285714285714,0,-0.1475773547509654,False
200,14401,17011,2611,2500,2500.0,2436,2518,2469.8,2513.0,0.9551729305779921,1.0,1.0,0.902318840579713,0.9430434782608488,14624,14645,TTCTCATCAGCTCCATCATGGG,0.9584980237154151,0.391304347826087,2,0,16771,16792,ATAGCTGATTGACATATGCTTT,0.992094861660079,0.8260869565217391,1,0,2391,2453.7470355731225,156,62.4,0.18698517298187808,0.23551324503311258,0.0872093023255814,-0.14830394270753117,156,156,62.4,0,-0.14830394270753117,False
201,13501,17130,3630,3500,3500.0,3443,3525,3479.0,3520.6,0.9635644987423632,0.9705797101448904,1.0,0.8645919097005753,0.9426086956521552,13651,13672,CTTGAATCTCAGCCAGACGACA,0.9624505928853755,0.391304347826087,2,0,17077,17098,GTCGCTTGCGCACCTTCATGCT,0.9881422924901186,0.7391304347826086,1,0,3378,3452.897233201581,228,65.14285714285714,0.18719068413391557,0.23396778916544655,0.08787346221441125,-0.1460943269510353,228,228,65.14285714285714,0,-0.1460943269510353,False
202,13501,17654,4154,4000,4000.0,3944,4025,3977.2,4020.0,0.9625609679512681,0.9705797101448904,0.9817391304347741,0.8645919097005753,0.9219931196018115,13651,13672,CTTGAATCTCAGCCAGACGACA,0.9624505928853755,0.391304347826087,2,0,17516,17537,CGGCAACAAAACTGCCGCCTTT,0.9802371541501976,0.5652173913043478,1,0,3877,3950.99209486166,258,64.5,0.18244274809160305,0.22758620689655173,0.08812260536398467,-0.13946360153256707,258,258,64.5,0,-0.13946360153256707,False
203,13401,17573,4173,4000,4000.0,3943,4029,3986.6,4027.8,0.9591264755832023,0.9149275362318501,0.9872463768115994,0.8606395287481792,0.933333333333309,13651,13672,CTTGAATCTCAGCCAGACGACA,0.9624505928853755,0.391304347826087,2,0,17516,17537,CGGCAACAAAACTGCCGCCTTT,0.9802371541501976,0.5652173913043478,1,0,3875,3951.806324110672,257,64.25,0.18514750762970497,0.22793553338449732,0.08849104859335039,-0.13944448479114693,257,257,64.25,0,-0.13944448479114693,False
204,13401,16550,3150,3000,3000.0,2943,3028,2987.2,3026.6,0.95271221532091,0.9149275362318501,0.9868115942028999,0.8606395287481792,0.910890269151126,13651,13672,CTTGAATCTCAGCCAGACGACA,0.9624505928853755,0.391304347826087,2,0,16522,16543,CTGGACCATACTTCATATGAAG,0.9802371541501976,0.5652173913043478,1,0,2876,2951.924901185771,210,70.0,0.2109028960817717,0.2564455139223101,0.09828178694158075,-0.15816372698072934,210,210,70.0,0,-0.15816372698072934,False
205,13501,16630,3130,3000,3000.0,2943,3025,2979.0,3020.6,0.9577441311293222,0.9705797101448904,0.9966666666666667,0.8645919097005753,0.9133333333333454,13651,13672,CTTGAATCTCAGCCAGACGACA,0.9624505928853755,0.391304347826087,2,0,16522,16543,CTGGACCATACTTCATATGAAG,0.9802371541501976,0.5652173913043478,1,0,2878,2952.897233201581,207,69.0,0.2040885860306644,0.2514579759862779,0.09505833905284831,-0.15639963693342956,207,207,69.0,0,-0.15639963693342956,False
206,14401,17530,3130,3000,3000.0,2936,3018,2971.2,3012.4,0.9569245728573464,1.0,1.0,0.902318840579713,0.9292753623188158,14624,14645,TTCTCATCAGCTCCATCATGGG,0.9584980237154151,0.391304347826087,2,0,17375,17396,GTGTGTATGTAGACCGGACCTC,0.9644268774703558,0.5652173913043478,2,0,2890,2953.6284584980235,181,60.333333333333336,0.1765710382513661,0.2215363511659808,0.08356258596973865,-0.13797376519624216,181,181,60.333333333333336,0,-0.13797376519624216,False
207,13401,15439,2039,2000,2000.0,1980,2020,1992.2,2020.0,0.9811501801820983,0.9149275362318501,1.0,0.8606395287481792,0.8942028985507204,13651,13672,CTTGAATCTCAGCCAGACGACA,0.9624505928853755,0.391304347826087,2,0,15319,15340,TAGACATTAGCATATGAAGCTG,0.966403162055336,0.5652173913043478,3,0,1973,1991.110671936759,148,74.0,0.2005,0.24370594159113795,0.09022556390977443,-0.15348037768136352,148,148,74.0,0,-0.15348037768136352,False
208,13501,15520,2020,2000,2000.0,1981,2005,1993.2,2005.0,0.9892380542402033,0.9705797101448904,1.0,0.8645919097005753,0.903043478260879,13651,13672,CTTGAATCTCAGCCAGACGACA,0.9624505928853755,0.391304347826087,2,0,15319,15340,TAGACATTAGCATATGAAGCTG,0.966403162055336,0.5652173913043478,3,0,1974,1993.0830039525692,146,73.0,0.19490254872563717,0.24385348720521827,0.086,-0.15785348720521827,146,146,73.0,0,-0.15785348720521827,False
209,14401,16511,2111,2000,2000.0,1936,2018,1969.8,2013.0,0.9445554342677107,1.0,0.976231884057967,0.902318840579713,0.8918051726619282,14624,14645,TTCTCATCAGCTCCATCATGGG,0.9584980237154151,0.391304347826087,2,0,16297,16318,CTGTGCCGCCTGACAAGGCCAA,0.966403162055336,0.5217391304347826,3,0,1891,1953.7470355731225,134,67.0,0.21265560165975103,0.26356993736951984,0.09696016771488469,-0.16660976965463514,134,134,67.0,0,-0.16660976965463514,False
210,13401,14936,1536,1500,1500.0,1485,1524,1496.2,1524.0,0.9792232789855007,0.9149275362318501,1.0,0.8606395287481792,0.9111594202898717,13651,13672,CTTGAATCTCAGCCAGACGACA,0.9624505928853755,0.391304347826087,2,0,14842,14863,CTCCTAGGAAAGCCGTGAGCCA,0.9545454545454546,0.391304347826087,3,0,1478,1495.1778656126482,112,74.66666666666667,0.1988031914893617,0.2389261744966443,0.08805870580386925,-0.15086746869277506,112,112,74.66666666666667,0,-0.15086746869277506,False
211,13501,15013,1513,1500,1500.0,1482,1505,1493.2,1505.0,0.9899422397195249,0.9705797101448904,1.0,0.8645919097005753,0.912173913043498,13651,13672,CTTGAATCTCAGCCAGACGACA,0.9624505928853755,0.391304347826087,2,0,14842,14863,CTCCTAGGAAAGCCGTGAGCCA,0.9545454545454546,0.391304347826087,3,0,1475,1493.1501976284585,110,73.33333333333333,0.19187208527648233,0.23576691225720026,0.08266666666666667,-0.1531002455905336,110,110,73.33333333333333,0,-0.1531002455905336,False
212,14301,17940,3640,3500,3500.0,3431,3523,3464.8,3516.4,0.9599617773530859,1.0,0.9818840579710195,0.8953623188405739,0.925732229123502,14333,14354,CTCCGTCATTTACGCAACTTCA,0.9545454545454546,0.30434782608695654,2,0,17641,17662,ACATGTCGTTCTCAACCAAGGT,0.9980237154150197,0.9565217391304348,1,0,3384,3449.0,210,60.0,0.1763157894736842,0.21489299325710937,0.0846312077578607,-0.13026178549924866,210,210,60.0,0,-0.13026178549924866,False
213,14301,16911,2611,2500,2500.0,2436,2518,2469.8,2513.0,0.9551729305779921,1.0,1.0,0.8953623188405739,0.9410144927536203,14333,14354,CTCCGTCATTTACGCAACTTCA,0.9545454545454546,0.30434782608695654,2,0,16771,16792,ATAGCTGATTGACATATGCTTT,0.992094861660079,0.8260869565217391,1,0,2391,2453.7470355731225,157,62.8,0.19357495881383854,0.236341059602649,0.08803986710963455,-0.14830119249301446,157,157,62.8,0,-0.14830119249301446,False
214,14301,17430,3130,3000,3000.0,2936,3018,2971.2,3012.4,0.9569245728573464,1.0,0.9407246376811903,0.8953623188405739,0.9207575757575553,14333,14354,CTCCGTCATTTACGCAACTTCA,0.9545454545454546,0.30434782608695654,2,0,17375,17396,GTGTGTATGTAGACCGGACCTC,0.9644268774703558,0.5652173913043478,2,0,2890,2953.6284584980235,185,61.666666666666664,0.18101092896174864,0.22530864197530864,0.08425034387895461,-0.14105829809635403,185,185,61.666666666666664,0,-0.14105829809635403,False
215,14301,16411,2111,2000,2000.0,1936,2018,1969.8,2013.0,0.9445554342677107,1.0,0.9120289855072891,0.8953623188405739,0.8794040600869024,14333,14354,CTCCGTCATTTACGCAACTTCA,0.9545454545454546,0.30434782608695654,2,0,16297,16318,CTGTGCCGCCTGACAAGGCCAA,0.966403162055336,0.5217391304347826,3,0,1891,1953.7470355731225,138,69.0,0.21680497925311204,0.2640918580375783,0.09643605870020965,-0.16765579933736863,138,138,69.0,0,-0.16765579933736863,False
216,24101,26862,2762,2500,2500.0,2448,2564,2449.0,2535.0,0.903803167207088,0.9414492753623199,0.9239130434782419,0.8936949620425851,0.9281111111109446,24345,24366,CCTCCCATCTCATTGGAGACTC,0.9505928853754941,0.2608695652173913,3,0,26821,26842,AGGTGATGGACACGATTGAGTG,1.0,1.0,0,0,2393,2443.407114624506,155,62.0,0.1626283367556468,0.18690819267188144,0.1005248284214776,-0.08638336425040384,155,155,62.0,0,-0.08638336425040384,False
217,24101,27878,3778,3500,3500.0,3448,3567,3449.0,3540.0,0.9258061546251459,0.9414492753623199,0.9868115942029181,0.8936949620425851,0.9260267268962464,24345,24366,CCTCCCATCTCATTGGAGACTC,0.9505928853754941,0.2608695652173913,3,0,27635,27656,ATTTGCACTATGCTTACAACAA,0.992094861660079,0.8260869565217391,1,0,3391,3441.8260869565215,209,59.714285714285715,0.1537565521258008,0.17986655062373078,0.09511494252873563,-0.08475160809499514,209,209,59.714285714285715,0,-0.08475160809499514,False
218,24101,27374,3274,3000,3000.0,2950,3067,2950.2,3037.0,0.9155932113356523,0.9414492753623199,0.9644927536231626,0.8936949620425851,0.9127192316539124,24345,24366,CCTCCCATCTCATTGGAGACTC,0.9505928853754941,0.2608695652173913,3,0,27094,27115,GGGCTTCTCTATGGCCCAAGGA,0.9802371541501976,0.8260869565217391,3,0,2892,2942.885375494071,191,63.666666666666664,0.15355805243445692,0.18317503392130258,0.09634105404498154,-0.08683397987632104,191,191,63.666666666666664,0,-0.08683397987632104,False
219,24101,25648,1548,1500,1500.0,1495,1524,1497.2,1504.6,0.9698348500168303,0.9414492753623199,0.9998550724637728,0.8936949620425851,0.942753623188352,24345,24366,CCTCCCATCTCATTGGAGACTC,0.9505928853754941,0.2608695652173913,3,0,25549,25570,GAGAGAGTGGCTGTTGACTATA,0.9802371541501976,0.782608695652174,2,0,1482,1491.897233201581,89,59.333333333333336,0.15456362425049966,0.17417619367854742,0.09479305740987984,-0.07938313626866758,89,89,59.333333333333336,0,-0.07938313626866758,False
220,26401,27982,1582,1500,1500.0,1487,1522,1488.2,1518.6,0.9486615731325211,0.7860869565217339,0.9786956521739315,0.9140244851764995,0.8897502497501167,26647,26668,ACTGGTGGATAAGCCCACTCCG,0.9584980237154151,0.17391304347826086,2,0,27710,27731,TCAACACTAGCGTGCGCCTTCT,0.9505928853754941,0.4782608695652174,3,0,1478,1489.8142292490118,82,54.666666666666664,0.14199192462987886,0.1814516129032258,0.08605737158105403,-0.09539424132217178,82,82,54.666666666666664,0,-0.09539424132217178,False
