overall_rank,alignment_start,alignment_end,alignment_width_columns,target_length_bp,median_length_bp,min_length_bp,max_length_bp,q10_length_bp,q90_length_bp,mean_candidate_coverage,left_end_coverage,right_end_coverage,left_end_conservation,right_end_conservation,left_site_start,left_site_end,left_site_consensus_5to3,left_site_mean_conservation,left_site_exact_fraction,left_site_max_mismatches,left_site_max_3prime_mismatches,right_site_start,right_site_end,right_site_consensus_5to3,right_site_mean_conservation,right_site_exact_fraction,right_site_max_mismatches,right_site_max_3prime_mismatches,minimum_pair_comparable_bp,mean_pair_comparable_bp,diagnostic_sites_don_niv,diagnostic_density_don_niv_per_kb,within_don_niv_group_a_max,within_don_niv_group_b_max,between_don_niv_min,margin_don_niv,diagnostic_sites_adon,diagnostic_density_adon_per_kb,within_adon_group_a_max,within_adon_group_b_max,between_adon_min,margin_adon,balanced_diagnostic_sites,total_diagnostic_sites,balanced_diagnostic_density_per_kb,positive_margin_count,balanced_margin,all_required_margins_positive
1,33901,36102,2202,2000,2000.0,1988,2046,1992.0,2015.0,0.9097127611262489,0.8447916666666667,0.9997916666666666,0.9667045454545465,0.9724722222222165,33960,33981,GTTGGTGATTCATAGTCGTTTA,1.0,1.0,0,0,35933,35954,AGAAGTAAGGGTTCAGGTAGCC,1.0,1.0,0,0,1944,1977.6166666666666,21,10.5,0.05398587285570131,0.21267893660531698,0.03969849246231156,-0.17298044414300542,2,1.0,0.053003533568904596,0.03722334004024145,0.0080040020010005,-0.044999531567904094,2,23,1.0,0,-0.17298044414300542,False
2,33701,37409,3709,3500,3500.0,3490,3537,3494.0,3511.5,0.9443583176058237,0.95,0.9795833333333334,0.9629166666666666,0.9382738095238043,33886,33907,AATCCACCGTTGGTAGAGAGTA,1.0,1.0,0,0,37175,37196,ACAAAGCCTTGAGAACCTTGAC,1.0,1.0,0,0,3432,3474.233333333333,32,9.142857142857142,0.05073508215624099,0.20005807200929152,0.0379746835443038,-0.1620833884649877,2,0.5714285714285714,0.04873125720876586,0.03755733944954128,0.006287510717347814,-0.04244374649141804,2,34,0.5714285714285714,0,-0.1620833884649877,False
3,25301,27014,1714,1500,1500.0,1489,1557,1492.5,1538.0,0.8809072345390898,0.9997916666666666,1.0,0.965625,0.9633333333333334,25549,25570,TATAGTCAACAGCCACTCTCTC,1.0,1.0,0,0,26821,26842,AGGTGATGGACACGATTGAGTG,1.0,1.0,0,0,1436,1477.3166666666666,19,12.666666666666666,0.08271687962340282,0.175,0.04679144385026738,-0.12820855614973262,1,0.6666666666666666,0.08271687962340282,0.03571428571428571,0.016,-0.06671687962340282,1,20,0.6666666666666666,0,-0.12820855614973262,False
4,25501,27214,1714,1500,1500.0,1490,1557,1492.5,1538.0,0.8809436989498249,0.9754166666666667,1.0,0.9687202380952415,0.956875,25549,25570,TATAGTCAACAGCCACTCTCTC,1.0,1.0,0,0,26974,26995,AGGAATTCGACGATGAGCGTGA,1.0,1.0,0,0,1437,1477.4416666666666,19,12.666666666666666,0.08338937457969066,0.18043025676613464,0.05003335557038025,-0.1303969011957544,1,0.6666666666666666,0.08338937457969066,0.04107744107744108,0.022,-0.06138937457969066,1,20,0.6666666666666666,0,-0.1303969011957544,False
5,25401,27114,1714,1500,1500.0,1489,1557,1492.5,1538.0,0.8809072345390898,0.9997916666666666,1.0,0.9691666666666666,0.9604166666666667,25549,25570,TATAGTCAACAGCCACTCTCTC,1.0,1.0,0,0,26821,26842,AGGTGATGGACACGATTGAGTG,1.0,1.0,0,0,1436,1477.3166666666666,19,12.666666666666666,0.08338937457969066,0.1798611111111111,0.049366244162775186,-0.13049486694833592,1,0.6666666666666666,0.08338937457969066,0.03840970350404313,0.021333333333333333,-0.06205604124635733,1,20,0.6666666666666666,0,-0.13049486694833592,False
6,35901,37407,1507,1500,1500.0,1491,1502,1494.0,1502.0,0.9949402786994028,0.9997916666666666,0.9795833333333334,0.9743472222222166,0.9391071428571377,35933,35954,GGCTACCTGAACCCTTACTTCT,1.0,1.0,0,0,37175,37196,ACAAAGCCTTGAGAACCTTGAC,1.0,1.0,0,0,1483,1496.4916666666666,5,3.3333333333333335,0.044,0.18371467025572005,0.020639147802929428,-0.1630755224527906,1,0.6666666666666666,0.04066666666666666,0.0400266844563042,0.0026666666666666666,-0.038,1,6,0.6666666666666666,0,-0.1630755224527906,False
7,35701,37202,1502,1500,1500.0,1497,1502,1500.0,1502.0,0.9990013315579228,1.0,0.9966666666666667,0.9658333333333333,0.9682175925925912,35933,35954,GGCTACCTGAACCCTTACTTCT,1.0,1.0,0,0,37094,37115,GGGCGTGAGTCATGTCAATGTC,1.0,1.0,0,0,1495,1499.3666666666666,2,1.3333333333333333,0.042,0.16421895861148197,0.013315579227696404,-0.15090337938378556,1,0.6666666666666666,0.03933333333333333,0.0400266844563042,0.0033333333333333335,-0.03669335112297087,1,3,0.6666666666666666,0,-0.15090337938378556,False
8,35801,37302,1502,1500,1500.0,1491,1502,1494.0,1502.0,0.9982523302263648,0.9997916666666666,0.99625,0.9724722222222165,0.9659821428571377,35933,35954,GGCTACCTGAACCCTTACTTCT,1.0,1.0,0,0,37094,37115,GGGCGTGAGTCATGTCAATGTC,1.0,1.0,0,0,1486,1497.1916666666666,2,1.3333333333333333,0.03933333333333333,0.16655473472128945,0.014647137150466045,-0.15190759757082342,1,0.6666666666666666,0.03666666666666667,0.037358238825883926,0.0026666666666666666,-0.03469157215921726,1,3,0.6666666666666666,0,-0.15190759757082342,False
9,33801,36002,2202,2000,2000.0,1989,2046,1992.0,2015.0,0.909741144414169,0.89,1.0,0.9760416666666667,0.9654166666666667,33886,33907,AATCCACCGTTGGTAGAGAGTA,1.0,1.0,0,0,35933,35954,AGAAGTAAGGGTTCAGGTAGCC,1.0,1.0,0,0,1945,1977.7416666666666,22,11.0,0.054490413723511606,0.21114519427402864,0.04120603015075377,-0.16993916412327487,1,0.5,0.05350832912670368,0.03569632981397687,0.0080040020010005,-0.04550432712570318,1,23,0.5,0,-0.16993916412327487,False
10,25601,27829,2229,2000,2000.0,1993,2067,1994.5,2041.0,0.901973979362943,0.9729166666666667,0.9879166666666667,0.9624702380952416,0.960625,25628,25649,TAGTACATCAACAGGCTCGTCT,1.0,1.0,0,0,27551,27572,TACAGGCTTCCCTCCAAACAAT,0.9971590909090909,0.9375,1,0,1931,1974.9666666666667,27,13.5,0.08098591549295775,0.17701863354037267,0.05271084337349398,-0.12430779016687869,5,2.5,0.08098591549295775,0.04584382871536524,0.029,-0.05198591549295775,5,32,2.5,0,-0.12430779016687869,False
11,25501,27725,2225,2000,2000.0,1993,2067,1994.5,2039.5,0.9034269662921348,0.9754166666666667,1.0,0.9687202380952415,0.9675,25549,25570,TATAGTCAACAGCCACTCTCTC,1.0,1.0,0,0,27551,27572,TACAGGCTTCCCTCCAAACAAT,0.9971590909090909,0.9375,1,0,1932,1975.175,23,11.5,0.08048289738430583,0.17330574236937402,0.05471887550200803,-0.11858686686736598,5,2.5,0.08048289738430583,0.04433249370277078,0.0275,-0.05298289738430584,5,28,2.5,0,-0.11858686686736598,False
12,25401,27625,2225,2000,2000.0,1993,2067,1994.0,2039.5,0.9033988764044943,0.9997916666666666,1.0,0.9691666666666666,0.966875,25549,25570,TATAGTCAACAGCCACTCTCTC,1.0,1.0,0,0,27551,27572,TACAGGCTTCCCTCCAAACAAT,0.9971590909090909,0.9375,1,0,1932,1975.05,23,11.5,0.08148893360160966,0.1727884117951371,0.05271084337349398,-0.12007756842164312,5,2.5,0.08148893360160966,0.04435483870967742,0.028,-0.05348893360160967,5,28,2.5,0,-0.12007756842164312,False
13,33801,36502,2702,2500,2500.0,2488,2546,2492.0,2515.0,0.9264202442635086,0.89,1.0,0.9760416666666667,0.97,33886,33907,AATCCACCGTTGGTAGAGAGTA,1.0,1.0,0,0,36416,36437,TACCCTCATCGAGCATTCGCTC,0.9971590909090909,0.9375,1,0,2444,2477.616666666667,24,9.6,0.04794520547945205,0.1966612377850163,0.03493975903614458,-0.16172147874887172,2,0.8,0.04675534058847239,0.034967845659163985,0.006802721088435374,-0.039952619500037014,2,26,0.8,0,-0.16172147874887172,False
14,33901,36602,2702,2500,2500.0,2488,2546,2492.0,2515.0,0.9263508512213176,0.8447916666666667,0.999375,0.9667045454545465,0.9524027777777762,33960,33981,GTTGGTGATTCATAGTCGTTTA,1.0,1.0,0,0,36416,36437,TACCCTCATCGAGCATTCGCTC,0.9971590909090909,0.9375,1,0,2444,2477.241666666667,22,8.8,0.05184285135682463,0.20260905014268243,0.03493975903614458,-0.16766929110653786,2,0.8,0.04943273905996758,0.03938906752411576,0.007603041216486595,-0.041829697843480985,2,24,0.8,0,-0.16766929110653786,False
15,33701,36902,3202,3000,3000.0,2988,3045,2992.0,3014.5,0.9377732667083073,0.95,0.9991666666666666,0.9629166666666666,0.9626805555555499,33886,33907,AATCCACCGTTGGTAGAGAGTA,1.0,1.0,0,0,36690,36711,ATGACATGCTCCTTGTACTTCA,0.9971590909090909,0.9375,1,0,2943,2976.75,29,9.666666666666666,0.051532502526103065,0.19560067681895094,0.03411371237458194,-0.161486964444369,2,0.6666666666666666,0.049528301886792456,0.038821954484605084,0.007002334111370457,-0.042525967775422,2,31,0.6666666666666666,0,-0.161486964444369,False
16,51001,52585,1585,1500,1500.0,1444,1532,1499.5,1521.0,0.9472791798107255,0.8072916666666666,0.9739583333333334,0.8833333333333333,0.9447435897435935,51195,51216,CATCCGGCTGGGCGTCTCAAGA,1.0,1.0,0,0,52344,52365,AGATGGTGTTCATGACCTTGGA,0.9971590909090909,0.9375,1,0,1437,1491.7666666666667,1,0.6666666666666666,0.06004002668445631,0.1730126920507682,0.012666666666666666,-0.16034602538410153,19,12.666666666666666,0.06004002668445631,0.02779708130646282,0.012666666666666666,-0.04737336001778964,1,20,0.6666666666666666,0,-0.16034602538410153,False
17,33701,35902,2202,2000,2000.0,1989,2046,1992.0,2015.0,0.909741144414169,0.95,1.0,0.9629166666666666,0.9610416666666667,33886,33907,AATCCACCGTTGGTAGAGAGTA,1.0,1.0,0,0,35783,35804,ATGAATCCCTGATGTGAACTTC,0.9971590909090909,0.9375,1,0,1945,1977.7416666666666,27,13.5,0.058022199798183655,0.21370143149284254,0.04522613065326633,-0.1684753008395762,1,0.5,0.05754669358909641,0.03569632981397687,0.008504252126063032,-0.04904244146303338,1,28,0.5,0,-0.1684753008395762,False
18,25301,27525,2225,2000,2000.0,1993,2067,1994.0,2039.5,0.9033988764044943,0.9997916666666666,0.9652083333333333,0.965625,0.946545260295267,25549,25570,TATAGTCAACAGCCACTCTCTC,1.0,1.0,0,0,27494,27515,CCAAAGAGTGCATGGCGGATCT,0.9886363636363636,0.875,2,0,1932,1975.05,23,11.5,0.08048289738430583,0.17589239524055872,0.051706827309236945,-0.12418556793132177,4,2.0,0.08048289738430583,0.04435483870967742,0.0265,-0.05398289738430584,4,27,2.0,0,-0.12418556793132177,False
19,25601,27325,1725,1500,1500.0,1493,1567,1494.5,1539.5,0.8754347826086957,0.9729166666666667,0.9639583333333334,0.9624702380952416,0.9391093628593686,25628,25649,TAGTACATCAACAGGCTCGTCT,1.0,1.0,0,0,27094,27115,GGGCTTCTCTATGGCCCAAGGA,0.9886363636363636,0.875,2,0,1432,1475.175,21,14.0,0.0846774193548387,0.19050942079553385,0.05227882037533512,-0.13823060042019872,2,1.3333333333333333,0.0846774193548387,0.04915824915824916,0.02666666666666667,-0.05801075268817203,2,23,1.3333333333333333,0,-0.13823060042019872,False
20,33701,36402,2702,2500,2500.0,2488,2546,2492.0,2515.0,0.9264202442635086,0.95,1.0,0.9629166666666666,0.9704166666666667,33886,33907,AATCCACCGTTGGTAGAGAGTA,1.0,1.0,0,0,36161,36182,TGGTAAGACCCAAGAATCCGTC,0.9943181818181818,0.875,1,0,2444,2477.616666666667,29,11.6,0.0499597099113618,0.1999185667752443,0.03775100401606426,-0.16216756275918004,2,0.8,0.04917372027408303,0.034967845659163985,0.007202881152460984,-0.04197083912162205,2,31,0.8,0,-0.16216756275918004,False
21,33801,37004,3204,3000,3000.0,2990,3046,2994.0,3016.0,0.9375,0.89,0.9958333333333333,0.9760416666666667,0.9594398148148078,33886,33907,AATCCACCGTTGGTAGAGAGTA,1.0,1.0,0,0,36786,36807,TGTGCATGAAATAGGTGGACTG,0.9943181818181818,0.875,1,0,2944,2977.108333333333,24,8.0,0.049511620074099025,0.19620467638088784,0.03277591973244147,-0.16342875664844636,2,0.6666666666666666,0.04716981132075472,0.039491298527443104,0.006668889629876626,-0.04050092169087809,2,26,0.6666666666666666,0,-0.16342875664844636,False
22,33901,37104,3204,3000,3000.0,2990,3046,2994.0,3016.0,0.9375,0.8447916666666667,0.9966666666666667,0.9667045454545465,0.9661342592592579,33960,33981,GTTGGTGATTCATAGTCGTTTA,1.0,1.0,0,0,36837,36858,TCCATCGCTCAGGCTTGAACTT,0.9943181818181818,0.875,1,0,2944,2977.108333333333,22,7.333333333333333,0.050185247558100374,0.1951219512195122,0.03293010752688172,-0.16219184369263048,2,0.6666666666666666,0.04784366576819407,0.040829986613119144,0.006668889629876626,-0.041174776138317444,2,24,0.6666666666666666,0,-0.16219184369263048,False
23,33901,35602,1702,1500,1500.0,1489,1546,1492.0,1515.0,0.8832256169212691,0.8447916666666667,0.9570833333333333,0.9667045454545465,0.9420833333333334,33960,33981,GTTGGTGATTCATAGTCGTTTA,1.0,1.0,0,0,35560,35581,GTGGGTGCAAGTACAGGTTGTA,0.9829545454545454,0.875,3,0,1445,1477.7416666666666,20,13.333333333333334,0.06005398110661268,0.22939560439560439,0.05100671140939597,-0.1783888929862084,1,0.6666666666666666,0.05806887238352464,0.03895231699126931,0.009339559706470981,-0.04872931267705366,1,21,0.6666666666666666,0,-0.1783888929862084,False
24,51101,52645,1545,1500,1500.0,1401,1512,1499.5,1509.5,0.9683252427184466,0.9245833333333333,0.9645833333333333,0.9460416666666667,0.9406559829060279,51195,51216,CATCCGGCTGGGCGTCTCAAGA,1.0,1.0,0,0,52346,52367,GTAGATGGTGTTCATGACCTTG,0.9943181818181818,0.875,1,0,1394,1486.0083333333334,0,0.0,0.061374249499666446,0.16310160427807488,0.013333333333333334,-0.14976827094474154,15,10.0,0.061374249499666446,0.028666666666666667,0.007333333333333333,-0.054040916166333115,0,15,0.0,0,-0.14976827094474154,False
25,26801,28372,1572,1500,1500.5,1494,1516,1494.0,1504.5,0.9550333969465649,1.0,0.9191666666666667,0.9583333333333334,0.8908392857142826,26821,26842,CACTCAATCGTGTCCATCACCT,1.0,1.0,0,0,28191,28212,ATCCCTAGATTTAGGCCTACTC,0.9914772727272727,0.8125,1,0,1488,1496.325,22,14.66177940686438,0.08533333333333333,0.20362903225806453,0.06430006697923643,-0.1393289652788281,6,3.9986671109630123,0.08533333333333333,0.06066666666666667,0.035333333333333335,-0.049999999999999996,6,28,3.9986671109630123,0,-0.1393289652788281,False
26,26701,28265,1565,1500,1500.5,1494,1509,1494.0,1504.5,0.9590255591054313,1.0,0.840625,0.9639583333333334,0.7894450549450509,26821,26842,CACTCAATCGTGTCCATCACCT,1.0,1.0,0,0,28191,28212,ATCCCTAGATTTAGGCCTACTC,0.9914772727272727,0.8125,1,0,1488,1496.325,19,12.662445851382873,0.08,0.1975806451612903,0.05961152042866711,-0.1379691247326232,6,3.9986671109630123,0.08,0.06133333333333333,0.035333333333333335,-0.04466666666666667,6,25,3.9986671109630123,0,-0.1379691247326232,False
27,25601,28386,2786,2500,2500.0,2494,2573,2494.5,2542.5,0.9013819095477387,0.9729166666666667,0.9625,0.9624702380952416,0.9312559523809493,25628,25649,TAGTACATCAACAGGCTCGTCT,1.0,1.0,0,0,28191,28212,ATCCCTAGATTTAGGCCTACTC,0.9914772727272727,0.8125,1,0,2427,2473.766666666667,41,16.4,0.08926417370325694,0.20345963756177923,0.0630268968285829,-0.14043274073319634,6,2.4,0.08926417370325694,0.049899396378269616,0.0264,-0.06286417370325695,6,47,2.4,0,-0.14043274073319634,False
28,25501,28279,2779,2500,2500.0,2494,2566,2494.5,2542.5,0.9034949622166247,0.9754166666666667,0.84125,0.9687202380952415,0.7987559523809492,25549,25570,TATAGTCAACAGCCACTCTCTC,1.0,1.0,0,0,28191,28212,ATCCCTAGATTTAGGCCTACTC,0.9914772727272727,0.8125,1,0,2427,2473.766666666667,36,14.4,0.08845999195818255,0.19769357495881384,0.0630268968285829,-0.13466667813023095,6,2.4,0.08845999195818255,0.04869215291750503,0.0264,-0.06205999195818255,6,42,2.4,0,-0.13466667813023095,False
29,25701,27929,2229,2000,2000.0,1993,2067,1994.5,2040.5,0.9019179004037685,0.9541666666666667,0.9875,0.9485119047619083,0.9429166666666666,25787,25808,CGATGTTACAATATAATGCAAG,1.0,1.0,0,0,27635,27656,ATTTGCACTATGCTTACAACAA,0.9914772727272727,0.8125,1,0,1930,1974.725,25,12.5,0.0829979879275654,0.18643190056965303,0.05421686746987952,-0.1322150330997735,5,2.5,0.0829979879275654,0.05188916876574307,0.029,-0.0539979879275654,5,30,2.5,0,-0.1322150330997735,False
30,25701,27425,1725,1500,1500.0,1493,1567,1494.5,1539.5,0.8754347826086957,0.9541666666666667,0.9639583333333334,0.9485119047619083,0.9466093628593687,25787,25808,CGATGTTACAATATAATGCAAG,1.0,1.0,0,0,27184,27205,GGATTGAGCAGTACAACTTTGG,0.9914772727272727,0.8125,1,0,1432,1475.175,19,12.666666666666666,0.0846774193548387,0.19456066945606695,0.05294906166219839,-0.14161160779386855,2,1.3333333333333333,0.0846774193548387,0.04983164983164983,0.028666666666666667,-0.05601075268817204,2,21,1.3333333333333333,0,-0.14161160779386855,False
31,26901,28496,1596,1500,1500.5,1494,1515,1494.0,1513.0,0.9413377192982456,1.0,0.8945833333333333,0.9566666666666667,0.8935615079365137,26974,26995,TCACGCTCATCGTCGAATTCCT,1.0,1.0,0,0,28197,28218,GGATTGATCCCTAGATTTAGGC,0.9829545454545454,0.75,2,0,1487,1496.0416666666667,26,17.327557480839722,0.08739159439626418,0.21856086079354406,0.06965840589417281,-0.14890245489937126,6,3.9986671109630123,0.08739159439626418,0.056666666666666664,0.03266666666666666,-0.054724927729597514,6,32,3.9986671109630123,0,-0.14890245489937126,False
32,33701,35400,1700,1500,1500.0,1489,1546,1492.0,1515.0,0.8841911764705882,0.95,0.91875,0.9629166666666666,0.9402083333333333,33886,33907,AATCCACCGTTGGTAGAGAGTA,1.0,1.0,0,0,35241,35262,TGACGAAAAATGAAGCATTAGG,0.9886363636363636,0.75,1,0,1445,1477.7333333333333,25,16.666666666666668,0.06072874493927125,0.22184065934065933,0.051470588235294115,-0.17037007110536523,1,0.6666666666666666,0.05941931127616475,0.0335795836131632,0.01000667111407605,-0.049412640162088704,1,26,0.6666666666666666,0,-0.17037007110536523,False
33,33801,35502,1702,1500,1500.0,1489,1546,1492.0,1515.0,0.8832256169212691,0.89,0.9504166666666667,0.9760416666666667,0.9308333333333333,33886,33907,AATCCACCGTTGGTAGAGAGTA,1.0,1.0,0,0,35241,35262,TGACGAAAAATGAAGCATTAGG,0.9886363636363636,0.75,1,0,1445,1477.7416666666666,22,14.666666666666666,0.06005398110661268,0.22939560439560439,0.052348993288590606,-0.17704661110701378,1,0.6666666666666666,0.05806887238352464,0.038280725319006045,0.009339559706470981,-0.04872931267705366,1,23,0.6666666666666666,0,-0.17704661110701378,False
34,9301,10901,1601,1500,1500.0,1476,1533,1487.0,1523.0,0.9391786383510307,0.9660416666666667,0.99375,0.9404166666666667,0.9114583333333334,9349,9370,GCGAACATCTCGGGATAGCCCA,1.0,1.0,0,0,10658,10679,ATCTTGGGTCTCGCGAAAGTCG,0.9744318181818182,0.6875,2,0,1449,1486.575,49,32.666666666666664,0.13177257525083613,0.25336927223719674,0.11674449633088725,-0.1366247759063095,11,7.333333333333333,0.13177257525083613,0.07254237288135593,0.0033377837116154874,-0.12843479153922063,11,60,7.333333333333333,0,-0.1366247759063095,False
35,9201,10807,1607,1500,1500.5,1476,1534,1487.0,1526.0,0.9365276913503423,0.9670833333333333,0.9558333333333333,0.970625,0.913244047619052,9214,9235,CTTGTAAGGATCCCAAGTACTG,1.0,1.0,0,0,10658,10679,ATCTTGGGTCTCGCGAAAGTCG,0.9744318181818182,0.6875,2,0,1447,1486.475,46,30.65644785071643,0.12575250836120402,0.2550607287449393,0.10904255319148937,-0.14601817555344992,11,7.33088970343219,0.12307692307692308,0.06508474576271187,0.0020013342228152103,-0.12107558885410788,11,57,7.33088970343219,0,-0.14601817555344992,False
36,8601,10705,2105,2000,2000.5,1976,2034,1987.0,2026.0,0.9524346793349169,1.0,0.9620833333333333,0.9727083333333333,0.9080357142857186,8672,8693,GCAGTCTTGAACTCGTGGTAAG,1.0,1.0,0,0,10658,10679,ATCTTGGGTCTCGCGAAAGTCG,0.9744318181818182,0.6875,2,0,1947,1986.475,42,20.994751312171957,0.09724310776942356,0.22227822580645162,0.07615230460921844,-0.14612592119723317,11,5.4986253436640835,0.0912718204488778,0.05518987341772152,0.002001000500250125,-0.08927081994862768,11,53,5.4986253436640835,0,-0.14612592119723317,False
37,9101,10705,1605,1500,1500.5,1476,1534,1487.0,1526.0,0.9376168224299065,0.9845833333333334,0.9620833333333333,0.9733333333333334,0.9080357142857186,9214,9235,CTTGTAAGGATCCCAAGTACTG,1.0,1.0,0,0,10658,10679,ATCTTGGGTCTCGCGAAAGTCG,0.9744318181818182,0.6875,2,0,1447,1486.475,42,27.990669776741086,0.1157190635451505,0.25303643724696356,0.09893048128342247,-0.1541059559635411,10,6.664445184938354,0.1117056856187291,0.059661016949152545,0.0020013342228152103,-0.10970435139591389,10,52,6.664445184938354,0,-0.1541059559635411,False
38,25301,28031,2731,2500,2500.0,2493,2566,2494.0,2541.0,0.9192145734163311,0.9997916666666666,0.9810416666666667,0.965625,0.9204807692307683,25549,25570,TATAGTCAACAGCCACTCTCTC,1.0,1.0,0,0,27845,27866,TAATGATATATAGTTAATAGCA,0.9744318181818182,0.6875,3,0,2429,2474.266666666667,32,12.8,0.08283071974266185,0.18477366255144034,0.05700521878763549,-0.12776844376380486,5,2.0,0.08283071974266185,0.04830917874396135,0.0252,-0.057630719742661846,5,37,2.0,0,-0.12776844376380486,False
39,8501,10057,1557,1500,1500.0,1499,1510,1499.5,1509.0,0.9645953757225434,1.0,0.8991666666666667,0.9822916666666667,0.9118551587301469,8672,8693,GCAGTCTTGAACTCGTGGTAAG,1.0,1.0,0,0,9846,9867,CAAACTCAATTCAAGAGGCCTG,0.9715909090909091,0.625,3,0,1477,1494.0666666666666,10,6.666666666666667,0.06537691794529686,0.19163292847503374,0.028685790527018012,-0.16294713794801574,1,0.6666666666666666,0.06363027461486939,0.0466977985323549,0.0013333333333333333,-0.06229694128153606,1,11,0.6666666666666666,0,-0.16294713794801574,False
40,8401,9939,1539,1500,1500.0,1493,1509,1496.0,1502.5,0.9745776478232618,1.0,0.934375,0.9797916666666666,0.8933333333333333,8672,8693,GCAGTCTTGAACTCGTGGTAAG,1.0,1.0,0,0,9846,9867,CAAACTCAATTCAAGAGGCCTG,0.9715909090909091,0.625,3,0,1481,1494.7833333333333,5,3.3333333333333335,0.060828877005347594,0.18733153638814015,0.02068045363575717,-0.166651082752383,1,0.6666666666666666,0.060828877005347594,0.04536357571714476,0.0013333333333333333,-0.05949554367201426,1,6,0.6666666666666666,0,-0.166651082752383,False
41,8501,11900,3400,3000,3000.0,2950,3301,2960.5,3286.0,0.9070220588235294,1.0,0.8702083333333334,0.9822916666666667,0.912708333333309,8672,8693,GCAGTCTTGAACTCGTGGTAAG,1.0,1.0,0,0,11701,11722,CCGCATCGAAGAGTCTCTTCAA,0.9659090909090909,0.5625,3,0,2834,2983.266666666667,76,25.333333333333332,0.1078894133513149,0.21501390176088972,0.1047843665768194,-0.11022953518407032,22,7.333333333333333,0.10788665073403893,0.06725543478260869,0.006731740154830024,-0.1011549105792089,22,98,7.333333333333333,0,-0.11022953518407032,False
42,9001,11900,2900,2500,2500.0,2450,2801,2460.5,2786.0,0.8909913793103448,0.9845833333333334,0.8702083333333334,0.9754166666666667,0.912708333333309,9214,9235,CTTGTAAGGATCCCAAGTACTG,1.0,1.0,0,0,11701,11722,CCGCATCGAAGAGTCTCTTCAA,0.9659090909090909,0.5625,3,0,2334,2483.266666666667,76,30.4,0.12350761630300536,0.23237120935330655,0.12125863392171911,-0.11111257543158744,21,8.4,0.12350761630300536,0.07242225859247135,0.007689194658033185,-0.11581842164497218,21,97,8.4,0,-0.11581842164497218,False
43,8401,11790,3390,3000,3000.5,2945,3296,2955.5,3281.0,0.9084255162241888,1.0,0.66,0.9797916666666666,0.9065138888888699,8672,8693,GCAGTCTTGAACTCGTGGTAAG,1.0,1.0,0,0,11701,11722,CCGCATCGAAGAGTCTCTTCAA,0.9659090909090909,0.5625,3,0,2829,2980.266666666667,72,23.996000666555574,0.10533515731874145,0.21132425742574257,0.09854876814039824,-0.11277548928534432,21,6.998833527745376,0.10533515731874145,0.06736985369173189,0.0050573162508428865,-0.10027784106789857,21,93,6.998833527745376,0,-0.11277548928534432,False
44,33801,37510,3710,3500,3500.0,3485,3509,3487.0,3504.0,0.9424696765498652,0.89,0.9560416666666667,0.9760416666666667,0.9014027777777665,33886,33907,AATCCACCGTTGGTAGAGAGTA,1.0,1.0,0,0,37211,37232,CAGTAAGATATTGAGACAGTTT,0.9744318181818182,0.5625,2,0,3399,3462.65,30,8.571428571428571,0.055491329479768786,0.20862676056338028,0.04124603403518892,-0.16738072652819136,2,0.5714285714285714,0.05348366579936398,0.04043590478921709,0.006289308176100629,-0.04719435762326335,2,32,0.5714285714285714,0,-0.16738072652819136,False
45,8601,10186,1586,1500,1500.0,1499,1528,1499.0,1518.5,0.9482976040353089,1.0,0.85125,0.9727083333333333,0.8923611111111011,8672,8693,GCAGTCTTGAACTCGTGGTAAG,1.0,1.0,0,0,10026,10047,CTGTCCATAAGGATGGCCTAAG,0.9772727272727273,0.5625,2,0,1475,1493.3083333333334,13,8.666666666666666,0.07676902536715621,0.21568627450980393,0.04205607476635514,-0.1736301997434488,1,0.6666666666666666,0.072337575351641,0.050700466977985324,0.0013333333333333333,-0.07100424201830766,1,14,0.6666666666666666,0,-0.1736301997434488,False
46,9301,11684,2384,2000,2000.0,1945,2295,1955.5,2280.5,0.8717229446308725,0.9660416666666667,0.60625,0.9404166666666667,0.8897281746031391,9349,9370,GCGAACATCTCGGGATAGCCCA,1.0,1.0,0,0,11417,11438,TGCTTACCTCTCCTTGCATCAT,0.9659090909090909,0.5,3,0,1829,1980.3666666666666,68,34.0,0.13768485466598673,0.2457475380483438,0.129293893129771,-0.1164536449185728,17,8.5,0.13768485466598673,0.08561113976276431,0.0035623409669211198,-0.1341225136990656,17,85,8.5,0,-0.1341225136990656,False
47,9201,11439,2239,2000,2000.0,1966,2151,1979.5,2135.0,0.913800803930326,0.9670833333333333,0.871875,0.970625,0.9003895502645355,9214,9235,CTTGTAAGGATCCCAAGTACTG,1.0,1.0,0,0,11417,11438,TGCTTACCTCTCCTTGCATCAT,0.9659090909090909,0.5,3,0,1863,1992.7416666666666,64,32.0,0.1343358395989975,0.23957834211787254,0.12161471640265713,-0.11796362571521542,17,8.5,0.13333333333333333,0.08160162189559048,0.0035,-0.12983333333333333,17,81,8.5,0,-0.12983333333333333,False
48,8501,11168,2668,2500,2500.0,2430,2583,2475.5,2567.0,0.9420680284857571,1.0,0.8247916666666667,0.9822916666666667,0.8713511904761799,8672,8693,GCAGTCTTGAACTCGTGGTAAG,1.0,1.0,0,0,10870,10891,CCAAACTCGCACAAGTCTCATG,0.9715909090909091,0.375,1,0,2383,2479.725,60,24.0,0.10340681362725451,0.21182070606902023,0.09171005206247497,-0.12011065400654526,14,5.6,0.0957886044591247,0.06628940986257073,0.0024,-0.0933886044591247,14,74,5.6,0,-0.12011065400654526,False
49,9001,11168,2168,2000,2000.0,1930,2083,1975.5,2067.0,0.9287073339483395,0.9845833333333334,0.8247916666666667,0.9754166666666667,0.8713511904761799,9214,9235,CTTGTAAGGATCCCAAGTACTG,1.0,1.0,0,0,10870,10891,CCAAACTCGCACAAGTCTCATG,0.9715909090909091,0.375,1,0,1883,1979.725,60,30.0,0.11929824561403508,0.23377909856364537,0.11140031233732431,-0.12237878622632106,13,6.5,0.11629072681704261,0.07244174265450862,0.0025,-0.11379072681704261,13,73,6.5,0,-0.12237878622632106,False
50,8401,11008,2608,2500,2500.0,2430,2535,2475.5,2526.5,0.9587806748466258,1.0,0.9754166666666667,0.9797916666666666,0.9069900793650595,8672,8693,GCAGTCTTGAACTCGTGGTAAG,1.0,1.0,0,0,10870,10891,CCAAACTCGCACAAGTCTCATG,0.9715909090909091,0.375,1,0,2383,2476.5,55,22.0,0.09619238476953908,0.2084507042253521,0.0816980376451742,-0.12675266658017792,12,4.8,0.09207266721717589,0.06103476151980598,0.0024,-0.08967266721717589,12,67,4.8,0,-0.12675266658017792,False
51,14501,18167,3667,3500,3500.5,3482,3540,3482.5,3532.0,0.9549188710117262,1.0,0.8997916666666667,0.9347916666666667,0.9329301948051882,14723,14744,AAGAGACTGCATGGATGACAGC,0.9943181818181818,0.9375,2,0,17889,17910,GCATCATGCGCATCTCTGCGTA,1.0,1.0,0,0,3378,3456.9083333333333,25,7.14183688044565,0.09982738780207134,0.2096632503660322,0.07774258566081198,-0.13192066470522024,213,60.84845022139694,0.06155167477812768,0.017276130146847105,0.0904885805145996,0.028936905736471917,25,238,7.14183688044565,1,-0.13192066470522024,False
52,50901,52492,1592,1500,1500.0,1456,1525,1492.5,1521.5,0.9429177135678392,0.78375,0.9897916666666666,0.8742123015873464,0.9569027777777955,51155,51176,CTTGGCCCGTGGGCCCCTGGCT,0.9971590909090909,0.9375,1,0,52193,52214,AGCCAGAGTCAAGTTGGTGTTG,1.0,1.0,0,0,1433,1488.8333333333333,5,3.3333333333333335,0.07071380920613743,0.18993288590604027,0.013368983957219251,-0.17656390194882102,20,13.333333333333334,0.07071380920613743,0.028256374913852515,0.020666666666666667,-0.05004714253947076,5,25,3.3333333333333335,0,-0.17656390194882102,False
53,34001,36186,2186,2000,2000.0,1988,2030,1992.0,2015.0,0.9159137694419031,0.876875,0.9997916666666666,0.94992203629703,0.9737222222222166,34059,34080,CGATCAAAGAGGGGCAAGGCGC,0.9971590909090909,0.9375,1,0,35933,35954,AGAAGTAAGGGTTCAGGTAGCC,1.0,1.0,0,0,1944,1977.6166666666666,21,10.5,0.052976791120080725,0.21267893660531698,0.04020100502512563,-0.17247793158019134,2,1.0,0.0524987380111055,0.036720321931589535,0.007503751875937969,-0.04499498613516753,2,23,1.0,0,-0.17247793158019134,False
54,34001,37188,3188,3000,3000.0,2990,3030,2994.0,3016.0,0.9418914680050188,0.876875,0.9966666666666667,0.94992203629703,0.9698842592592579,34059,34080,CGATCAAAGAGGGGCAAGGCGC,0.9971590909090909,0.9375,1,0,37094,37115,GGGCGTGAGTCATGTCAATGTC,1.0,1.0,0,0,2944,2977.108333333333,21,7.0,0.048837992590097676,0.19546070460704607,0.03192204301075269,-0.16353866159629338,2,0.6666666666666666,0.04683288409703504,0.03982597054886212,0.006335445148382794,-0.040497438948652244,2,23,0.6666666666666666,0,-0.16353866159629338,False
55,14601,17735,3135,3000,3000.0,2993,3018,2995.0,3014.5,0.957914673046252,1.0,0.981875,0.938125,0.9424861111111144,14723,14744,AAGAGACTGCATGGATGACAGC,0.9943181818181818,0.9375,2,0,17638,17659,TGTCGTTCTCAACCAAGGTCTG,0.9971590909090909,0.9375,1,0,2909,2971.4083333333333,20,6.666666666666667,0.10278804165267047,0.20616438356164385,0.07885065152021384,-0.12731373204143,206,68.66666666666667,0.058803875709989975,0.011007338225483656,0.09525412319084484,0.03645024748085486,20,226,6.666666666666667,1,-0.12731373204143,False
56,14701,17835,3135,3000,3000.0,2988,3018,2990.5,3014.5,0.9573165869218501,1.0,0.975625,0.938125,0.9379444444444501,14723,14744,AAGAGACTGCATGGATGACAGC,0.9943181818181818,0.9375,2,0,17638,17659,TGTCGTTCTCAACCAAGGTCTG,0.9971590909090909,0.9375,1,0,2904,2968.2833333333333,20,6.666666666666667,0.1009421265141319,0.2065180102915952,0.07931726907630522,-0.12720074121528996,199,66.33333333333333,0.059571619812583666,0.012028065486134313,0.0947403910991234,0.03516877128653973,20,219,6.666666666666667,1,-0.12720074121528996,False
57,14501,17111,2611,2500,2500.0,2485,2518,2490.0,2515.0,0.9581577939486786,1.0,1.0,0.9347916666666667,0.95625,14723,14744,AAGAGACTGCATGGATGACAGC,0.9943181818181818,0.9375,2,0,17074,17095,GCTTGCGCACCTTCATGCTGGC,0.9971590909090909,0.9375,1,0,2410,2472.6583333333333,15,6.0,0.11142511102139685,0.22190082644628098,0.08223024468511833,-0.13967058176116265,197,78.8,0.058587479935794544,0.008803521408563426,0.10483870967741936,0.046251229741624815,15,212,6.0,1,-0.13967058176116265,False
58,14601,17230,2630,2500,2500.0,2492,2518,2494.5,2514.5,0.9519011406844107,1.0,0.9425,0.938125,0.9524861111111083,14723,14744,AAGAGACTGCATGGATGACAGC,0.9943181818181818,0.9375,2,0,17074,17095,GCTTGCGCACCTTCATGCTGGC,0.9971590909090909,0.9375,1,0,2409,2472.525,14,5.6,0.11303996770286637,0.21735537190082643,0.08182912154031288,-0.13552625036051355,197,78.8,0.062174087444845566,0.009207365892714172,0.10564516129032259,0.04347107384547702,14,211,5.6,1,-0.13552625036051355,False
59,14701,17330,2630,2500,2500.0,2492,2518,2494.5,2514.5,0.9519011406844107,1.0,0.9425,0.938125,0.953527777777775,14723,14744,AAGAGACTGCATGGATGACAGC,0.9943181818181818,0.9375,2,0,17074,17095,GCTTGCGCACCTTCATGCTGGC,0.9971590909090909,0.9375,1,0,2409,2472.525,14,5.6,0.11303996770286637,0.21579164944191814,0.08223024468511833,-0.1335614047567998,193,77.2,0.06337745687926194,0.008807045636509208,0.10403225806451613,0.04065480118525419,14,207,5.6,1,-0.1335614047567998,False
60,34001,36686,2686,2500,2500.0,2488,2530,2492.0,2515.0,0.9314966492926284,0.876875,0.999375,0.94992203629703,0.9530277777777761,34059,34080,CGATCAAAGAGGGGCAAGGCGC,0.9971590909090909,0.9375,1,0,36416,36437,TACCCTCATCGAGCATTCGCTC,0.9971590909090909,0.9375,1,0,2444,2477.241666666667,21,8.4,0.05184285135682463,0.20301671422747655,0.03493975903614458,-0.16807695519133198,2,0.8,0.04983792544570503,0.039790996784565914,0.007202881152460984,-0.042635044293244044,2,23,0.8,0,-0.16807695519133198,False
61,14601,16711,2111,2000,2000.0,1985,2018,1990.0,2015.0,0.9482472761724301,1.0,1.0,0.938125,0.9477083333333334,14723,14744,AAGAGACTGCATGGATGACAGC,0.9943181818181818,0.9375,2,0,16687,16708,AACGAGTATGATTCTCTCGATC,0.9829545454545454,0.875,3,0,1910,1972.6583333333333,12,6.0,0.121840242669363,0.23958333333333334,0.08931259407927747,-0.15027073925405587,174,87.0,0.06224899598393574,0.009004502251125562,0.11565656565656565,0.05340756967262991,12,186,6.0,1,-0.15027073925405587,False
62,14701,16811,2111,2000,2000.0,1985,2018,1990.0,2015.0,0.9482472761724301,1.0,1.0,0.938125,0.9610416666666667,14723,14744,AAGAGACTGCATGGATGACAGC,0.9943181818181818,0.9375,2,0,16747,16768,AGGTAGGCTCTTGTTCAAGCAT,0.9943181818181818,0.875,1,0,1910,1972.6583333333333,11,5.5,0.11886697015680324,0.23802083333333332,0.08780732563973909,-0.15021350769359423,170,85.0,0.06325301204819277,0.0080040020010005,0.11262626262626263,0.04937325057806986,11,181,5.5,1,-0.15021350769359423,False
63,34001,35686,1686,1500,1500.0,1489,1530,1492.0,1515.0,0.8910142348754448,0.876875,0.9933333333333333,0.94992203629703,0.9541666666666667,34059,34080,CGATCAAAGAGGGGCAAGGCGC,0.9971590909090909,0.9375,1,0,35560,35581,GTGGGTGCAAGTACAGGTTGTA,0.9829545454545454,0.875,3,0,1445,1477.7416666666666,19,12.666666666666666,0.059379217273954114,0.23145604395604397,0.05084745762711865,-0.18060858632892532,1,0.6666666666666666,0.05806887238352464,0.03895231699126931,0.00867244829886591,-0.04939642408465873,1,20,0.6666666666666666,0,-0.18060858632892532,False
64,35601,37102,1502,1500,1500.0,1497,1502,1500.0,1502.0,0.9990013315579228,1.0,0.9966666666666667,0.9610416666666667,0.9661342592592579,35783,35804,GAAGTTCACATCAGGGATTCAT,0.9971590909090909,0.9375,1,0,36837,36858,TCCATCGCTCAGGCTTGAACTT,0.9943181818181818,0.875,1,0,1495,1499.3666666666666,2,1.3333333333333333,0.04466666666666667,0.1628838451268358,0.013981358189081226,-0.14890248693775457,1,0.6666666666666666,0.042,0.04336224149432955,0.0033333333333333335,-0.04002890816099622,1,3,0.6666666666666666,0,-0.14890248693775457,False
65,14501,17635,3135,3000,3000.0,2993,3018,2995.0,3014.5,0.957914673046252,1.0,0.981875,0.9347916666666667,0.9441527777777811,14723,14744,AAGAGACTGCATGGATGACAGC,0.9943181818181818,0.9375,2,0,17516,17537,CGGCAACAAAACTGCCGCCTTT,0.9914772727272727,0.8125,1,0,2909,2971.4083333333333,21,7.0,0.10413167618407793,0.21137375813634807,0.07951887738055463,-0.13185488075579344,213,71.0,0.05913798864016037,0.009006004002668445,0.09660047122181084,0.03746248258165047,21,234,7.0,1,-0.13185488075579344,False
66,14501,16611,2111,2000,2000.0,1985,2018,1990.0,2015.0,0.9482472761724301,1.0,0.9970833333333333,0.9347916666666667,0.9381547619047645,14723,14744,AAGAGACTGCATGGATGACAGC,0.9943181818181818,0.9375,2,0,16579,16600,CATCCTTCATGGCGTCCGGGTG,0.9886363636363636,0.75,1,0,1910,1972.6583333333333,11,5.5,0.12537917087967643,0.24635416666666668,0.09031610637230306,-0.15603806029436362,176,88.0,0.06224899598393574,0.009004502251125562,0.11717171717171718,0.05492272118778144,11,187,5.5,1,-0.15603806029436362,False
67,8801,10907,2107,2000,2000.5,1975,2034,1986.5,2025.5,0.9513526340768865,1.0,0.9920833333333333,0.96625,0.9108710317460281,8957,8978,GCATAAAGGCCGTTGTTGAGAC,0.9971590909090909,0.9375,1,0,10658,10679,ATCTTGGGTCTCGCGAAAGTCG,0.9744318181818182,0.6875,2,0,1946,1985.4916666666666,50,24.99375156210947,0.10982948846539618,0.22754793138244198,0.09318637274549098,-0.13436155863695098,12,5.998500374906273,0.106,0.06484295845997974,0.0025012506253126563,-0.10349874937468734,12,62,5.998500374906273,0,-0.13436155863695098,False
68,8701,10807,2107,2000,2000.5,1976,2034,1987.0,2026.0,0.9515899383009018,1.0,0.9558333333333333,0.9689583333333334,0.913244047619052,8732,8753,CGGACGTCGAAGCGAATGAGCT,0.9971590909090909,0.9375,1,0,10658,10679,ATCTTGGGTCTCGCGAAAGTCG,0.9744318181818182,0.6875,2,0,1947,1986.475,46,22.99425143714071,0.10476190476190476,0.22530241935483872,0.08517034068136273,-0.140132078673476,12,5.998500374906273,0.09925187032418953,0.05873417721518987,0.0015007503751875938,-0.09775111994900193,12,58,5.998500374906273,0,-0.140132078673476,False
69,14701,16311,1611,1500,1500.0,1492,1518,1493.5,1515.0,0.9327281191806331,1.0,0.8685416666666667,0.938125,0.9145416666666643,14723,14744,AAGAGACTGCATGGATGACAGC,0.9943181818181818,0.9375,2,0,16288,16309,CTGACAAGGCCAACAAGGGCCA,0.9829545454545454,0.625,1,0,1417,1474.35,6,4.0,0.12855209742895804,0.27189908899789766,0.09377093101138648,-0.1781281579865112,136,90.66666666666667,0.06568364611260054,0.01000667111407605,0.12094594594594595,0.05526229983334541,6,142,4.0,1,-0.1781281579865112,False
70,8901,11790,2890,2500,2500.5,2445,2796,2455.5,2781.0,0.8925821799307958,1.0,0.66,0.974375,0.9065138888888699,8957,8978,GCATAAAGGCCGTTGTTGAGAC,0.9971590909090909,0.9375,1,0,11701,11722,CCGCATCGAAGAGTCTCTTCAA,0.9659090909090909,0.5625,3,0,2329,2480.266666666667,72,28.794241151769643,0.12149532710280374,0.22620790629575402,0.11572472126105345,-0.11048318503470057,21,8.398320335932812,0.11963696369636964,0.07503075030750307,0.0056772100567721,-0.11395975363959754,21,93,8.398320335932812,0,-0.11395975363959754,False
71,8701,10289,1589,1500,1500.5,1478,1526,1488.5,1517.5,0.944973253618628,1.0,0.881875,0.9689583333333334,0.8823115079364955,8732,8753,CGGACGTCGAAGCGAATGAGCT,0.9971590909090909,0.9375,1,0,10026,10047,CTGTCCATAAGGATGGCCTAAG,0.9772727272727273,0.5625,2,0,1452,1487.3083333333334,16,10.663112295901367,0.08550434201736808,0.23425863236289776,0.0527369826435247,-0.18152164971937307,1,0.6664445184938355,0.08138759172781855,0.05484089370345294,0.0006666666666666666,-0.08072092506115189,1,17,0.6664445184938355,0,-0.18152164971937307,False
72,8701,11439,2739,2500,2500.0,2466,2651,2479.5,2635.0,0.9295363271266885,1.0,0.871875,0.9689583333333334,0.9003895502645355,8732,8753,CGGACGTCGAAGCGAATGAGCT,0.9971590909090909,0.9375,1,0,11417,11438,TGCTTACCTCTCCTTGCATCAT,0.9659090909090909,0.5,3,0,2363,2492.741666666667,64,25.6,0.1158316633266533,0.21994588326246617,0.10412494993992791,-0.11582093332253826,18,7.2,0.11065907241659886,0.07319045693489688,0.0028,-0.10785907241659887,18,82,7.2,0,-0.11582093332253826,False
73,8801,11690,2890,2500,2500.5,2445,2796,2455.5,2781.0,0.8925821799307958,1.0,0.6075,0.96625,0.889825396825363,8957,8978,GCATAAAGGCCGTTGTTGAGAC,0.9971590909090909,0.9375,1,0,11417,11438,TGCTTACCTCTCCTTGCATCAT,0.9659090909090909,0.5,3,0,2329,2480.266666666667,68,27.194561087782443,0.11946363266964649,0.2280380673499268,0.11246447421843281,-0.11557359313149398,18,7.198560287942411,0.11798679867986799,0.07708077080770807,0.00283860502838605,-0.11514819365148193,18,86,7.198560287942411,0,-0.11557359313149398,False
74,14501,16080,1580,1500,1500.0,1472,1516,1483.0,1514.0,0.9485363924050633,1.0,0.8489583333333334,0.9347916666666667,0.9195618131867862,14723,14744,AAGAGACTGCATGGATGACAGC,0.9943181818181818,0.9375,2,0,15988,16009,TCATGCAATCCTAAACTAGGCC,0.9573863636363636,0.5,2,0,1417,1473.6833333333334,7,4.666666666666667,0.12593094109681788,0.2573632538569425,0.09048257372654156,-0.16688068013040092,136,90.66666666666667,0.05835010060362173,0.01134089392928619,0.1169709263015551,0.05862082569793337,7,143,4.666666666666667,1,-0.16688068013040092,False
75,14601,16205,1605,1500,1500.0,1488,1516,1491.0,1514.0,0.9353582554517134,1.0,0.8264583333333333,0.938125,0.920487739112729,14723,14744,AAGAGACTGCATGGATGACAGC,0.9943181818181818,0.9375,2,0,15988,16009,TCATGCAATCCTAAACTAGGCC,0.9573863636363636,0.5,2,0,1417,1473.85,6,4.0,0.12728503723764387,0.26297335203366057,0.0938337801608579,-0.16913957187280265,136,90.66666666666667,0.05902079141515761,0.01200800533689126,0.11764705882352941,0.0586262674083718,6,142,4.0,1,-0.16913957187280265,False
76,8901,11008,2108,2000,2000.0,1930,2035,1975.5,2026.5,0.9490037950664136,1.0,0.9754166666666667,0.974375,0.9069900793650595,8957,8978,GCATAAAGGCCGTTGTTGAGAC,0.9971590909090909,0.9375,1,0,10870,10891,CCAAACTCGCACAAGTCTCATG,0.9715909090909091,0.375,1,0,1883,1976.5,55,27.5,0.11428571428571428,0.2264246091780131,0.10115172759138708,-0.12527288158662603,12,6.0,0.10877192982456141,0.06889564336372847,0.0025,-0.1062719298245614,12,67,6.0,0,-0.12527288158662603,False
77,15001,18167,3167,3000,3000.5,2982,3040,2982.5,3032.0,0.9478015472055573,0.9789583333333334,0.8997916666666667,0.93375,0.9329301948051882,15240,15261,ATAGATGCTGTCAAGGCTCTCC,0.9886363636363636,0.875,2,0,17889,17910,GCATCATGCGCATCTCTGCGTA,1.0,1.0,0,0,2878,2956.9083333333333,23,7.665389101816364,0.10013440860215053,0.20891938250428815,0.07736293306424487,-0.1315564494400433,174,57.99033494417597,0.06782492482459071,0.01849983181971073,0.09023318688746199,0.022408262062871276,23,197,7.665389101816364,1,-0.1315564494400433,False
78,16601,18157,1557,1500,1500.5,1483,1523,1483.5,1520.5,0.9639932562620424,1.0,0.895,0.959375,0.9316206709956654,16747,16768,ATGCTTGAACAAGAGCCTACCT,0.9943181818181818,0.875,1,0,17889,17910,GCATCATGCGCATCTCTGCGTA,1.0,1.0,0,0,1467,1485.25,15,9.99666777740753,0.06775067750677506,0.16212624584717608,0.06005398110661268,-0.1020722647405634,38,25.324891702765747,0.06058588548601864,0.027796610169491524,0.05124747134187458,-0.009338414144144061,15,53,9.99666777740753,0,-0.1020722647405634,False
79,16501,18025,1525,1500,1500.0,1487,1512,1494.5,1501.5,0.9829508196721312,1.0,0.9889583333333334,0.960625,0.9531071428571462,16747,16768,ATGCTTGAACAAGAGCCTACCT,0.9943181818181818,0.875,1,0,17889,17910,GCATCATGCGCATCTCTGCGTA,1.0,1.0,0,0,1482,1494.6583333333333,14,9.333333333333334,0.06760374832663989,0.1395973154362416,0.058666666666666666,-0.08093064876957493,44,29.333333333333332,0.05481283422459893,0.024096385542168676,0.054,-0.0008128342245989281,14,58,9.333333333333334,0,-0.08093064876957493,False
80,33501,36202,2702,2500,2500.0,2488,2546,2492.0,2515.0,0.9264202442635086,1.0,0.9997916666666666,0.9572916666666667,0.9743472222222166,33555,33576,CGAGCACGGTCCTTGCGAGTCG,0.9943181818181818,0.875,1,0,35933,35954,AGAAGTAAGGGTTCAGGTAGCC,1.0,1.0,0,0,2444,2477.616666666667,30,12.0,0.0515713134568896,0.1986970684039088,0.040160642570281124,-0.15853642583362768,3,1.2,0.05038291011688835,0.03536977491961415,0.007603041216486595,-0.04277986890040175,3,33,1.2,0,-0.15853642583362768,False
81,33401,36105,2705,2500,2500.0,2488,2536,2493.0,2511.5,0.9252772643253234,0.9889583333333334,0.9997916666666666,0.9641071428571498,0.9724722222222165,33555,33576,CGAGCACGGTCCTTGCGAGTCG,0.9943181818181818,0.875,1,0,35933,35954,AGAAGTAAGGGTTCAGGTAGCC,1.0,1.0,0,0,2434,2475.45,30,12.0,0.05265289590927501,0.2007358953393295,0.03931006819093462,-0.16142582714839487,3,1.2,0.051189036678758564,0.03577170418006431,0.008003201280512205,-0.04318583539824636,3,33,1.2,0,-0.16142582714839487,False
82,33501,37204,3704,3500,3500.0,3490,3546,3494.0,3516.0,0.9459368250539957,1.0,0.9966666666666667,0.9572916666666667,0.968009259259258,33555,33576,CGAGCACGGTCCTTGCGAGTCG,0.9943181818181818,0.875,1,0,37094,37115,GGGCGTGAGTCATGTCAATGTC,1.0,1.0,0,0,3444,3477.108333333333,30,8.571428571428571,0.049293744594984146,0.18836805555555555,0.03394706559263521,-0.15442098996292034,3,0.8571428571428571,0.047001153402537486,0.03841743119266055,0.006573306659045442,-0.04042784674349204,3,33,0.8571428571428571,0,-0.15442098996292034,False
83,33201,37435,4235,4000,4000.0,3991,4015,3992.5,4010.0,0.9446280991735537,0.9129166666666667,0.9729166666666667,0.9543592934842915,0.9245932539682448,33465,33486,TTATCCACCCTGCTAAAGACCC,0.9829545454545454,0.875,3,0,37175,37196,ACAAAGCCTTGAGAACCTTGAC,1.0,1.0,0,0,3900,3964.008333333333,35,8.75,0.05481182116696135,0.20066547222933198,0.039136979427997994,-0.161528492801334,3,0.75,0.052525252525252523,0.03786359077231695,0.006751687921980495,-0.04577356460327203,3,38,0.75,0,-0.161528492801334,False
84,33301,36012,2712,2500,2500.0,2489,2534,2492.5,2510.5,0.9227507374631269,0.9641666666666666,1.0,0.962554639804633,0.9675,33555,33576,CGAGCACGGTCCTTGCGAGTCG,0.9943181818181818,0.875,1,0,35933,35954,AGAAGTAAGGGTTCAGGTAGCC,1.0,1.0,0,0,2426,2473.1,29,11.6,0.053911633563032024,0.2035289290110792,0.04012841091492777,-0.16340051809615141,2,0.8,0.05190592051905921,0.03656086781840096,0.008803521408563426,-0.04310239911049578,2,31,0.8,0,-0.16340051809615141,False
85,33601,37304,3704,3500,3500.0,3490,3537,3494.0,3511.5,0.9456330993520519,1.0,0.99625,0.9566666666666667,0.964315476190471,33628,33649,CTGAGTAGCGACAGAAAAAGCG,0.9886363636363636,0.875,2,0,37094,37115,GGGCGTGAGTCATGTCAATGTC,1.0,1.0,0,0,3435,3474.9333333333334,30,8.571428571428571,0.04900547708273278,0.19227417949462677,0.03394706559263521,-0.15832711390199156,2,0.5714285714285714,0.046424452133794696,0.03784403669724771,0.00685910260074307,-0.03956534953305162,2,32,0.5714285714285714,0,-0.15832711390199156,False
86,34401,36053,1653,1500,1500.0,1494,1541,1497.0,1533.0,0.9136796733212341,0.836875,1.0,0.926934523809529,0.9733333333333334,34622,34643,GTGCAAGACCATCCATGTACAT,0.9829545454545454,0.875,3,0,35933,35954,AGAAGTAAGGGTTCAGGTAGCC,1.0,1.0,0,0,1480,1495.8833333333334,14,9.333333333333334,0.056666666666666664,0.23169912693082606,0.03708609271523179,-0.19461303421559428,1,0.6666666666666666,0.05533333333333333,0.040829986613119144,0.007333333333333333,-0.048,1,15,0.6666666666666666,0,-0.19461303421559428,False
87,34501,36130,1630,1500,1500.0,1493,1525,1497.0,1520.0,0.9249233128834355,0.879375,0.9997916666666666,0.9221428571428624,0.9735138888888832,34622,34643,GTGCAAGACCATCCATGTACAT,0.9829545454545454,0.875,3,0,35933,35954,AGAAGTAAGGGTTCAGGTAGCC,1.0,1.0,0,0,1479,1495.5833333333333,11,7.333333333333333,0.05533333333333333,0.22468142186452045,0.03346720214190094,-0.1912142197226195,1,0.6666666666666666,0.05466666666666667,0.04085733422638982,0.007333333333333333,-0.04733333333333334,1,12,0.6666666666666666,0,-0.1912142197226195,False
88,34601,36210,1610,1500,1500.0,1493,1515,1497.0,1508.0,0.9333462732919254,0.8610416666666667,0.9997916666666666,0.8826507936507915,0.9745555555555498,34622,34643,GTGCAAGACCATCCATGTACAT,0.9829545454545454,0.875,3,0,35933,35954,AGAAGTAAGGGTTCAGGTAGCC,1.0,1.0,0,0,1479,1493.975,10,6.666666666666667,0.05266666666666667,0.21066846725185687,0.030789825970548863,-0.179878641281308,1,0.6666666666666666,0.05266666666666667,0.04085733422638982,0.006666666666666667,-0.046,1,11,0.6666666666666666,0,-0.179878641281308,False
89,25001,27238,2238,2000,2000.0,1988,2060,1990.0,2037.0,0.8966990616621984,0.9147916666666667,0.995,0.9586904761904831,0.9543429487179431,25095,25116,GCAAAGCTGTGGACCATCCCTC,0.9886363636363636,0.875,2,0,26974,26995,AGGAATTCGACGATGAGCGTGA,1.0,1.0,0,0,1918,1968.975,25,12.5,0.07925290257445734,0.18134445023449713,0.04836272040302267,-0.13298172983147447,1,0.5,0.07925290257445734,0.037821482602118005,0.019,-0.06025290257445734,1,26,0.5,0,-0.13298172983147447,False
90,24901,27138,2238,2000,2000.0,1988,2060,1992.5,2037.0,0.8973693029490617,0.9910416666666667,1.0,0.963125,0.95625,25095,25116,GCAAAGCTGTGGACCATCCCTC,0.9886363636363636,0.875,2,0,26974,26995,AGGAATTCGACGATGAGCGTGA,1.0,1.0,0,0,1922,1971.775,25,12.5,0.07925290257445734,0.1842241826673586,0.04716507777220271,-0.13705910489515588,1,0.5,0.07925290257445734,0.03530005042864347,0.018,-0.06125290257445734,1,26,0.5,0,-0.13705910489515588,False
91,24501,27238,2738,2500,2500.0,2488,2560,2490.0,2537.0,0.9155633674214755,1.0,0.995,0.9583333333333334,0.9543429487179431,24735,24756,CCTCAATCATCATGGCGCGCCT,0.9829545454545454,0.875,3,0,26974,26995,AGGAATTCGACGATGAGCGTGA,1.0,1.0,0,0,2418,2468.975,35,14.0,0.07779121322047561,0.17693261678379496,0.049899396378269616,-0.12703322040552534,1,0.4,0.07779121322047561,0.03544099879178413,0.0176,-0.0601912132204756,1,36,0.4,0,-0.12703322040552534,False
92,34901,37475,2575,2500,2500.0,2488,2502,2489.0,2501.5,0.9697330097087379,0.8310416666666667,0.96375,0.8570581501831476,0.9097420634920612,35044,35065,CTCCTGTCAGGCCTGCCAGGCC,0.9943181818181818,0.875,1,0,37176,37197,TACAAAGCCTTGAGAACCTTGA,1.0,1.0,0,0,2456,2485.9333333333334,12,4.8,0.055533199195171024,0.20536803578690524,0.032569360675512665,-0.17279867511139257,1,0.4,0.05311871227364185,0.044542536115569825,0.005202080832332933,-0.04791663144130892,1,13,0.4,0,-0.17279867511139257,False
93,34501,37131,2631,2500,2500.0,2494,2526,2497.0,2520.0,0.9529408969973394,0.879375,0.9966666666666667,0.9221428571428624,0.9678009259259246,34622,34643,GTGCAAGACCATCCATGTACAT,0.9829545454545454,0.875,3,0,37094,37115,GGGCGTGAGTCATGTCAATGTC,1.0,1.0,0,0,2478,2494.075,12,4.8,0.05014039310068191,0.1995172968624296,0.02565130260521042,-0.1738659942572192,1,0.4,0.048134777376654635,0.04373996789727127,0.0056022408963585435,-0.04253253648029609,1,13,0.4,0,-0.1738659942572192,False
94,34601,37211,2611,2500,2500.0,2494,2516,2497.0,2508.0,0.958349291459211,0.8610416666666667,0.9966666666666667,0.8826507936507915,0.9661342592592579,34622,34643,GTGCAAGACCATCCATGTACAT,0.9829545454545454,0.875,3,0,37094,37115,GGGCGTGAGTCATGTCAATGTC,1.0,1.0,0,0,2477,2492.4666666666667,10,4.0,0.047332531087043724,0.19531880548829703,0.023647294589178358,-0.17167151089911867,1,0.4,0.0457280385078219,0.04293739967897271,0.005202080832332933,-0.04052595767548897,1,11,0.4,0,-0.17167151089911867,False
95,34801,37394,2594,2500,2500.0,2495,2511,2495.0,2505.0,0.9638589051657671,0.8004166666666667,0.9795833333333334,0.8067922771672723,0.9447321428571377,35044,35065,CTCCTGTCAGGCCTGCCAGGCC,0.9943181818181818,0.875,1,0,37095,37116,CGGGCGTGAGTCATGTCAATGT,1.0,1.0,0,0,2470,2491.325,9,3.6,0.049318364073777064,0.19749089437474707,0.025240384615384616,-0.17225050975936246,1,0.4,0.046912590216519647,0.04332129963898917,0.0052,-0.04171259021651964,1,10,0.4,0,-0.17225050975936246,False
96,24701,26938,2238,2000,2000.0,1988,2060,1992.5,2037.0,0.8973693029490617,1.0,1.0,0.9647916666666667,0.9597916666666667,24735,24756,CCTCAATCATCATGGCGCGCCT,0.9829545454545454,0.875,3,0,26821,26842,AGGTGATGGACACGATTGAGTG,1.0,1.0,0,0,1922,1971.775,27,13.5,0.0812720848056537,0.1774779449922159,0.04917210235825389,-0.128305842633962,0,0.0,0.0812720848056537,0.03277861825516894,0.014,-0.0672720848056537,0,27,0.0,0,-0.128305842633962,False
97,25201,26935,1735,1500,1500.0,1489,1560,1492.5,1537.0,0.869164265129683,0.9235416666666667,1.0,0.9593154761904831,0.96,25322,25343,AGCATGCAAGCAAGGGCAACGA,0.9886363636363636,0.875,2,0,26821,26842,AGGTGATGGACACGATTGAGTG,1.0,1.0,0,0,1423,1471.875,22,14.666666666666666,0.08507765023632681,0.18149964961457604,0.04899328859060403,-0.132506361023972,0,0.0,0.08507765023632681,0.03571428571428571,0.014666666666666666,-0.07041098356966015,0,22,0.0,0,-0.132506361023972,False
98,24501,26056,1556,1500,1500.0,1491,1539,1493.5,1500.0,0.9643316195372751,1.0,0.9220833333333334,0.9583333333333334,0.9517361111111192,24735,24756,CCTCAATCATCATGGCGCGCCT,0.9829545454545454,0.875,3,0,25787,25808,CTTGCATTATATTGTAACATCG,1.0,1.0,0,0,1477,1490.925,20,13.333333333333334,0.07656145063801209,0.17456021650879566,0.04768300873069174,-0.1268772077781039,0,0.0,0.07656145063801209,0.026052104208416832,0.01,-0.0665614506380121,0,20,0.0,0,-0.1268772077781039,False
99,34401,40352,5952,5000,5000.0,4967,5375,4977.5,5237.0,0.8510479670698925,0.836875,1.0,0.926934523809529,0.94375,34622,34643,GTGCAAGACCATCCATGTACAT,0.9829545454545454,0.875,3,0,40220,40241,TTTCAGATGTCCCTACAGACTC,0.9971590909090909,0.9375,1,0,4717,4933.441666666667,51,10.2,0.0877440128798551,0.2369578881206788,0.07362703681351841,-0.1633308513071604,150,30.0,0.07253365481213582,0.029281989570798236,0.04887820512820513,-0.023655449683930692,51,201,10.2,0,-0.1633308513071604,False
100,34501,40429,5929,5000,5000.0,4946,5375,4967.0,5237.0,0.8539066453027492,0.879375,1.0,0.9221428571428624,0.9489583333333333,34622,34643,GTGCAAGACCATCCATGTACAT,0.9829545454545454,0.875,3,0,40220,40241,TTTCAGATGTCCCTACAGACTC,0.9971590909090909,0.9375,1,0,4717,4933.266666666666,48,9.6,0.088347756087744,0.2352817934213283,0.07302353651176825,-0.16225825690956003,156,31.2,0.07253365481213582,0.029683112715603692,0.05028044871794872,-0.0222532060941871,48,204,9.6,0,-0.16225825690956003,False
101,34901,40803,5903,5000,5000.0,4934,5383,4960.5,5219.0,0.8565877519905133,0.8310416666666667,0.87625,0.8570581501831476,0.8860328282828172,35044,35065,CTCCTGTCAGGCCTGCCAGGCC,0.9943181818181818,0.875,1,0,40529,40550,TTCGGAATGTTGCACCAGCCTC,0.9971590909090909,0.9375,1,0,4708,4930.666666666667,46,9.2,0.08995773797544777,0.2258606213266163,0.0735833673053404,-0.1522772540212759,174,34.8,0.07112718505123568,0.028284854563691075,0.055288461538461536,-0.01583872351277414,46,220,9.2,0,-0.1522772540212759,False
102,34601,40509,5909,5000,5000.0,4933,5375,4960.5,5227.0,0.855961245557624,0.8610416666666667,1.0,0.8826507936507915,0.9529166666666666,34622,34643,GTGCAAGACCATCCATGTACAT,0.9829545454545454,0.875,3,0,40220,40241,TTTCAGATGTCCCTACAGACTC,0.9971590909090909,0.9375,1,0,4709,4931.658333333334,46,9.2,0.0877440128798551,0.23189926547743966,0.07302353651176825,-0.15887572896567143,159,31.8,0.07172995780590717,0.029281989570798236,0.050881410256410256,-0.020848547549496915,46,205,9.2,0,-0.15887572896567143,False
103,34801,40692,5892,5000,5000.0,4936,5375,4962.0,5222.5,0.8582399864222675,0.8004166666666667,0.9825,0.8067922771672723,0.9527083333333334,35044,35065,CTCCTGTCAGGCCTGCCAGGCC,0.9943181818181818,0.875,1,0,40529,40550,TTCGGAATGTTGCACCAGCCTC,0.9971590909090909,0.9375,1,0,4713,4932.441666666667,44,8.8,0.08995773797544777,0.22563025210084034,0.07253463732681337,-0.15309561477402697,172,34.4,0.07132810930279285,0.02888086642599278,0.054286858974358976,-0.01704125032843387,44,216,8.8,0,-0.15309561477402697,False
104,35001,40329,5329,4500,4500.0,4441,4875,4467.5,4723.0,0.8552964908988553,0.9520833333333333,1.0,0.9475,0.9466666666666667,35044,35065,CTCCTGTCAGGCCTGCCAGGCC,0.9943181818181818,0.875,1,0,40220,40241,TTTCAGATGTCCCTACAGACTC,0.9971590909090909,0.9375,1,0,4225,4437.483333333334,40,8.88888888888889,0.09005586592178771,0.22999532054281704,0.07393343756980121,-0.15606188297301582,150,33.333333333333336,0.07316529109971001,0.029162956366874444,0.053205699020480855,-0.019959592079229156,40,190,8.88888888888889,0,-0.15606188297301582,False
105,15201,17828,2628,2500,2500.0,2484,2518,2489.0,2514.5,0.9514840182648402,1.0,0.975625,0.9360416666666667,0.9387777777777835,15240,15261,ATAGATGCTGTCAAGGCTCTCC,0.9886363636363636,0.875,2,0,17638,17659,TGTCGTTCTCAACCAAGGTCTG,0.9971590909090909,0.9375,1,0,2405,2468.366666666667,20,8.0,0.10109179134654266,0.1992543496271748,0.07837620578778134,-0.12087814383939346,158,63.2,0.0655144694533762,0.012429831595829992,0.0948905109489051,0.0293760414955289,20,178,8.0,1,-0.12087814383939346,False
106,15101,17728,2628,2500,2500.0,2489,2518,2492.5,2514.5,0.9521974885844748,1.0,0.981875,0.9352083333333333,0.9418611111111144,15240,15261,ATAGATGCTGTCAAGGCTCTCC,0.9886363636363636,0.875,2,0,17638,17659,TGTCGTTCTCAACCAAGGTCTG,0.9971590909090909,0.9375,1,0,2410,2471.491666666667,19,7.6,0.1033091202582728,0.20463001240181894,0.07902125952667469,-0.12560875287514425,166,66.4,0.06417970316887285,0.010404161664665866,0.09631728045325778,0.03213757728438493,19,185,7.6,1,-0.12560875287514425,False
107,15201,17323,2123,2000,2000.0,1988,2018,1992.0,2014.5,0.9433878944889308,1.0,0.9425,0.9360416666666667,0.9526944444444416,15240,15261,ATAGATGCTGTCAAGGCTCTCC,0.9886363636363636,0.875,2,0,17074,17095,GCTTGCGCACCTTCATGCTGGC,0.9971590909090909,0.9375,1,0,1910,1972.6083333333333,14,7.0,0.11532625189681335,0.21000521104742054,0.08228800802809834,-0.1277172030193222,152,76.0,0.07175112895132965,0.008504252126063032,0.10707070707070707,0.035319578119377415,14,166,7.0,1,-0.1277172030193222,False
108,15001,17111,2111,2000,2000.0,1985,2018,1990.0,2015.0,0.9482472761724301,0.9789583333333334,1.0,0.93375,0.95625,15240,15261,ATAGATGCTGTCAAGGCTCTCC,0.9886363636363636,0.875,2,0,17074,17095,GCTTGCGCACCTTCATGCTGGC,0.9971590909090909,0.9375,1,0,1910,1972.6583333333333,13,6.5,0.11633788568538189,0.225,0.08383534136546185,-0.14116465863453814,158,79.0,0.06726907630522089,0.008504252126063032,0.10858585858585859,0.041316782280637704,13,171,6.5,1,-0.14116465863453814,False
109,15101,17223,2123,2000,2000.0,1988,2018,1992.0,2014.5,0.9433878944889308,1.0,0.9425,0.9352083333333333,0.953527777777775,15240,15261,ATAGATGCTGTCAAGGCTCTCC,0.9886363636363636,0.875,2,0,17074,17095,GCTTGCGCACCTTCATGCTGGC,0.9971590909090909,0.9375,1,0,1910,1972.6083333333333,13,6.5,0.11532625189681335,0.21822916666666667,0.08278976417461113,-0.13543940249205555,157,78.5,0.06874059207225289,0.008504252126063032,0.1095959595959596,0.04085536752370671,13,170,6.5,1,-0.13543940249205555,False
110,25101,27853,2753,2500,2500.0,2490,2562,2493.0,2544.0,0.9113240101707228,0.9147916666666667,0.9879166666666667,0.9607738095238164,0.9579166666666666,25322,25343,AGCATGCAAGCAAGGGCAACGA,0.9886363636363636,0.875,2,0,27554,27575,GACTACAGGCTTCCCTCCAAAC,0.9971590909090909,0.9375,1,0,2418,2469.3,31,12.4,0.07937147461724416,0.17486564696155435,0.052695092518101366,-0.12217055444345298,5,2.0,0.07937147461724416,0.04269029399919452,0.0252,-0.054171474617244156,5,36,2.0,0,-0.12217055444345298,False
111,25001,27749,2749,2500,2500.0,2490,2562,2493.0,2542.5,0.9125136413241178,0.9147916666666667,1.0,0.9586904761904831,0.9729166666666667,25095,25116,GCAAAGCTGTGGACCATCCCTC,0.9886363636363636,0.875,2,0,27551,27572,TACAGGCTTCCCTCCAAACAAT,0.9971590909090909,0.9375,1,0,2419,2469.508333333333,28,11.2,0.07735697018533441,0.17396694214876032,0.05229283990345937,-0.12167410224530095,5,2.0,0.07735697018533441,0.04027386226339106,0.0232,-0.05415697018533441,5,33,2.0,0,-0.12167410224530095,False
112,24901,27649,2749,2500,2500.0,2490,2562,2493.0,2542.5,0.9125136413241178,0.9910416666666667,1.0,0.963125,0.96875,25095,25116,GCAAAGCTGTGGACCATCCCTC,0.9886363636363636,0.875,2,0,27551,27572,TACAGGCTTCCCTCCAAACAAT,0.9971590909090909,0.9375,1,0,2419,2469.508333333333,28,11.2,0.07695406929895246,0.17727272727272728,0.050683829444891394,-0.1265888978278359,5,2.0,0.07695406929895246,0.04027386226339106,0.0236,-0.053354069298952464,5,33,2.0,0,-0.1265888978278359,False
113,24501,27749,3249,3000,3000.0,2990,3062,2993.0,3042.5,0.9259772237611573,1.0,1.0,0.9583333333333334,0.9729166666666667,24735,24756,CCTCAATCATCATGGCGCGCCT,0.9829545454545454,0.875,3,0,27551,27572,TACAGGCTTCCCTCCAAACAAT,0.9971590909090909,0.9375,1,0,2919,2969.508333333333,38,12.666666666666666,0.07645875251509054,0.17157534246575343,0.05291359678499665,-0.11866174568075677,5,1.6666666666666667,0.07645875251509054,0.037881327522628225,0.021333333333333333,-0.055125419181757215,5,43,1.6666666666666667,0,-0.11866174568075677,False
114,24601,27853,3253,3000,3000.0,2990,3062,2993.0,3044.0,0.9249538887181064,1.0,0.9879166666666667,0.96375,0.9579166666666666,24735,24756,CCTCAATCATCATGGCGCGCCT,0.9829545454545454,0.875,3,0,27554,27575,GACTACAGGCTTCCCTCCAAAC,0.9971590909090909,0.9375,1,0,2918,2969.3,38,12.666666666666666,0.07780013413816231,0.1723192874272011,0.05123911587407903,-0.12108017155312206,5,1.6666666666666667,0.07780013413816231,0.03989272544418371,0.023,-0.05480013413816231,5,43,1.6666666666666667,0,-0.12108017155312206,False
115,33301,36512,3212,3000,3000.0,2988,3034,2992.5,3010.5,0.9347563823163139,0.9641666666666666,1.0,0.962554639804633,0.9704166666666667,33555,33576,CGAGCACGGTCCTTGCGAGTCG,0.9943181818181818,0.875,1,0,36416,36437,TACCCTCATCGAGCATTCGCTC,0.9971590909090909,0.9375,1,0,2925,2972.975,31,10.333333333333334,0.04920795416245366,0.1930541368743616,0.035093582887700536,-0.15796055398666106,3,1.0,0.04753877275792313,0.035140562248995984,0.00766922307435812,-0.03986954968356501,3,34,1.0,0,-0.15796055398666106,False
116,33401,36605,3205,3000,3000.0,2988,3036,2993.0,3011.5,0.9368759750390016,0.9889583333333334,0.999375,0.9641071428571498,0.9524027777777762,33555,33576,CGAGCACGGTCCTTGCGAGTCG,0.9943181818181818,0.875,1,0,36416,36437,TACCCTCATCGAGCATTCGCTC,0.9971590909090909,0.9375,1,0,2934,2975.075,31,10.333333333333334,0.052206130010104414,0.1945010183299389,0.035415970598062146,-0.15908504773187676,3,1.0,0.05020215633423181,0.03781793842034806,0.00766922307435812,-0.04253293325987369,3,34,1.0,0,-0.15908504773187676,False
117,33501,36702,3202,3000,3000.0,2988,3046,2992.0,3015.0,0.9378513429106808,1.0,0.999375,0.9572916666666667,0.9571944444444428,33555,33576,CGAGCACGGTCCTTGCGAGTCG,0.9943181818181818,0.875,1,0,36416,36437,TACCCTCATCGAGCATTCGCTC,0.9971590909090909,0.9375,1,0,2944,2977.241666666667,30,10.0,0.05186931626810374,0.19147496617050067,0.03578595317725752,-0.15568901299324314,3,1.0,0.049528301886792456,0.03848728246318608,0.007335778592864288,-0.04219252329392817,3,33,1.0,0,-0.15568901299324314,False
118,33201,36928,3728,3500,3500.0,3490,3523,3495.0,3512.0,0.9395453326180258,0.9129166666666667,0.9991666666666666,0.9543592934842915,0.9639305555555499,33465,33486,TTATCCACCCTGCTAAAGACCC,0.9829545454545454,0.875,3,0,36690,36711,ATGACATGCTCCTTGTACTTCA,0.9971590909090909,0.9375,1,0,3414,3470.125,32,9.142857142857142,0.05336025382174791,0.19352014010507881,0.032341156267887805,-0.161178983837191,3,0.8571428571428571,0.05103806228373702,0.03813073394495413,0.007430694484138326,-0.043607367799598694,3,35,0.8571428571428571,0,-0.161178983837191,False
119,33201,35928,2728,2500,2500.0,2491,2524,2495.0,2512.0,0.9175678152492669,0.9129166666666667,1.0,0.9543592934842915,0.9602083333333333,33465,33486,TTATCCACCCTGCTAAAGACCC,0.9829545454545454,0.875,3,0,35783,35804,ATGAATCCCTGATGTGAACTTC,0.9971590909090909,0.9375,1,0,2416,2471.116666666667,30,12.0,0.05796513984596676,0.2080758137618459,0.0404971932638332,-0.1675786204980127,2,0.8,0.055915721231766614,0.03615910004017678,0.008803521408563426,-0.04711219982320319,2,32,0.8,0,-0.1675786204980127,False
120,33601,36802,3202,3000,3000.0,2988,3045,2992.0,3014.5,0.9377732667083073,1.0,0.9985416666666667,0.9566666666666667,0.9448749999999927,33628,33649,CTGAGTAGCGACAGAAAAAGCG,0.9886363636363636,0.875,2,0,36690,36711,ATGACATGCTCCTTGTACTTCA,0.9971590909090909,0.9375,1,0,2943,2976.75,29,9.666666666666666,0.053553384978107105,0.19458544839255498,0.03511705685618729,-0.1594683915363677,2,0.6666666666666666,0.05087601078167116,0.04049531459170013,0.00766922307435812,-0.04320678770731304,2,31,0.6666666666666666,0,-0.1594683915363677,False
121,34901,36467,1567,1500,1500.0,1493,1510,1495.5,1509.5,0.9581206126356094,0.8310416666666667,1.0,0.8570581501831476,0.9727083333333333,35044,35065,CTCCTGTCAGGCCTGCCAGGCC,0.9943181818181818,0.875,1,0,36416,36437,TACCCTCATCGAGCATTCGCTC,0.9971590909090909,0.9375,1,0,1489,1496.4083333333333,6,4.0,0.04484605087014726,0.18888144675150703,0.0214190093708166,-0.16746243738069044,1,0.6666666666666666,0.04350736278447122,0.04018754186202277,0.006,-0.03750736278447122,1,7,0.6666666666666666,0,-0.16746243738069044,False
122,35001,36530,1530,1500,1500.0,1499,1515,1500.0,1512.0,0.9821486928104575,0.9520833333333333,1.0,0.9475,0.9704166666666667,35044,35065,CTCCTGTCAGGCCTGCCAGGCC,0.9943181818181818,0.875,1,0,36416,36437,TACCCTCATCGAGCATTCGCTC,0.9971590909090909,0.9375,1,0,1498,1499.8,5,3.3333333333333335,0.04466666666666667,0.180787191460974,0.018,-0.162787191460974,1,0.6666666666666666,0.042666666666666665,0.04136090727151434,0.006666666666666667,-0.036,1,6,0.6666666666666666,0,-0.162787191460974,False
123,34401,36553,2153,2000,2000.0,1993,2041,1997.0,2033.0,0.933697166744078,0.836875,1.0,0.926934523809529,0.9679166666666666,34622,34643,GTGCAAGACCATCCATGTACAT,0.9829545454545454,0.875,3,0,36416,36437,TACCCTCATCGAGCATTCGCTC,0.9971590909090909,0.9375,1,0,1979,1995.7583333333334,15,7.5,0.04964894684052156,0.21015585721468075,0.02958876629889669,-0.18056709091578405,1,0.5,0.048144433299899696,0.0386352232814852,0.006,-0.0421444332998997,1,16,0.5,0,-0.18056709091578405,False
124,34501,36630,2130,2000,2000.0,1993,2025,1997.0,2020.0,0.9424589201877934,0.879375,0.999375,0.9221428571428624,0.9521944444444428,34622,34643,GTGCAAGACCATCCATGTACAT,0.9829545454545454,0.875,3,0,36416,36437,TACCCTCATCGAGCATTCGCTC,0.9971590909090909,0.9375,1,0,1979,1995.2083333333333,12,6.0,0.05265797392176529,0.21026156941649898,0.028084252758274825,-0.18217731665822415,1,0.5,0.05065195586760281,0.04315102860010035,0.0065,-0.04415195586760281,1,13,0.5,0,-0.18217731665822415,False
125,34601,36710,2110,2000,2000.0,1993,2015,1997.0,2008.0,0.9490521327014217,0.8610416666666667,0.999375,0.8826507936507915,0.9574027777777762,34622,34643,GTGCAAGACCATCCATGTACAT,0.9829545454545454,0.875,3,0,36416,36437,TACCCTCATCGAGCATTCGCTC,0.9971590909090909,0.9375,1,0,1979,1993.6,10,5.0,0.05065195586760281,0.198889449772842,0.026078234704112337,-0.17281121506872968,1,0.5,0.04914744232698094,0.04415454089312594,0.006,-0.04314744232698094,1,11,0.5,0,-0.17281121506872968,False
126,34901,36969,2069,2000,2000.0,1995,2011,1996.5,2011.0,0.9676474142097632,0.8310416666666667,0.99625,0.8570581501831476,0.9623564814814745,35044,35065,CTCCTGTCAGGCCTGCCAGGCC,0.9943181818181818,0.875,1,0,36690,36711,ATGACATGCTCCTTGTACTTCA,0.9971590909090909,0.9375,1,0,1989,1996.1416666666667,6,3.0,0.04914744232698094,0.1895424836601307,0.020541082164328657,-0.16900140149580206,1,0.5,0.04663991975927784,0.04565980933266432,0.006,-0.04063991975927784,1,7,0.5,0,-0.16900140149580206,False
127,34801,36887,2087,2000,2000.0,1993,2009,1994.5,2004.5,0.9584930522280786,0.8004166666666667,0.9991666666666666,0.8067922771672723,0.9595555555555499,35044,35065,CTCCTGTCAGGCCTGCCAGGCC,0.9943181818181818,0.875,1,0,36690,36711,ATGACATGCTCCTTGTACTTCA,0.9971590909090909,0.9375,1,0,1981,1993.8416666666667,6,3.0,0.051654964894684054,0.1935483870967742,0.022066198595787363,-0.17148218850098682,1,0.5,0.04914744232698094,0.04716507777220271,0.006,-0.04314744232698094,1,7,0.5,0,-0.17148218850098682,False
128,15201,16804,1604,1500,1500.0,1481,1518,1487.5,1515.0,0.9358245012468828,1.0,1.0,0.9360416666666667,0.9610416666666667,15240,15261,ATAGATGCTGTCAAGGCTCTCC,0.9886363636363636,0.875,2,0,16747,16768,AGGTAGGCTCTTGTTCAAGCAT,0.9943181818181818,0.875,1,0,1411,1472.7416666666666,11,7.333333333333333,0.12525389302640488,0.23661971830985915,0.08975217682518419,-0.14686754148467496,129,86.0,0.07439678284182305,0.007333333333333333,0.11891891891891893,0.044522136077095875,11,140,7.333333333333333,1,-0.14686754148467496,False
129,33201,36428,3228,3000,3000.0,2990,3024,2995.0,3012.0,0.9303167596034696,0.9129166666666667,1.0,0.9543592934842915,0.9708333333333333,33465,33486,TTATCCACCCTGCTAAAGACCC,0.9829545454545454,0.875,3,0,36161,36182,TGGTAAGACCCAAGAATCCGTC,0.9943181818181818,0.875,1,0,2915,2970.991666666667,32,10.666666666666666,0.05224132119986518,0.1967885206696276,0.03507014028056112,-0.16171838038906647,3,1.0,0.05053908355795148,0.03480589022757698,0.00766922307435812,-0.04286986048359336,3,35,1.0,0,-0.16171838038906647,False
130,33401,37107,3707,3500,3500.0,3490,3536,3495.0,3512.5,0.9450869975721607,0.9889583333333334,0.9966666666666667,0.9641071428571498,0.9661342592592579,33555,33576,CGAGCACGGTCCTTGCGAGTCG,0.9943181818181818,0.875,1,0,36837,36858,TCCATCGCTCAGGCTTGAACTT,0.9943181818181818,0.875,1,0,3434,3474.9416666666666,31,8.857142857142858,0.05073508215624099,0.1886244921648288,0.034640709991411396,-0.1539837821734174,3,0.8571428571428571,0.04873125720876586,0.03927752293577982,0.00685910260074307,-0.04187215460802279,3,34,0.8571428571428571,0,-0.1539837821734174,False
131,33301,37014,3714,3500,3500.0,3490,3534,3494.5,3512.0,0.9431879375336565,0.9641666666666666,0.9958333333333333,0.962554639804633,0.9567314814814745,33555,33576,CGAGCACGGTCCTTGCGAGTCG,0.9943181818181818,0.875,1,0,36786,36807,TGTGCATGAAATAGGTGGACTG,0.9943181818181818,0.875,1,0,3425,3472.4666666666667,31,8.857142857142858,0.051341217190654743,0.19290078556881002,0.03350515463917526,-0.15939563092963477,3,0.8571428571428571,0.04904789382573572,0.03927752293577982,0.007430694484138326,-0.04161719934159739,3,34,0.8571428571428571,0,-0.15939563092963477,False
132,33401,35076,1676,1500,1500.0,1489,1521,1492.0,1506.0,0.8950999403341289,0.9889583333333334,0.790625,0.9641071428571498,0.8061672771672723,33555,33576,CGAGCACGGTCCTTGCGAGTCG,0.9943181818181818,0.875,1,0,35044,35065,GGCCTGGCAGGCCTGACAGGAG,0.9943181818181818,0.875,1,0,1436,1475.65,26,17.333333333333332,0.0538881309686221,0.2017968210089841,0.04136090727151434,-0.16043591373746977,2,1.3333333333333333,0.051771117166212535,0.029550033579583614,0.008005336891260841,-0.04376578027495169,2,28,1.3333333333333333,0,-0.16043591373746977,False
133,33501,35186,1686,1500,1500.0,1489,1544,1490.5,1512.5,0.8909400948991696,1.0,0.8077083333333334,0.9572916666666667,0.8355998168498142,33555,33576,CGAGCACGGTCCTTGCGAGTCG,0.9943181818181818,0.875,1,0,35044,35065,GGCCTGGCAGGCCTGACAGGAG,0.9943181818181818,0.875,1,0,1446,1477.925,25,16.666666666666668,0.05600539811066127,0.20727522306108442,0.045454545454545456,-0.16182067760653895,2,1.3333333333333333,0.05401755570560432,0.03022162525184688,0.00867244829886591,-0.04534510740673841,2,27,1.3333333333333333,0,-0.16182067760653895,False
134,33401,35605,2205,2000,2000.0,1989,2036,1993.0,2011.5,0.9083616780045352,0.9889583333333334,0.9570833333333333,0.9641071428571498,0.9422916666666666,33555,33576,CGAGCACGGTCCTTGCGAGTCG,0.9943181818181818,0.875,1,0,35560,35581,GTGGGTGCAAGTACAGGTTGTA,0.9829545454545454,0.875,3,0,1935,1975.575,29,14.5,0.056508577194752774,0.21017471736896198,0.0481685900652283,-0.16200612730373368,2,1.0,0.05502271580010096,0.036701860231272,0.009004502251125562,-0.046018213548975395,2,31,1.0,0,-0.16200612730373368,False
135,33501,35702,2202,2000,2000.0,1989,2046,1992.0,2015.0,0.909741144414169,1.0,0.99375,0.9572916666666667,0.9545833333333333,33555,33576,CGAGCACGGTCCTTGCGAGTCG,0.9943181818181818,0.875,1,0,35560,35581,GTGGGTGCAAGTACAGGTTGTA,0.9829545454545454,0.875,3,0,1945,1977.7416666666666,28,14.0,0.05701311806256307,0.2091002044989775,0.04874371859296482,-0.1603564859060127,2,1.0,0.05502271580010096,0.03770739064856712,0.008504252126063032,-0.046518463674037926,2,30,1.0,0,-0.1603564859060127,False
136,25101,27349,2249,2000,2000.0,1990,2062,1993.0,2042.5,0.8930635838150289,0.9147916666666667,0.9639583333333334,0.9607738095238164,0.9372343628593687,25322,25343,AGCATGCAAGCAAGGGCAACGA,0.9886363636363636,0.875,2,0,27094,27115,GGGCTTCTCTATGGCCCAAGGA,0.9886363636363636,0.875,2,0,1919,1969.5083333333334,25,12.5,0.08173562058526741,0.18385416666666668,0.05236656596173213,-0.13148760070493454,2,1.0,0.08173562058526741,0.04336863338376198,0.023,-0.05873562058526741,2,27,1.0,0,-0.13148760070493454,False
137,24601,27349,2749,2500,2500.0,2490,2562,2493.0,2542.5,0.9125136413241178,1.0,0.9639583333333334,0.96375,0.9372343628593687,24735,24756,CCTCAATCATCATGGCGCGCCT,0.9829545454545454,0.875,3,0,27094,27115,GGGCTTCTCTATGGCCCAAGGA,0.9886363636363636,0.875,2,0,2419,2469.508333333333,32,12.8,0.07937147461724416,0.17892561983471075,0.050683829444891394,-0.12824179038981937,2,0.8,0.07937147461724416,0.03987112364075715,0.0208,-0.05857147461724416,2,34,0.8,0,-0.12824179038981937,False
138,33601,36302,2702,2500,2500.0,2488,2546,2492.0,2515.0,0.9264202442635086,1.0,0.9997916666666666,0.9566666666666667,0.9710138888888832,33628,33649,CTGAGTAGCGACAGAAAAAGCG,0.9886363636363636,0.875,2,0,36161,36182,TGGTAAGACCCAAGAATCCGTC,0.9943181818181818,0.875,1,0,2444,2477.616666666667,29,11.6,0.0515713134568896,0.1986970684039088,0.03855421686746988,-0.16014285153643892,2,0.8,0.05038291011688835,0.03536977491961415,0.007603041216486595,-0.04277986890040175,2,31,0.8,0,-0.16014285153643892,False
139,33601,35288,1688,1500,1500.0,1489,1544,1490.5,1512.5,0.8898844786729858,1.0,0.9520833333333333,0.9566666666666667,0.948125,33628,33649,CTGAGTAGCGACAGAAAAAGCG,0.9886363636363636,0.875,2,0,35044,35065,GGCCTGGCAGGCCTGACAGGAG,0.9943181818181818,0.875,1,0,1446,1477.925,25,16.666666666666668,0.058029689608636977,0.212079615648593,0.047459893048128345,-0.16461972260046467,1,0.6666666666666666,0.05739365293720459,0.029550033579583614,0.01000667111407605,-0.04738698182312854,1,26,0.6666666666666666,0,-0.16461972260046467,False
140,34801,36387,1587,1500,1500.0,1493,1509,1497.0,1505.0,0.9456915563957152,0.8004166666666667,1.0,0.8067922771672723,0.9741666666666666,35044,35065,CTCCTGTCAGGCCTGCCAGGCC,0.9943181818181818,0.875,1,0,36161,36182,TGGTAAGACCCAAGAATCCGTC,0.9943181818181818,0.875,1,0,1483,1494.7083333333333,6,4.0,0.04752342704149933,0.19636852723604573,0.024096385542168676,-0.17227214169387706,1,0.6666666666666666,0.04618473895582329,0.04219691895512391,0.006,-0.04018473895582329,1,7,0.6666666666666666,0,-0.17227214169387706,False
141,33601,35802,2202,2000,2000.0,1989,2046,1992.0,2015.0,0.909741144414169,1.0,1.0,0.9566666666666667,0.9604166666666667,33628,33649,CTGAGTAGCGACAGAAAAAGCG,0.9886363636363636,0.875,2,0,35560,35581,GTGGGTGCAAGTACAGGTTGTA,0.9829545454545454,0.875,3,0,1945,1977.7416666666666,27,13.5,0.060544904137235116,0.21370143149284254,0.04673366834170854,-0.16696776315113399,1,0.5,0.05906108026249369,0.038210155857214684,0.009504752376188095,-0.049556327886305596,1,28,0.5,0,-0.16696776315113399,False
142,35001,37031,2031,2000,2000.0,1996,2014,1999.0,2012.0,0.9858444116198917,0.9520833333333333,0.9958333333333333,0.9475,0.9644398148148078,35044,35065,CTCCTGTCAGGCCTGCCAGGCC,0.9943181818181818,0.875,1,0,36786,36807,TGTGCATGAAATAGGTGGACTG,0.9943181818181818,0.875,1,0,1993,1998.2916666666667,5,2.5,0.04752376188094047,0.18386773547094187,0.018490754622688656,-0.16537698084825322,1,0.5,0.04502251125562781,0.045545545545545546,0.006003001500750375,-0.03954254404479517,1,6,0.5,0,-0.16537698084825322,False
143,34401,37054,2654,2500,2500.0,2494,2540,2497.0,2533.0,0.9456716277317258,0.836875,0.99625,0.926934523809529,0.9650648148148078,34622,34643,GTGCAAGACCATCCATGTACAT,0.9829545454545454,0.875,3,0,36786,36807,TGTGCATGAAATAGGTGGACTG,0.9943181818181818,0.875,1,0,2478,2494.25,15,6.0,0.05094263939029282,0.20595333869670152,0.027655310621242483,-0.17829802807545903,1,0.4,0.048937023666265546,0.042134831460674156,0.0056022408963585435,-0.043334782769907,1,16,0.4,0,-0.17829802807545903,False
144,24601,26838,2238,2000,2000.0,1988,2060,1992.5,2037.0,0.8973693029490617,1.0,0.9191666666666667,0.96375,0.9087202380952416,24735,24756,CCTCAATCATCATGGCGCGCCT,0.9829545454545454,0.875,3,0,26812,26833,ACACGATTGAGTGTTTCATGCA,0.9943181818181818,0.875,1,0,1922,1971.775,29,14.5,0.08278647147905098,0.1800726517903477,0.0481685900652283,-0.1319040617251194,0,0.0,0.08278647147905098,0.030257186081694403,0.012,-0.07078647147905098,0,29,0.0,0,-0.1319040617251194,False
145,25101,26838,1738,1500,1500.0,1488,1560,1492.5,1537.0,0.8678437859608745,0.9147916666666667,0.9191666666666667,0.9607738095238164,0.9087202380952416,25322,25343,AGCATGCAAGCAAGGGCAACGA,0.9886363636363636,0.875,2,0,26812,26833,ACACGATTGAGTGTTTCATGCA,0.9943181818181818,0.875,1,0,1422,1471.775,22,14.666666666666666,0.08710330857528698,0.18710581639803783,0.04956463496316142,-0.13754118143487643,0,0.0,0.08710330857528698,0.03169251517194875,0.012,-0.07510330857528698,0,22,0.0,0,-0.13754118143487643,False
146,15001,17635,2635,2500,2500.0,2493,2518,2495.0,2514.5,0.9499288425047439,0.9789583333333334,0.981875,0.93375,0.9441527777777811,15240,15261,ATAGATGCTGTCAAGGCTCTCC,0.9886363636363636,0.875,2,0,17516,17537,CGGCAACAAAACTGCCGCCTTT,0.9914772727272727,0.8125,1,0,2409,2471.4083333333333,19,7.6,0.1065805409769883,0.21115702479338844,0.08062575210589651,-0.13053127268749193,174,69.6,0.06618531889290012,0.008807045636509208,0.09793605827600162,0.031750739383101495,19,193,7.6,1,-0.13053127268749193,False
147,25101,28415,3315,3000,3000.0,2991,3066,2993.5,3048.0,0.9080128205128205,0.9147916666666667,0.95,0.9607738095238164,0.932519841269847,25322,25343,AGCATGCAAGCAAGGGCAACGA,0.9886363636363636,0.875,2,0,28191,28212,ATCCCTAGATTTAGGCCTACTC,0.9914772727272727,0.8125,1,0,2913,2967.775,46,15.333333333333334,0.08657718120805369,0.19766643788606725,0.06166219839142091,-0.13600423949464635,6,2.0,0.08657718120805369,0.04592691920885015,0.023333333333333334,-0.06324384787472036,6,52,2.0,0,-0.13600423949464635,False
148,25001,28303,3303,3000,3000.0,2991,3065,2993.5,3043.5,0.9110467756584922,0.9147916666666667,0.84125,0.9586904761904831,0.7987559523809492,25095,25116,GCAAAGCTGTGGACCATCCCTC,0.9886363636363636,0.875,2,0,28191,28212,ATCCCTAGATTTAGGCCTACTC,0.9914772727272727,0.8125,1,0,2914,2968.1,42,14.0,0.08520630660852063,0.19725557461406518,0.05963149078726968,-0.1376240838267955,6,2.0,0.08520630660852063,0.045591686221924235,0.023333333333333334,-0.0618729732751873,6,48,2.0,0,-0.1376240838267955,False
149,24601,28415,3815,3500,3500.0,3491,3566,3493.5,3548.0,0.9200688073394495,1.0,0.95,0.96375,0.932519841269847,24735,24756,CCTCAATCATCATGGCGCGCCT,0.9829545454545454,0.875,3,0,28191,28212,ATCCCTAGATTTAGGCCTACTC,0.9914772727272727,0.8125,1,0,3413,3467.775,53,15.142857142857142,0.08419540229885057,0.19214997070884593,0.05912743972445465,-0.13302253098439126,6,1.7142857142857142,0.08419540229885057,0.04306632213608958,0.021714285714285714,-0.06248111658456486,6,59,1.7142857142857142,0,-0.13302253098439126,False
150,24501,28303,3803,3500,3500.0,3491,3565,3493.5,3543.5,0.9227419142782014,1.0,0.84125,0.9583333333333334,0.7987559523809492,24735,24756,CCTCAATCATCATGGCGCGCCT,0.9829545454545454,0.875,3,0,28191,28212,ATCCCTAGATTTAGGCCTACTC,0.9914772727272727,0.8125,1,0,3414,3468.1,52,14.857142857142858,0.08330939385234128,0.191800878477306,0.059110473457675755,-0.13269040501963025,6,1.7142857142857142,0.08330939385234128,0.04277921332184898,0.021714285714285714,-0.06159510813805556,6,58,1.7142857142857142,0,-0.13269040501963025,False
151,25201,27952,2752,2500,2500.0,2487,2562,2492.0,2544.5,0.9115870276162791,0.9235416666666667,0.9816666666666667,0.9593154761904831,0.9385416666666667,25322,25343,AGCATGCAAGCAAGGGCAACGA,0.9886363636363636,0.875,2,0,27725,27746,CCACCGAGTATTTTCTCAACAC,0.9914772727272727,0.8125,1,0,2417,2469.175,33,13.2,0.08017727639000806,0.18031430934656742,0.053901850362027354,-0.12641245898454007,5,2.0,0.08017727639000806,0.04669887278582931,0.0252,-0.05497727639000806,5,38,2.0,0,-0.12641245898454007,False
152,24701,27955,3255,3000,3000.0,2990,3062,2993.0,3044.5,0.9244239631336405,1.0,0.9816666666666667,0.9647916666666667,0.9391666666666667,24735,24756,CCTCAATCATCATGGCGCGCCT,0.9829545454545454,0.875,3,0,27725,27746,CCACCGAGTATTTTCTCAACAC,0.9914772727272727,0.8125,1,0,2917,2969.075,38,12.666666666666666,0.07813547954393024,0.1778615490061686,0.052578700602813125,-0.12528284840335546,5,1.6666666666666667,0.07813547954393024,0.04290982232651693,0.023,-0.05513547954393024,5,43,1.6666666666666667,0,-0.12528284840335546,False
153,25201,27446,2246,2000,2000.0,1987,2062,1992.0,2042.5,0.8941173196794301,0.9235416666666667,0.9639583333333334,0.9593154761904831,0.946192696192702,25322,25343,AGCATGCAAGCAAGGGCAACGA,0.9886363636363636,0.875,2,0,27184,27205,GGATTGAGCAGTACAACTTTGG,0.9914772727272727,0.8125,1,0,1919,1969.6083333333333,26,13.0,0.08274470232088799,0.1828125,0.052870090634441085,-0.1299424093655589,3,1.5,0.08274470232088799,0.04435483870967742,0.0245,-0.058244702320887985,3,29,1.5,0,-0.1299424093655589,False
154,24701,27449,2749,2500,2500.0,2490,2562,2493.0,2542.5,0.9125136413241178,1.0,0.9639583333333334,0.9647916666666667,0.9457760295260353,24735,24756,CCTCAATCATCATGGCGCGCCT,0.9829545454545454,0.875,3,0,27184,27205,GGATTGAGCAGTACAACTTTGG,0.9914772727272727,0.8125,1,0,2419,2469.508333333333,31,12.4,0.07977437550362611,0.1797520661157025,0.05148833467417538,-0.1282637314415271,3,1.2,0.07977437550362611,0.04027386226339106,0.022,-0.05777437550362611,3,34,1.2,0,-0.1282637314415271,False
155,24501,26738,2238,2000,2000.0,1988,2060,1992.5,2037.0,0.8973693029490617,1.0,0.829375,0.9583333333333334,0.8896660561660489,24735,24756,CCTCAATCATCATGGCGCGCCT,0.9829545454545454,0.875,3,0,26497,26518,TGGAAGTATGTTTTGCGGGTAC,0.9914772727272727,0.8125,1,0,1922,1971.775,32,16.0,0.08480565371024736,0.18370524130773222,0.05117912694430507,-0.13252611436342715,0,0.0,0.08480565371024736,0.02773575390821987,0.011,-0.07380565371024736,0,32,0.0,0,-0.13252611436342715,False
156,25001,26738,1738,1500,1500.0,1488,1560,1492.5,1537.0,0.8678437859608745,0.9147916666666667,0.829375,0.9586904761904831,0.8896660561660489,25095,25116,GCAAAGCTGTGGACCATCCCTC,0.9886363636363636,0.875,2,0,26497,26518,TGGAAGTATGTTTTGCGGGTAC,0.9914772727272727,0.8125,1,0,1422,1471.775,22,14.666666666666666,0.08912896691424713,0.1920112123335669,0.04956463496316142,-0.1424465773704055,0,0.0,0.08912896691424713,0.028320971004720162,0.010666666666666666,-0.07846230024758045,0,22,0.0,0,-0.1424465773704055,False
157,24901,26638,1738,1500,1500.0,1488,1560,1492.5,1537.0,0.8678437859608745,0.9910416666666667,0.719375,0.963125,0.8748247863247889,25095,25116,GCAAAGCTGTGGACCATCCCTC,0.9886363636363636,0.875,2,0,26497,26518,TGGAAGTATGTTTTGCGGGTAC,0.9914772727272727,0.8125,1,0,1422,1471.775,20,13.333333333333334,0.08777852802160702,0.19551506657323056,0.050904219691895514,-0.14461084688133505,0,0.0,0.08777852802160702,0.027646662171274445,0.010666666666666666,-0.07711186135494034,0,20,0.0,0,-0.14461084688133505,False
158,15101,16704,1604,1500,1500.0,1481,1518,1487.5,1515.0,0.9358245012468828,1.0,1.0,0.9352083333333333,0.948125,15240,15261,ATAGATGCTGTCAAGGCTCTCC,0.9886363636363636,0.875,2,0,16579,16600,CATCCTTCATGGCGTCCGGGTG,0.9886363636363636,0.75,1,0,1411,1472.7416666666666,11,7.333333333333333,0.12981744421906694,0.24859154929577465,0.09377093101138648,-0.15482061828438817,134,89.33333333333333,0.07238605898123325,0.008,0.125,0.05261394101876675,11,145,7.333333333333333,1,-0.15482061828438817,False
159,15001,16611,1611,1500,1500.0,1485,1518,1490.0,1515.0,0.9321849782743638,0.9789583333333334,0.9970833333333333,0.93375,0.9381547619047645,15240,15261,ATAGATGCTGTCAAGGCTCTCC,0.9886363636363636,0.875,2,0,16579,16600,CATCCTTCATGGCGTCCGGGTG,0.9886363636363636,0.75,1,0,1410,1472.6583333333333,9,6.0,0.13464140730717186,0.2591549295774648,0.09450402144772117,-0.1646509081297436,137,91.33333333333333,0.07506702412868632,0.00867244829886591,0.1257606490872211,0.05069362495853477,9,146,6.0,1,-0.1646509081297436,False
160,33301,35512,2212,2000,2000.0,1989,2034,1992.5,2010.5,0.9052893309222423,0.9641666666666666,0.9504166666666667,0.962554639804633,0.9304166666666667,33555,33576,CGAGCACGGTCCTTGCGAGTCG,0.9943181818181818,0.875,1,0,35241,35262,TGACGAAAAATGAAGCATTAGG,0.9886363636363636,0.75,1,0,1926,1973.1,29,14.5,0.057447890188103715,0.21579762519359835,0.04819277108433735,-0.16760485410926101,2,1.0,0.055442522889114956,0.03770739064856712,0.010505252626313157,-0.044937270262801796,2,31,1.0,0,-0.16760485410926101,False
161,33201,35426,2226,2000,2000.0,1991,2024,1995.0,2011.5,0.8998203054806828,0.9129166666666667,0.95375,0.9543592934842915,0.93625,33465,33486,TTATCCACCCTGCTAAAGACCC,0.9829545454545454,0.875,3,0,35241,35262,TGACGAAAAATGAAGCATTAGG,0.9886363636363636,0.75,1,0,1916,1971.1083333333333,28,14.0,0.059989832231825115,0.21380384016606124,0.046476761619190406,-0.16732707854687084,2,1.0,0.057926829268292686,0.03418803418803419,0.010505252626313157,-0.04742157664197953,2,30,1.0,0,-0.16732707854687084,False
162,24601,26212,1612,1500,1500.0,1483,1537,1486.5,1519.0,0.9308312655086849,1.0,0.7420833333333333,0.96375,0.9476081834832075,24735,24756,CCTCAATCATCATGGCGCGCCT,0.9829545454545454,0.875,3,0,26027,26048,GTACCCGCTCGGAGGTTGGAGG,0.9829545454545454,0.75,2,0,1444,1479.6583333333333,16,10.666666666666666,0.07816711590296496,0.1766735679779158,0.04508748317631225,-0.13158608480160355,0,0.0,0.07816711590296496,0.026972353337828724,0.01,-0.06816711590296497,0,16,0.0,0,-0.13158608480160355,False
163,8201,9724,1524,1500,1500.0,1444,1505,1471.5,1504.0,0.9801099081364829,0.9645833333333333,0.964375,0.9544642857142904,0.9105059523809541,8459,8480,GCAACCACGTAAATGCGATCGG,0.9943181818181818,0.875,1,0,9492,9513,CACGATGTTGCCACAAGTTATT,0.9659090909090909,0.75,3,0,1432,1483.3166666666666,0,0.0,0.06004002668445631,0.19651567944250872,0.00733822548365577,-0.18917745395885296,1,0.6666666666666666,0.06004002668445631,0.04136090727151434,0.0013333333333333333,-0.058706693351122975,0,1,0.0,0,-0.18917745395885296,False
164,8201,10812,2612,2500,2500.0,2477,2519,2479.5,2514.5,0.9568816998468607,0.9645833333333333,0.96625,0.9544642857142904,0.9117857142857186,8459,8480,GCAACCACGTAAATGCGATCGG,0.9943181818181818,0.875,1,0,10658,10679,ATCTTGGGTCTCGCGAAAGTCG,0.9744318181818182,0.6875,2,0,2392,2473.9666666666667,47,18.8,0.09177972865123703,0.22149032523672293,0.07048458149779736,-0.15100574373892556,12,4.8,0.09177972865123703,0.05088852988691438,0.002,-0.08977972865123703,12,59,4.8,0,-0.15100574373892556,False
165,8301,10907,2607,2500,2500.5,2475,2530,2486.5,2523.5,0.9604909858074415,0.9983333333333333,0.9920833333333333,0.9713988095238104,0.9108710317460281,8459,8480,GCAACCACGTAAATGCGATCGG,0.9943181818181818,0.875,1,0,10658,10679,ATCTTGGGTCTCGCGAAAGTCG,0.9744318181818182,0.6875,2,0,2442,2484.525,50,19.99600079984003,0.0912,0.21330645161290324,0.07572115384615384,-0.13758529776674938,12,4.799040191961607,0.0912,0.05537590945836702,0.0024009603841536613,-0.08879903961584634,12,62,4.799040191961607,0,-0.13758529776674938,False
166,33201,34849,1649,1500,1500.0,1496,1520,1497.5,1508.5,0.9109308671922377,0.9129166666666667,0.86625,0.9543592934842915,0.8946150793650789,33465,33486,TTATCCACCCTGCTAAAGACCC,0.9829545454545454,0.875,3,0,34720,34741,TGCGGAAGCAACATTAAGCTTT,0.9744318181818182,0.6875,3,0,1431,1476.0333333333333,26,17.333333333333332,0.058384249830278345,0.2,0.041305796135909394,-0.1586942038640906,2,1.3333333333333333,0.05563093622795115,0.0294314381270903,0.00867244829886591,-0.04695848792908524,2,28,1.3333333333333333,0,-0.1586942038640906,False
167,33301,34982,1682,1500,1500.0,1489,1519,1491.0,1505.5,0.8916468489892985,0.9641666666666666,0.7729166666666667,0.962554639804633,0.7970006105006057,33555,33576,CGAGCACGGTCCTTGCGAGTCG,0.9943181818181818,0.875,1,0,34720,34741,TGCGGAAGCAACATTAAGCTTT,0.9744318181818182,0.6875,3,0,1427,1473.175,26,17.333333333333332,0.05589638718473074,0.21001390820584145,0.04136090727151434,-0.1686530009343271,2,1.3333333333333333,0.05320600272851296,0.03089321692411014,0.00867244829886591,-0.04453355442964705,2,28,1.3333333333333333,0,-0.1686530009343271,False
168,35001,40874,5874,5000,5000.0,4943,5372,4967.5,5216.5,0.8606464930200886,0.9520833333333333,0.841875,0.9475,0.8671836219336546,35044,35065,CTCCTGTCAGGCCTGCCAGGCC,0.9943181818181818,0.875,1,0,40584,40605,GGACTGGAAGAGAAGAACAGAA,0.9772727272727273,0.625,2,0,4711,4928.366666666667,45,9.0,0.09105560032232071,0.2273586888001681,0.07330482590103848,-0.15405386289912962,180,36.0,0.07200321802091714,0.028050490883590462,0.05761895201766713,-0.014384266003250004,45,225,9.0,0,-0.15405386289912962,False
169,36001,37508,1508,1500,1500.5,1465,1501,1475.5,1501.0,0.9904260610079576,0.9997916666666666,0.956875,0.9705972222222166,0.9017301587301457,36161,36182,GACGGATTCTTGGGTCTTACCA,0.9943181818181818,0.875,1,0,37210,37231,AGTAAGATATTGAGACAGTTTG,0.9772727272727273,0.625,2,0,1447,1485.3916666666667,8,5.331556147950684,0.05902079141515761,0.2066344160331721,0.02478231748158071,-0.18185209855159137,1,0.6664445184938355,0.056338028169014086,0.04672897196261682,0.00333555703802535,-0.053002471130988736,1,9,0.6664445184938355,0,-0.18185209855159137,False
170,8201,10293,2093,2000,2000.0,1973,2009,1975.5,2003.0,0.9531473960821787,0.9645833333333333,0.890625,0.9544642857142904,0.8810615079364955,8459,8480,GCAACCACGTAAATGCGATCGG,0.9943181818181818,0.875,1,0,10026,10047,CTGTCCATAAGGATGGCCTAAG,0.9772727272727273,0.5625,2,0,1896,1973.8,16,8.0,0.07703851925962982,0.22852680895366997,0.042042042042042045,-0.18648476691162794,1,0.5,0.07703851925962982,0.04602933737986849,0.0015,-0.07553851925962982,1,17,0.5,0,-0.18648476691162794,False
171,8201,11443,3243,3000,3000.0,2966,3119,2979.5,3115.0,0.9370567375886525,0.9645833333333333,0.8702083333333334,0.9544642857142904,0.899853835978823,8459,8480,GCAACCACGTAAATGCGATCGG,0.9943181818181818,0.875,1,0,11417,11438,TGCTTACCTCTCCTTGCATCAT,0.9659090909090909,0.5,3,0,2863,2978.266666666667,64,21.333333333333332,0.10277214334009466,0.21723341036645757,0.08842175508842176,-0.1288116552780358,18,6.0,0.10277214334009466,0.06390850992263707,0.003,-0.09977214334009465,18,82,6.0,0,-0.1288116552780358,False
172,8301,11690,3390,3000,3000.5,2945,3292,2955.5,3279.0,0.90827802359882,0.9983333333333333,0.6075,0.9713988095238104,0.889825396825363,8459,8480,GCAACCACGTAAATGCGATCGG,0.9943181818181818,0.875,1,0,11417,11438,TGCTTACCTCTCCTTGCATCAT,0.9659090909090909,0.5,3,0,2829,2979.3,68,22.662889518413596,0.10328317373461013,0.21506042764177255,0.09449881876476544,-0.1205616088770071,18,5.9990001666388935,0.10328317373461013,0.06702960190541,0.0026972353337828725,-0.10058593840082726,18,86,5.9990001666388935,0,-0.1205616088770071,False
173,14001,18180,4180,4000,4000.5,3983,4041,3983.5,4033.0,0.9577153110047847,0.976875,0.8847916666666666,0.9192499999999988,0.9304301948051883,14204,14225,GTTGGATCTTTTACATCTATAT,0.9857954545454546,0.8125,2,0,17889,17910,GCATCATGCGCATCTCTGCGTA,1.0,1.0,0,0,3879,3957.5666666666666,33,8.248968878890139,0.10012642225031605,0.21016343207354443,0.08002013085052843,-0.13014330122301598,247,61.74228221472316,0.061091637456184275,0.016356316054353295,0.08948827829594151,0.028396640839757237,33,280,8.248968878890139,1,-0.13014330122301598,False
174,24801,27038,2238,2000,2000.0,1988,2060,1992.5,2037.0,0.8973693029490617,1.0,1.0,0.9614583333333333,0.965,24911,24932,TAATCTTCAAATGGTGCTGATG,0.9857954545454546,0.8125,2,0,26821,26842,AGGTGATGGACACGATTGAGTG,1.0,1.0,0,0,1922,1971.775,26,13.0,0.07874810701665826,0.1785158277114686,0.0481685900652283,-0.1303472376462403,1,0.5,0.07874810701665826,0.03328290468986384,0.0145,-0.06424810701665826,1,27,0.5,0,-0.1303472376462403,False
175,35401,37409,2009,2000,2000.0,1991,2003,1994.0,2002.0,0.9952712792434046,0.99375,0.9795833333333334,0.9545833333333333,0.9382738095238043,35581,35602,CTGAGAAAGATCCCGGGACCAA,0.9914772727272727,0.8125,1,0,37175,37196,ACAAAGCCTTGAGAACCTTGAC,1.0,1.0,0,0,1983,1996.5,7,3.5,0.046,0.1878147029204431,0.02197802197802198,-0.16583668094242113,1,0.5,0.0435,0.04102051025512756,0.003,-0.040499999999999994,1,8,0.5,0,-0.16583668094242113,False
176,35301,37316,2016,2000,2000.0,1993,2011,1995.0,2004.0,0.9923115079365079,0.9570833333333333,0.99625,0.941875,0.9626488095238043,35578,35599,CCACTGAGAAAGATCCCGGGAC,0.9857954545454546,0.8125,2,0,37094,37115,GGGCGTGAGTCATGTCAATGTC,1.0,1.0,0,0,1985,1997.0083333333334,6,3.0,0.04502251125562781,0.1805835010060362,0.016483516483516484,-0.16409998452251973,1,0.5,0.04195804195804196,0.04502251125562781,0.0045,-0.040522511255627815,1,7,0.5,0,-0.16409998452251973,False
177,24401,27138,2738,2500,2500.0,2487,2560,2492.5,2537.0,0.9160883856829802,0.9997916666666666,1.0,0.9577083333333334,0.95625,24461,24482,AGAGTATTTCTGAAAAAGTCCT,0.9914772727272727,0.8125,1,0,26974,26995,AGGAATTCGACGATGAGCGTGA,1.0,1.0,0,0,2421,2471.65,36,14.4,0.07819427650141073,0.17511330861145447,0.05174488567990373,-0.12336842293155073,1,0.4,0.07819427650141073,0.033440773569701855,0.0168,-0.06139427650141073,1,37,0.4,0,-0.12336842293155073,False
178,24301,27038,2738,2500,2500.0,2487,2560,2492.5,2537.0,0.9160883856829802,0.9997916666666666,1.0,0.9579166666666666,0.965,24461,24482,AGAGTATTTCTGAAAAAGTCCT,0.9914772727272727,0.8125,1,0,26821,26842,AGGTGATGGACACGATTGAGTG,1.0,1.0,0,0,2421,2471.65,35,14.0,0.0769850866586054,0.1734651833539349,0.05174488567990373,-0.12172029767403117,1,0.4,0.0769850866586054,0.031829170024174055,0.014,-0.0629850866586054,1,36,0.4,0,-0.12172029767403117,False
179,24201,26949,2749,2500,2500.0,2487,2560,2492.5,2541.0,0.9127864678064751,0.9664583333333333,1.0,0.9447916666666667,0.9579166666666666,24461,24482,AGAGTATTTCTGAAAAAGTCCT,0.9914772727272727,0.8125,1,0,26821,26842,AGGTGATGGACACGATTGAGTG,1.0,1.0,0,0,2421,2471.7166666666667,35,14.0,0.08101571946795647,0.18005768438401318,0.05582329317269076,-0.12423439121132242,0,0.0,0.08101571946795647,0.0346494762288477,0.0144,-0.06661571946795647,0,35,0.0,0,-0.12423439121132242,False
180,24401,25933,1533,1500,1500.0,1482,1520,1486.5,1500.0,0.9765574037834311,0.9997916666666666,0.9658333333333333,0.9577083333333334,0.9564285714285748,24461,24482,AGAGTATTTCTGAAAAAGTCCT,0.9914772727272727,0.8125,1,0,25787,25808,CTTGCATTATATTGTAACATCG,1.0,1.0,0,0,1477,1490.5416666666667,22,14.666666666666666,0.07118871725990597,0.16238159675236807,0.051712558764271326,-0.11066903798809674,0,0.0,0.07118871725990597,0.026052104208416832,0.01,-0.06118871725990597,0,22,0.0,0,-0.11066903798809674,False
181,24301,25830,1530,1500,1500.0,1482,1520,1486.0,1500.0,0.978390522875817,0.9997916666666666,0.9754166666666667,0.9579166666666666,0.9683035714285749,24461,24482,AGAGTATTTCTGAAAAAGTCCT,0.9914772727272727,0.8125,1,0,25549,25570,GAGAGAGTGGCTGTTGACTATA,1.0,1.0,0,0,1478,1491.1,20,13.333333333333334,0.06845637583892618,0.1568627450980392,0.04697986577181208,-0.10988287932622713,0,0.0,0.06845637583892618,0.026720106880427523,0.01,-0.058456375838926176,0,20,0.0,0,-0.10988287932622713,False
182,24201,25740,1540,1500,1500.0,1489,1520,1490.0,1500.0,0.9727678571428572,0.9664583333333333,0.9791666666666666,0.9447916666666667,0.9689285714285749,24461,24482,AGAGTATTTCTGAAAAAGTCCT,0.9914772727272727,0.8125,1,0,25549,25570,GAGAGAGTGGCTGTTGACTATA,1.0,1.0,0,0,1478,1491.6083333333333,20,13.333333333333334,0.07243460764587525,0.1635135135135135,0.047619047619047616,-0.11589446589446589,0,0.0,0.07243460764587525,0.03072812291249165,0.011333333333333334,-0.06110127431254192,0,20,0.0,0,-0.11589446589446589,False
183,8101,9643,1543,1500,1500.0,1462,1505,1480.5,1504.5,0.9695398574206092,0.9089583333333333,0.9497916666666667,0.9410317460317522,0.9255059523809541,8377,8398,ATCCAACTCTTCTGTGATGTCC,0.9857954545454546,0.8125,2,0,9349,9370,TGGGCTATCCCGAGATGTTCGC,1.0,1.0,0,0,1431,1483.25,0,0.0,0.06337558372248166,0.20711297071129708,0.004669779853235491,-0.2024431908580616,2,1.3333333333333333,0.06337558372248166,0.038692461641094064,0.0013333333333333333,-0.062042250389148325,0,2,0.0,0,-0.2024431908580616,False
184,13001,17713,4713,4500,4500.5,4483,4518,4485.0,4509.0,0.9547395501803522,0.8722916666666667,0.981875,0.8805740740740536,0.9426944444444477,13193,13214,TCAGGCCTTCCAGCTGGACTTT,0.9857954545454546,0.8125,2,0,17638,17659,TGTCGTTCTCAACCAAGGTCTG,0.9971590909090909,0.9375,1,0,4375,4451.983333333334,55,12.220864348405733,0.1007210455159982,0.22305764411027568,0.08862463540498093,-0.13443300870529473,274,60.88212420842129,0.06662180349932706,0.009568313306631064,0.09009009009009009,0.023468286590763027,55,329,12.220864348405733,1,-0.13443300870529473,False
185,13101,17794,4694,4500,4500.0,4486,4517,4492.5,4515.5,0.9591233489561142,0.9272916666666666,0.981875,0.8798786630036617,0.9412361111111144,13193,13214,TCAGGCCTTCCAGCTGGACTTT,0.9857954545454546,0.8125,2,0,17638,17659,TGTCGTTCTCAACCAAGGTCTG,0.9971590909090909,0.9375,1,0,4388,4461.8,50,11.11111111111111,0.09764837625979843,0.22053145582557349,0.08590604026845637,-0.1346254155571171,271,60.22222222222222,0.06374412883023932,0.010031208203299153,0.0876010781671159,0.023856949336876584,50,321,11.11111111111111,1,-0.1346254155571171,False
186,13001,17201,4201,4000,4000.5,3975,4018,3982.0,4009.0,0.9519757200666508,0.8722916666666667,0.9629166666666666,0.8805740740740536,0.954777777777775,13193,13214,TCAGGCCTTCCAGCTGGACTTT,0.9857954545454546,0.8125,2,0,17074,17095,GCTTGCGCACCTTCATGCTGGC,0.9971590909090909,0.9375,1,0,3875,3953.0416666666665,49,12.248468941382328,0.10512950736414424,0.23167909488300334,0.09122983870967742,-0.14044925617332593,263,65.74178227721535,0.06856566675069321,0.008512769153730596,0.09496074955684984,0.026395082806156628,49,312,12.248468941382328,1,-0.14044925617332593,False
187,13101,17289,4189,4000,4000.0,3986,4017,3992.0,4015.5,0.9554935545476247,0.9272916666666666,0.9425,0.8798786630036617,0.9501944444444416,13193,13214,TCAGGCCTTCCAGCTGGACTTT,0.9857954545454546,0.8125,2,0,17074,17095,GCTTGCGCACCTTCATGCTGGC,0.9971590909090909,0.9375,1,0,3888,3962.9166666666665,44,11.0,0.1021437578814628,0.22905457340507301,0.08916876574307304,-0.13988580766199998,263,65.75,0.06708542713567839,0.008278976417461115,0.09240090886139864,0.02531548172572025,44,307,11.0,1,-0.13988580766199998,False
188,35401,40707,5307,4500,4500.0,4432,4875,4463.0,4717.0,0.8584887883926889,0.99375,0.9825,0.9545833333333333,0.9516666666666667,35581,35602,CTGAGAAAGATCCCGGGACCAA,0.9914772727272727,0.8125,1,0,40529,40550,TTCGGAATGTTGCACCAGCCTC,0.9971590909090909,0.9375,1,0,4226,4437.616666666667,42,9.333333333333334,0.09251396648044692,0.22292397660818714,0.07362936112369732,-0.1492946154844898,172,38.22222222222222,0.07204996654026322,0.026046304541406946,0.059216384683882455,-0.012833581856380762,42,214,9.333333333333334,0,-0.1492946154844898,False
189,35301,40613,5313,4500,4500.0,4428,4875,4461.0,4723.0,0.8575663466967814,0.9570833333333333,1.0,0.941875,0.955,35578,35599,CCACTGAGAAAGATCCCGGGAC,0.9857954545454546,0.8125,2,0,40529,40550,TTCGGAATGTTGCACCAGCCTC,0.9971590909090909,0.9375,1,0,4225,4437.375,41,9.11111111111111,0.09162011173184358,0.22541462275169352,0.07453556864521975,-0.1508790541064738,165,36.666666666666664,0.07182690162837385,0.02804986642920748,0.05699020480854853,-0.014836696819825322,41,206,9.11111111111111,0,-0.1508790541064738,False
190,14101,17742,3642,3500,3500.0,3493,3518,3495.0,3515.0,0.9618684788577705,0.976875,0.981875,0.9196666666666654,0.9433194444444477,14204,14225,GTTGGATCTTTTACATCTATAT,0.9857954545454546,0.8125,2,0,17638,17659,TGTCGTTCTCAACCAAGGTCTG,0.9971590909090909,0.9375,1,0,3409,3471.0333333333333,29,8.285714285714286,0.10209951107276388,0.20824802573852003,0.08044660750071572,-0.1278014182378043,238,68.0,0.05836687751581369,0.010291595197255575,0.09284890426758939,0.0344820267517757,29,267,8.285714285714286,1,-0.1278014182378043,False
191,14201,17839,3639,3500,3500.0,3488,3518,3490.0,3514.5,0.9621461940093432,0.986875,0.975625,0.9394583333333322,0.9362777777777834,14204,14225,GTTGGATCTTTTACATCTATAT,0.9857954545454546,0.8125,2,0,17638,17659,TGTCGTTCTCAACCAAGGTCTG,0.9971590909090909,0.9375,1,0,3404,3467.9083333333333,25,7.142857142857143,0.10023041474654378,0.20796719390743995,0.07740825688073394,-0.130558937026706,228,65.14285714285714,0.058772935779816515,0.012310334955625536,0.09413803060929829,0.035365094829481775,25,253,7.142857142857143,1,-0.130558937026706,False
192,14001,17118,3118,3000,3000.0,2985,3018,2990.0,3015.0,0.962736529826812,0.976875,1.0,0.9192499999999988,0.9564583333333333,14204,14225,GTTGGATCTTTTACATCTATAT,0.9857954545454546,0.8125,2,0,17074,17095,GCTTGCGCACCTTCATGCTGGC,0.9971590909090909,0.9375,1,0,2910,2972.2833333333333,23,7.666666666666667,0.10984212294255963,0.21986301369863015,0.0845305713331106,-0.13533244236551956,231,77.0,0.06028131279303416,0.008336112037345782,0.09808532079274437,0.03780400799971021,23,254,7.666666666666667,1,-0.13533244236551956,False
193,14101,17237,3137,3000,3000.0,2992,3018,2994.5,3015.0,0.9574633407714377,0.976875,0.9425,0.9196666666666654,0.9518611111111083,14204,14225,GTTGGATCTTTTACATCTATAT,0.9857954545454546,0.8125,2,0,17074,17095,GCTTGCGCACCTTCATGCTGGC,0.9971590909090909,0.9375,1,0,2909,2972.15,23,7.666666666666667,0.11051394020826336,0.21891058581706063,0.0838623454727698,-0.13504824034429083,229,76.33333333333333,0.061935051891529966,0.00867244829886591,0.10110849848841115,0.039173446596881184,23,252,7.666666666666667,1,-0.13504824034429083,False
194,14201,17334,3134,3000,3000.0,2992,3018,2994.5,3015.0,0.9583798659859605,0.986875,0.9425,0.9394583333333322,0.953527777777775,14204,14225,GTTGGATCTTTTACATCTATAT,0.9857954545454546,0.8125,2,0,17074,17095,GCTTGCGCACCTTCATGCTGGC,0.9971590909090909,0.9375,1,0,2909,2972.15,19,6.333333333333333,0.10984212294255963,0.21514217197670435,0.07951887738055463,-0.13562329459614972,222,74.0,0.061476779151353154,0.009339559706470981,0.10178031575411488,0.04030353660276172,19,241,6.333333333333333,1,-0.13562329459614972,False
195,38801,40334,1534,1500,1500.0,1494,1509,1494.5,1505.5,0.9776320078226858,0.9358333333333333,1.0,0.9028472222222262,0.9472916666666666,39014,39035,TAGATGATGTTGAGGGTGGAAG,0.9857954545454546,0.8125,2,0,40220,40241,TTTCAGATGTCCCTACAGACTC,0.9971590909090909,0.9375,1,0,1487,1494.2083333333333,17,11.333333333333334,0.10180843938379103,0.21385339609952925,0.07491638795986622,-0.13893700813966303,109,72.66666666666667,0.0540720961281709,0.008021390374331552,0.0929144385026738,0.038842342374502896,17,126,11.333333333333334,1,-0.13893700813966303,False
196,38901,40419,1519,1500,1500.0,1495,1502,1495.0,1502.0,0.98662771560237,0.9825,1.0,0.9376388888888929,0.9495833333333333,39114,39135,ACAGATATGGCAAAGACTGGTT,0.9914772727272727,0.8125,1,0,40220,40241,TTTCAGATGTCCCTACAGACTC,0.9971590909090909,0.9375,1,0,1488,1494.375,17,11.333333333333334,0.10227272727272728,0.1935483870967742,0.06889632107023412,-0.12465206602654007,108,72.0,0.0514018691588785,0.0106951871657754,0.09224598930481283,0.040844120145934325,17,125,11.333333333333334,1,-0.12465206602654007,False
197,39101,40617,1517,1500,1500.0,1499,1507,1499.0,1506.0,0.9900708635464733,0.96375,1.0,0.9314980158730153,0.9545833333333333,39114,39135,ACAGATATGGCAAAGACTGGTT,0.9914772727272727,0.8125,1,0,40529,40550,TTCGGAATGTTGCACCAGCCTC,0.9971590909090909,0.9375,1,0,1495,1499.0,17,11.333333333333334,0.09345794392523364,0.18193979933110369,0.06604402935290193,-0.11589576997820175,103,68.66666666666667,0.04318936877076412,0.01,0.08666666666666667,0.04347729789590255,17,120,11.333333333333334,1,-0.11589576997820175,False
198,39001,40517,1517,1500,1500.0,1495,1503,1495.0,1502.0,0.9880932762030323,0.9870833333333333,1.0,0.9391666666666667,0.95375,39114,39135,ACAGATATGGCAAAGACTGGTT,0.9914772727272727,0.8125,1,0,40220,40241,TTTCAGATGTCCCTACAGACTC,0.9971590909090909,0.9375,1,0,1491,1495.2,16,10.666666666666666,0.0997322623828648,0.18779342723004694,0.06488294314381271,-0.12291048408623423,109,72.66666666666667,0.04463690872751499,0.0106951871657754,0.09090909090909091,0.04627218218157592,16,125,10.666666666666666,1,-0.12291048408623423,False
199,25901,27618,1718,1500,1500.0,1494,1566,1495.0,1542.0,0.8796565774155995,0.7552083333333334,1.0,0.9480942945943146,0.9666666666666667,25954,25975,ACGCAAGCGCTTTGAAGATCAA,0.9886363636363636,0.8125,2,0,27551,27572,TACAGGCTTCCCTCCAAACAAT,0.9971590909090909,0.9375,1,0,1440,1478.2333333333333,18,12.0,0.0824396782841823,0.1845940319222762,0.05284280936454849,-0.1317512225577277,5,3.3333333333333335,0.0824396782841823,0.05117845117845118,0.03333333333333333,-0.04910634495084897,5,23,3.3333333333333335,0,-0.1317512225577277,False
200,24401,27649,3249,3000,3000.0,2990,3062,2992.5,3042.5,0.9259579870729455,0.9997916666666666,1.0,0.9577083333333334,0.96875,24461,24482,AGAGTATTTCTGAAAAAGTCCT,0.9914772727272727,0.8125,1,0,27551,27572,TACAGGCTTCCCTCCAAACAAT,0.9971590909090909,0.9375,1,0,2919,2969.383333333333,39,13.0,0.07645875251509054,0.17089041095890412,0.053918285331547224,-0.1169721256273569,5,1.6666666666666667,0.07645875251509054,0.03789403085177733,0.021666666666666667,-0.05479208584842388,5,44,1.6666666666666667,0,-0.1169721256273569,False
201,35401,36902,1502,1500,1500.0,1495,1501,1499.0,1500.5,0.998418774966711,0.99375,0.9991666666666666,0.9545833333333333,0.9626805555555499,35581,35602,CTGAGAAAGATCCCGGGACCAA,0.9914772727272727,0.8125,1,0,36690,36711,ATGACATGCTCCTTGTACTTCA,0.9971590909090909,0.9375,1,0,1494,1499.0166666666667,4,2.6666666666666665,0.046,0.1741160773849233,0.010659560293137908,-0.16345651709178538,1,0.6666666666666666,0.043333333333333335,0.04469646430953969,0.0033333333333333335,-0.04136313097620636,1,5,0.6666666666666666,0,-0.16345651709178538,False
202,35301,36814,1514,1500,1500.0,1495,1509,1499.5,1502.0,0.9911657859973579,0.9570833333333333,0.9985416666666667,0.941875,0.9450833333333261,35578,35599,CCACTGAGAAAGATCCCGGGAC,0.9857954545454546,0.8125,2,0,36690,36711,ATGACATGCTCCTTGTACTTCA,0.9971590909090909,0.9375,1,0,1493,1498.825,4,2.6666666666666665,0.0513675783855904,0.1795727636849132,0.014,-0.1655727636849132,1,0.6666666666666666,0.04666666666666667,0.0513675783855904,0.005333333333333333,-0.04603424505225706,1,5,0.6666666666666666,0,-0.1655727636849132,False
203,13101,16770,3670,3500,3500.0,3487,3517,3488.0,3515.0,0.953899863760218,0.9272916666666666,1.0,0.8798786630036617,0.9564583333333333,13193,13214,TCAGGCCTTCCAGCTGGACTTT,0.9857954545454546,0.8125,2,0,16747,16768,AGGTAGGCTCTTGTTCAAGCAT,0.9943181818181818,0.875,1,0,3389,3463.05,41,11.714285714285714,0.10675129832660127,0.2422907488986784,0.09365124964090779,-0.14863949925777062,242,69.14285714285714,0.0681230238574303,0.00802982506452538,0.09621496677260907,0.028091942915178775,41,283,11.714285714285714,1,-0.14863949925777062,False
204,13001,15090,2090,2000,2000.5,1984,2023,1991.0,2013.0,0.9580442583732057,0.8722916666666667,0.9789583333333334,0.8805740740740536,0.9360416666666667,13193,13214,TCAGGCCTTCCAGCTGGACTTT,0.9857954545454546,0.8125,2,0,14937,14958,CATGGTGATGTCCTGAGCCCAG,0.9829545454545454,0.875,3,0,1965,1985.4916666666666,36,17.995501124718817,0.09770992366412214,0.24570273003033366,0.09242424242424242,-0.15327848760609125,108,53.986503374156456,0.07614725163893091,0.0085,0.08048289738430583,0.0043356457453749275,36,144,17.995501124718817,1,-0.15327848760609125,False
205,13101,15166,2066,2000,2000.0,1987,2007,1992.5,2006.5,0.9679332042594385,0.9272916666666666,0.9789583333333334,0.8798786630036617,0.9375,13193,13214,TCAGGCCTTCCAGCTGGACTTT,0.9857954545454546,0.8125,2,0,14937,14958,CATGGTGATGTCCTGAGCCCAG,0.9829545454545454,0.875,3,0,1975,1990.3083333333334,30,15.0,0.091,0.24660291897332662,0.08702213279678069,-0.15958078617654592,108,54.0,0.0683073832245103,0.00805234021137393,0.0757193336698637,0.007411950445353407,30,138,15.0,1,-0.15958078617654592,False
206,14101,16718,2618,2500,2500.0,2485,2518,2490.0,2515.0,0.9556197478991597,0.976875,1.0,0.9196666666666654,0.9472916666666666,14204,14225,GTTGGATCTTTTACATCTATAT,0.9857954545454546,0.8125,2,0,16687,16708,AACGAGTATGATTCTCTCGATC,0.9829545454545454,0.875,3,0,2410,2472.2833333333333,21,8.4,0.11702986279257466,0.23553719008264462,0.09025270758122744,-0.14528448250141718,206,82.4,0.06315366049879324,0.008403361344537815,0.10819539765845781,0.04504173715966457,21,227,8.4,1,-0.14528448250141718,False
207,14201,16815,2615,2500,2500.0,2485,2518,2490.0,2515.0,0.9567160611854685,0.986875,1.0,0.9394583333333322,0.9608333333333333,14204,14225,GTTGGATCTTTTACATCTATAT,0.9857954545454546,0.8125,2,0,16747,16768,AGGTAGGCTCTTGTTCAAGCAT,0.9943181818181818,0.875,1,0,2410,2472.2833333333333,16,6.4,0.11384739604360113,0.23099173553719007,0.08343361411953469,-0.1475581214176554,199,79.6,0.060995184590690206,0.008803521408563426,0.10819539765845781,0.04720021306776761,16,215,6.4,1,-0.1475581214176554,False
208,14001,15514,1514,1500,1500.0,1497,1504,1499.5,1504.0,0.9912483487450462,0.976875,1.0,0.9192499999999988,0.9341666666666667,14204,14225,GTTGGATCTTTTACATCTATAT,0.9857954545454546,0.8125,2,0,15240,15261,GGAGAGCCTTGACAGCATCTAT,0.9886363636363636,0.875,2,0,1496,1499.5416666666667,12,8.0,0.106,0.22333333333333333,0.08066666666666666,-0.14266666666666666,118,78.66666666666667,0.052772211088844355,0.009339559706470981,0.08617234468937876,0.033400133600534405,12,130,8.0,1,-0.14266666666666666,False
209,24801,27549,2749,2500,2500.0,2490,2562,2493.0,2542.5,0.9125136413241178,1.0,0.9814583333333333,0.9614583333333333,0.9499747474747589,24911,24932,TAATCTTCAAATGGTGCTGATG,0.9857954545454546,0.8125,2,0,27494,27515,CCAAAGAGTGCATGGCGGATCT,0.9886363636363636,0.875,2,0,2419,2469.508333333333,30,12.0,0.0781627719580983,0.17727272727272728,0.05108608205953339,-0.1261866452131939,5,2.0,0.0781627719580983,0.04148207813129279,0.024,-0.0541627719580983,5,35,2.0,0,-0.1261866452131939,False
210,24301,27549,3249,3000,3000.0,2990,3062,2992.5,3042.5,0.9259579870729455,0.9997916666666666,0.9814583333333333,0.9579166666666666,0.9499747474747589,24461,24482,AGAGTATTTCTGAAAAAGTCCT,0.9914772727272727,0.8125,1,0,27494,27515,CCAAAGAGTGCATGGCGGATCT,0.9886363636363636,0.875,2,0,2919,2969.383333333333,39,13.0,0.07679409792085848,0.17328767123287672,0.0535833891493637,-0.11970428208351303,5,1.6666666666666667,0.07679409792085848,0.038900067069081154,0.022,-0.05479409792085848,5,44,1.6666666666666667,0,-0.11970428208351303,False
211,25801,27519,1719,1500,1500.0,1494,1567,1495.0,1542.0,0.8792902850494474,0.9025,0.9639583333333334,0.9484226190476208,0.9453593628593686,25954,25975,ACGCAAGCGCTTTGAAGATCAA,0.9886363636363636,0.8125,2,0,27494,27515,CCAAAGAGTGCATGGCGGATCT,0.9886363636363636,0.875,2,0,1440,1478.2833333333333,19,12.666666666666666,0.08646112600536193,0.19361554476058293,0.053475935828877004,-0.14013960893170593,4,2.6666666666666665,0.08646112600536193,0.05185185185185185,0.032,-0.05446112600536193,4,23,2.6666666666666665,0,-0.14013960893170593,False
212,35501,37002,1502,1500,1500.0,1497,1502,1500.0,1502.0,0.9990013315579228,1.0,0.9958333333333333,0.96,0.9592314814814745,35581,35602,CTGAGAAAGATCCCGGGACCAA,0.9914772727272727,0.8125,1,0,36786,36807,TGTGCATGAAATAGGTGGACTG,0.9943181818181818,0.875,1,0,1495,1499.3666666666666,2,1.3333333333333333,0.044,0.16688918558077437,0.013333333333333334,-0.15355585224744103,1,0.6666666666666666,0.04133333333333333,0.04136090727151434,0.0033333333333333335,-0.03802757393818101,1,3,0.6666666666666666,0,-0.15355585224744103,False
213,51201,52728,1528,1500,1500.0,1396,1508,1499.0,1504.5,0.9780350130890052,0.9758333333333333,0.9652083333333333,0.9333333333333333,0.9435726495726946,51228,51249,GCCCCAGTCTTTCAAGTTATTA,0.9857954545454546,0.8125,2,0,52507,52528,GAGGCTCGTTGGGAGAAGTAGC,0.9886363636363636,0.875,2,0,1394,1485.9333333333334,0,0.0,0.06537691794529686,0.1677807486631016,0.012,-0.1557807486631016,14,9.333333333333334,0.06537691794529686,0.027333333333333334,0.005333333333333333,-0.060043584611963526,0,14,0.0,0,-0.1557807486631016,False
214,14001,17642,3642,3500,3500.0,3493,3518,3495.0,3515.0,0.9618684788577705,0.976875,0.981875,0.9192499999999988,0.944777777777781,14204,14225,GTTGGATCTTTTACATCTATAT,0.9857954545454546,0.8125,2,0,17516,17537,CGGCAACAAAACTGCCGCCTTT,0.9914772727272727,0.8125,1,0,3409,3471.0333333333333,29,8.285714285714286,0.10382513661202186,0.21117285756069026,0.08187804179788148,-0.12929481576280877,247,70.57142857142857,0.05840251932436301,0.008576329331046312,0.0919838523644752,0.033581333040112196,29,276,8.285714285714286,1,-0.12929481576280877,False
215,26301,28485,2185,2000,2000.5,1998,2035,1998.0,2024.5,0.9187356979405035,0.7547916666666666,0.90625,0.890108877233882,0.8891865079365137,26497,26518,GTACCCGCAAAACATACTTCCA,0.9914772727272727,0.8125,1,0,28191,28212,ATCCCTAGATTTAGGCCTACTC,0.9914772727272727,0.8125,1,0,1973,1990.9416666666666,39,19.495126218445385,0.0895447723861931,0.20324379118094274,0.06378704168759418,-0.13945674949334858,6,2.9992501874531365,0.0895447723861931,0.056,0.03,-0.0595447723861931,6,45,2.9992501874531365,0,-0.13945674949334858,False
216,26301,27908,1608,1500,1500.5,1497,1530,1497.0,1520.0,0.9365671641791045,0.7547916666666666,0.9875,0.890108877233882,0.9429166666666666,26497,26518,GTACCCGCAAAACATACTTCCA,0.9914772727272727,0.8125,1,0,27635,27656,ATTTGCACTATGCTTACAACAA,0.9914772727272727,0.8125,1,0,1477,1492.2166666666667,23,15.328223925358214,0.07928047968021319,0.16926201760324983,0.052243804420629605,-0.11701821318262022,5,3.332222592469177,0.07928047968021319,0.06,0.035333333333333335,-0.04394714634687986,5,28,3.332222592469177,0,-0.11701821318262022,False
217,26401,27982,1582,1500,1500.5,1496,1522,1496.0,1519.0,0.950576801517067,0.794375,0.9810416666666667,0.8869577228327156,0.9275641025641016,26497,26518,GTACCCGCAAAACATACTTCCA,0.9914772727272727,0.8125,1,0,27725,27746,CCACCGAGTATTTTCTCAACAC,0.9914772727272727,0.8125,1,0,1480,1493.5166666666667,21,13.995334888370543,0.07692307692307693,0.17972972972972973,0.05767940979208585,-0.12205031993764387,5,3.332222592469177,0.07692307692307693,0.059333333333333335,0.034666666666666665,-0.04225641025641026,5,26,3.332222592469177,0,-0.12205031993764387,False
218,25801,28025,2225,2000,2000.0,1994,2066,1995.0,2045.0,0.904185393258427,0.9025,0.9810416666666667,0.9484226190476208,0.9223557692307683,25954,25975,ACGCAAGCGCTTTGAAGATCAA,0.9886363636363636,0.8125,2,0,27726,27747,CCCACCGAGTATTTTCTCAACA,0.9914772727272727,0.8125,1,0,1937,1977.5,28,14.0,0.0873932697137117,0.19917440660474717,0.05964912280701754,-0.13952528379772963,5,2.5,0.0873932697137117,0.05390428211586902,0.029,-0.0583932697137117,5,33,2.5,0,-0.13952528379772963,False
219,24201,27966,3766,3500,3500.0,3490,3562,3492.5,3548.5,0.9320067711099309,0.9664583333333333,0.9816666666666667,0.9447916666666667,0.9372916666666666,24461,24482,AGAGTATTTCTGAAAAAGTCCT,0.9914772727272727,0.8125,1,0,27725,27746,CCACCGAGTATTTTCTCAACAC,0.9914772727272727,0.8125,1,0,3417,3469.016666666667,46,13.142857142857142,0.07897759908098793,0.17963721474546518,0.05656565656565657,-0.12307155817980861,5,1.4285714285714286,0.07897759908098793,0.04279149913842619,0.021714285714285714,-0.05726331336670222,5,51,1.4285714285714286,0,-0.12307155817980861,False
220,24201,27460,3260,3000,3000.0,2990,3062,2992.5,3046.5,0.9231403374233129,0.9664583333333333,0.9639583333333334,0.9447916666666667,0.946817696192702,24461,24482,AGAGTATTTCTGAAAAAGTCCT,0.9914772727272727,0.8125,1,0,27184,27205,GGATTGAGCAGTACAACTTTGG,0.9914772727272727,0.8125,1,0,2919,2969.45,39,13.0,0.079476861167002,0.1797945205479452,0.05564924114671164,-0.12414527940123357,3,1.0,0.079476861167002,0.04057679409792086,0.021,-0.058476861167002,3,42,1.0,0,-0.12414527940123357,False
221,24401,26638,2238,2000,2000.0,1987,2060,1992.5,2037.0,0.8973413762287757,0.9997916666666666,0.719375,0.9577083333333334,0.8748247863247889,24461,24482,AGAGTATTTCTGAAAAAGTCCT,0.9914772727272727,0.8125,1,0,26497,26518,TGGAAGTATGTTTTGCGGGTAC,0.9914772727272727,0.8125,1,0,1921,1971.65,31,15.5,0.08430085815244825,0.1811105345096004,0.05569493226292022,-0.1254156022466802,0,0.0,0.08430085815244825,0.027245206861755803,0.011,-0.07330085815244826,0,31,0.0,0,-0.1254156022466802,False
222,13001,16691,3691,3500,3500.5,3477,3520,3483.5,3510.0,0.948354104578705,0.8722916666666667,1.0,0.8805740740740536,0.94375,13193,13214,TCAGGCCTTCCAGCTGGACTTT,0.9857954545454546,0.8125,2,0,16579,16600,CATCCTTCATGGCGTCCGGGTG,0.9886363636363636,0.75,1,0,3378,3455.233333333333,47,13.426653335237823,0.11159546643417612,0.24675707547169812,0.09711815561959654,-0.1496389198521016,242,69.13298100271389,0.07179930795847751,0.00829282241921647,0.09991336991048225,0.028114061952004735,47,289,13.426653335237823,1,-0.1496389198521016,False
223,13001,14582,1582,1500,1500.0,1483,1522,1490.0,1512.0,0.9485619469026548,0.8722916666666667,1.0,0.8805740740740536,0.9395833333333333,13193,13214,TCAGGCCTTCCAGCTGGACTTT,0.9857954545454546,0.8125,2,0,14440,14461,CTCCCCAGGAGACACCAAGGAG,0.9801136363636364,0.75,2,0,1465,1484.575,35,23.333333333333332,0.09556313993174062,0.2544097693351425,0.10141987829614604,-0.15298989103899643,67,44.666666666666664,0.0951417004048583,0.007333333333333333,0.07471647765176785,-0.020425222753090444,35,102,23.333333333333332,0,-0.15298989103899643,False
224,13101,14659,1559,1500,1500.0,1488,1506,1492.5,1503.0,0.9615538806927517,0.9272916666666666,1.0,0.8798786630036617,0.940625,13193,13214,TCAGGCCTTCCAGCTGGACTTT,0.9857954545454546,0.8125,2,0,14440,14461,CTCCCCAGGAGACACCAAGGAG,0.9801136363636364,0.75,2,0,1476,1490.3916666666667,30,20.0,0.08803763440860216,0.24797843665768193,0.09543010752688172,-0.15254832913080021,67,44.666666666666664,0.085177733065057,0.008736559139784945,0.0709979906229069,-0.014179742442150103,30,97,20.0,0,-0.15254832913080021,False
225,14001,16618,2618,2500,2500.0,2485,2518,2490.0,2515.0,0.9556197478991597,0.976875,0.9970833333333333,0.9192499999999988,0.9381547619047645,14204,14225,GTTGGATCTTTTACATCTATAT,0.9857954545454546,0.8125,2,0,16579,16600,CATCCTTCATGGCGTCCGGGTG,0.9886363636363636,0.75,1,0,2410,2472.2833333333333,19,7.6,0.12066182405165456,0.23884297520661157,0.09109149277688604,-0.14775148242972552,210,84.0,0.06315366049879324,0.008403361344537815,0.1065805409769883,0.043426880478195054,19,229,7.6,1,-0.14775148242972552,False
226,8101,10729,2629,2500,2500.0,2477,2519,2488.0,2514.0,0.9515262457208064,0.9089583333333333,0.9620833333333333,0.9410317460317522,0.9172023809523853,8377,8398,ATCCAACTCTTCTGTGATGTCC,0.9857954545454546,0.8125,2,0,10658,10679,ATCTTGGGTCTCGCGAAAGTCG,0.9744318181818182,0.6875,2,0,2391,2473.9,42,16.8,0.09058260175578611,0.23476112026359144,0.06367641169403283,-0.1710847085695586,12,4.8,0.09058260175578611,0.046849757673667204,0.002,-0.08858260175578611,12,54,4.8,0,-0.1710847085695586,False
227,24801,28098,3298,3000,3000.0,2990,3063,2993.0,3043.5,0.9123332322619769,1.0,0.85,0.9614583333333333,0.7879807692307683,24911,24932,TAATCTTCAAATGGTGCTGATG,0.9857954545454546,0.8125,2,0,27845,27866,TAATGATATATAGTTAATAGCA,0.9744318181818182,0.6875,3,0,2916,2968.725,39,13.0,0.08084535390808453,0.18752142612272882,0.0559463986599665,-0.1315750274627623,6,2.0,0.08084535390808453,0.04492122024807241,0.023333333333333334,-0.0575120205747512,6,45,2.0,0,-0.1315750274627623,False
228,24301,28098,3798,3500,3500.0,3490,3563,3492.5,3543.5,0.9238579515534492,0.9997916666666666,0.85,0.9579166666666666,0.7879807692307683,24461,24482,AGAGTATTTCTGAAAAAGTCCT,0.9914772727272727,0.8125,1,0,27845,27866,TAATGATATATAGTTAATAGCA,0.9744318181818182,0.6875,3,0,3416,3468.6,48,13.714285714285714,0.07928756104567652,0.1826163301141352,0.05738880918220947,-0.12522752093192574,6,1.7142857142857142,0.07928756104567652,0.04221711659965537,0.021714285714285714,-0.05757327533139081,6,54,1.7142857142857142,0,-0.12522752093192574,False
229,26501,28090,1590,1500,1500.5,1493,1512,1493.0,1509.0,0.9442610062893082,0.9027083333333333,0.8495833333333334,0.9003273809523792,0.7879807692307683,26699,26720,GCTCAAAGAACTTGCAGAACTT,0.9801136363636364,0.8125,3,0,27845,27866,TAATGATATATAGTTAATAGCA,0.9744318181818182,0.6875,3,0,1486,1496.0583333333334,18,11.996001332889037,0.074,0.1864064602960969,0.058941728064300064,-0.12746473223179683,5,3.332222592469177,0.074,0.058666666666666666,0.034,-0.039999999999999994,5,23,3.332222592469177,0,-0.12746473223179683,False
230,35501,40841,5341,4500,4500.0,4426,4880,4459.5,4714.5,0.8527546339636772,1.0,0.858125,0.96,0.8771141774891779,35581,35602,CTGAGAAAGATCCCGGGACCAA,0.9914772727272727,0.8125,1,0,40584,40605,GGACTGGAAGAGAAGAACAGAA,0.9772727272727273,0.625,2,0,4213,4432.333333333333,42,9.333333333333334,0.09324686940966011,0.22394003279456548,0.07615593834995467,-0.14778409444461083,174,38.666666666666664,0.07321428571428572,0.024716098864395457,0.061038093116507014,-0.012176192597778704,42,216,9.333333333333334,0,-0.14778409444461083,False
231,13001,15598,2598,2500,2500.5,2485,2523,2491.5,2513.0,0.9633131254811393,0.8722916666666667,0.9745833333333334,0.8805740740740536,0.9076984126984098,13193,13214,TCAGGCCTTCCAGCTGGACTTT,0.9857954545454546,0.8125,2,0,15319,15340,TAGACATTAGCATATGAAGCTG,0.9630681818181818,0.625,3,0,2465,2484.391666666667,39,15.596880623875224,0.1050709939148073,0.24858528698464025,0.09842678499394918,-0.15015850199069108,162,64.7870425914817,0.07246376811594203,0.0096,0.0912379421221865,0.018774174006244468,39,201,15.596880623875224,1,-0.15015850199069108,False
232,38801,40883,2083,2000,2000.5,1993,2015,1995.0,2009.5,0.9607537205952953,0.9358333333333333,0.841875,0.9028472222222262,0.8657252886003213,39014,39035,TAGATGATGTTGAGGGTGGAAG,0.9857954545454546,0.8125,2,0,40584,40605,GGACTGGAAGAGAAGAACAGAA,0.9772727272727273,0.625,2,0,1969,1989.0916666666667,22,10.997250687328167,0.102061337355455,0.2125506072874494,0.07064128256513026,-0.14190932472231915,141,70.4823794051487,0.055248618784530384,0.010505252626313157,0.09401709401709402,0.03876847523256363,22,163,10.997250687328167,1,-0.14190932472231915,False
233,14201,16315,2115,2000,2000.0,1992,2018,1993.5,2015.0,0.9468971631205674,0.986875,0.8685416666666667,0.9394583333333322,0.9153749999999976,14204,14225,GTTGGATCTTTTACATCTATAT,0.9857954545454546,0.8125,2,0,16288,16309,CTGACAAGGCCAACAAGGGCCA,0.9829545454545454,0.625,1,0,1917,1973.975,11,5.5,0.12032355915065723,0.2553191489361702,0.08634538152610442,-0.16897376741006576,165,82.5,0.06224899598393574,0.010505252626313157,0.11330298431967628,0.05105398833574054,11,176,5.5,1,-0.16897376741006576,False
234,35501,37508,2008,2000,2000.5,1965,2001,1975.5,2001.0,0.9928100099601593,1.0,0.956875,0.96,0.9017301587301457,35581,35602,CTGAGAAAGATCCCGGGACCAA,0.9914772727272727,0.8125,1,0,37210,37231,AGTAAGATATTGAGACAGTTTG,0.9772727272727273,0.625,2,0,1947,1985.3916666666667,8,3.9990002499375152,0.055248618784530384,0.1936312275295326,0.028600100351229302,-0.1650311271783033,1,0.4998750312421894,0.053239578101456554,0.04254254254254254,0.003501750875437719,-0.049737827226018834,1,9,0.4998750312421894,0,-0.1650311271783033,False
235,9501,11881,2381,2000,2000.5,1943,2287,1953.5,2275.5,0.871797564048719,0.9441666666666667,0.8339583333333334,0.8869642857142874,0.9115833333333224,9688,9709,ACGACTTGGAAGGCCGTGTCAA,0.9801136363636364,0.8125,3,0,11701,11722,CCGCATCGAAGAGTCTCTTCAA,0.9659090909090909,0.5625,3,0,1827,1978.3166666666666,76,37.9905023744064,0.14803471158754467,0.25044802867383514,0.1408787010506208,-0.10956932762321434,21,10.497375656085978,0.14803471158754467,0.08518327310273618,0.009169638308711156,-0.13886507327883352,21,97,10.497375656085978,0,-0.13886507327883352,False
236,8101,10211,2111,2000,2000.5,1993,2010,1993.5,2003.5,0.9472998578872572,0.9089583333333333,0.849375,0.9410317460317522,0.888551587301578,8377,8398,ATCCAACTCTTCTGTGATGTCC,0.9857954545454546,0.8125,2,0,10026,10047,CTGTCCATAAGGATGGCCTAAG,0.9772727272727273,0.5625,2,0,1913,1978.8,14,6.998250437390651,0.07773319959879639,0.23504940197607904,0.03451725862931466,-0.2005321433467644,2,0.9997500624843788,0.07773319959879639,0.0426706827309237,0.0014992503748125937,-0.0762339492239838,2,16,0.9997500624843788,0,-0.2005321433467644,False
237,13001,16182,3182,3000,3000.0,2977,3021,2982.5,3011.0,0.9429211187932118,0.8722916666666667,0.8177083333333334,0.8805740740740536,0.917362739112729,13193,13214,TCAGGCCTTCCAGCTGGACTTT,0.9857954545454546,0.8125,2,0,15988,16009,TCATGCAATCCTAAACTAGGCC,0.9573863636363636,0.5,2,0,2886,2957.391666666667,41,13.666666666666666,0.11080897348742352,0.2590548464987927,0.09929316728374285,-0.15976167921504983,202,67.33333333333333,0.07241495453014483,0.009673115410273516,0.09787377657779278,0.025458822047647947,41,243,13.666666666666666,1,-0.15976167921504983,False
238,13101,16270,3170,3000,3000.0,2987,3017,2992.0,3015.0,0.9469045741324921,0.9272916666666666,0.8672916666666667,0.8798786630036617,0.9139326923076927,13193,13214,TCAGGCCTTCCAGCTGGACTTT,0.9857954545454546,0.8125,2,0,15988,16009,TCATGCAATCCTAAACTAGGCC,0.9573863636363636,0.5,2,0,2896,2964.741666666667,36,12.0,0.10856372218476062,0.26039161800068705,0.09661187520966119,-0.16377974279102586,207,69.0,0.06948640483383686,0.009039169735520589,0.09690444145356662,0.02741803661972976,36,243,12.0,1,-0.16377974279102586,False
239,14001,16087,2087,2000,2000.0,1972,2016,1983.0,2014.0,0.9577144226161955,0.976875,0.8591666666666666,0.9192499999999988,0.9229877391127168,14204,14225,GTTGGATCTTTTACATCTATAT,0.9857954545454546,0.8125,2,0,15988,16009,TCATGCAATCCTAAACTAGGCC,0.9573863636363636,0.5,2,0,1917,1973.3083333333334,15,7.5,0.12032355915065723,0.2466251298026999,0.09186746987951808,-0.15475765992318183,170,85.0,0.0619647355163728,0.010505252626313157,0.10425101214574899,0.04228627662937619,15,185,7.5,1,-0.15475765992318183,False
240,14101,16212,2112,2000,2000.0,1988,2016,1991.0,2014.0,0.9475911458333334,0.976875,0.846875,0.9196666666666654,0.9181960724460623,14204,14225,GTTGGATCTTTTACATCTATAT,0.9857954545454546,0.8125,2,0,15988,16009,TCATGCAATCCTAAACTAGGCC,0.9573863636363636,0.5,2,0,1917,1973.475,15,7.5,0.12038442083965605,0.2523364485981308,0.0928714859437751,-0.15946496265435572,169,84.5,0.060453400503778336,0.010505252626313157,0.1082995951417004,0.047846194637922064,15,184,7.5,1,-0.15946496265435572,False
241,13101,15688,2588,2500,2500.0,2487,2509,2493.0,2507.0,0.9661901081916537,0.9272916666666666,0.9291666666666667,0.8798786630036617,0.9046130952380917,13193,13214,TCAGGCCTTCCAGCTGGACTTT,0.9857954545454546,0.8125,2,0,15436,15457,TCCGCTTTCTTTCTATCATAAA,0.9630681818181818,0.4375,3,0,2468,2486.75,34,13.6,0.10140845070422536,0.24828421477593862,0.09458367016976556,-0.15370054460617305,165,66.0,0.06827309236947791,0.008845999195818254,0.08912083500602168,0.020847742636543765,34,199,13.6,1,-0.15370054460617305,False
242,14101,15632,1532,1500,1500.0,1498,1507,1499.5,1506.0,0.9802545691906005,0.976875,0.9433333333333334,0.9196666666666654,0.9054365079365077,14204,14225,GTTGGATCTTTTACATCTATAT,0.9857954545454546,0.8125,2,0,15436,15457,TCCGCTTTCTTTCTATCATAAA,0.9630681818181818,0.4375,3,0,1490,1497.3166666666666,13,8.666666666666666,0.11666666666666667,0.23272971160295103,0.08878504672897196,-0.14394466487397906,128,85.33333333333333,0.056074766355140186,0.01067378252168112,0.10220440881763528,0.04612964246249509,13,141,8.666666666666666,1,-0.14394466487397906,False
243,14201,15733,1533,1500,1500.0,1496,1506,1499.5,1504.0,0.9791258969341161,0.986875,0.9275,0.9394583333333322,0.9032440476190399,14204,14225,GTTGGATCTTTTACATCTATAT,0.9857954545454546,0.8125,2,0,15436,15457,TCCGCTTTCTTTCTATCATAAA,0.9630681818181818,0.4375,3,0,1482,1495.0166666666667,9,6.0,0.12016021361815754,0.24242424242424243,0.08077436582109479,-0.16164987660314764,128,85.33333333333333,0.05481283422459893,0.01134089392928619,0.10836120401337793,0.053548369788779,9,137,6.0,1,-0.16164987660314764,False
244,9501,11157,1657,1500,1500.0,1426,1577,1476.5,1562.5,0.912681050090525,0.9441666666666667,0.8247916666666667,0.8869642857142874,0.8715595238095133,9688,9709,ACGACTTGGAAGGCCGTGTCAA,0.9801136363636364,0.8125,3,0,10870,10891,CCAAACTCGCACAAGTCTCATG,0.9715909090909091,0.375,1,0,1384,1480.775,60,40.0,0.14705882352941177,0.2614980289093298,0.13761467889908258,-0.12388335001024725,11,7.333333333333333,0.14705882352941177,0.08745762711864406,0.0033333333333333335,-0.14372549019607844,11,71,7.333333333333333,0,-0.14372549019607844,False
245,13801,17943,4143,4000,4000.0,3984,4019,3988.0,4014.5,0.9656800627564567,1.0,0.9889583333333334,0.9491666666666667,0.9545654761904795,13915,13936,CGTCTTACGGATAGATTTGGGC,0.9829545454545454,0.75,2,0,17889,17910,GCATCATGCGCATCTCTGCGTA,1.0,1.0,0,0,3900,3966.9416666666666,35,8.75,0.09768378650553877,0.20434782608695654,0.07898696088264795,-0.12536086520430859,255,63.75,0.059149257488044296,0.01252191334835963,0.08579359071410547,0.026644333226061176,35,290,8.75,1,-0.12536086520430859,False
246,13901,18044,4144,4000,4000.0,3983,4019,3987.5,4015.0,0.9654319498069498,0.99,0.9854166666666667,0.9285416666666667,0.9505476190476232,13915,13936,CGTCTTACGGATAGATTTGGGC,0.9829545454545454,0.75,2,0,17889,17910,GCATCATGCGCATCTCTGCGTA,1.0,1.0,0,0,3899,3966.7,34,8.5,0.09813789632611977,0.20388846252238424,0.07940881763527054,-0.1244796448871137,250,62.5,0.05940095645607853,0.014274981217129978,0.08806459752712592,0.028663641071047394,34,284,8.5,1,-0.1244796448871137,False
247,16401,17925,1525,1500,1500.0,1487,1512,1494.5,1501.5,0.9829508196721312,1.0,0.9877083333333333,0.9458333333333333,0.9532599206349247,16579,16600,CACCCGGACGCCATGAAGGATG,0.9886363636363636,0.75,1,0,17889,17910,GCATCATGCGCATCTCTGCGTA,1.0,1.0,0,0,1482,1494.6583333333333,14,9.333333333333334,0.07161981258366801,0.14161073825503356,0.06220735785953177,-0.0794033803955018,53,35.333333333333336,0.05748663101604278,0.018741633199464525,0.06066666666666667,0.003180035650623886,14,67,9.333333333333334,1,-0.0794033803955018,False
248,32901,36174,3274,3000,3000.0,2989,3030,2994.0,3024.5,0.9180665852168601,0.855625,0.9997916666666666,0.9197083333333406,0.9741388888888832,33174,33195,ATTAATTGTGCAATAAAAACAG,0.9829545454545454,0.75,2,0,35933,35954,AGAAGTAAGGGTTCAGGTAGCC,1.0,1.0,0,0,2899,2966.983333333333,37,12.333333333333334,0.05705604321404457,0.20185058259081562,0.0417641162712997,-0.16008646631951592,4,1.3333333333333333,0.05467431657104286,0.033143622363575494,0.009339559706470981,-0.045334756864571876,4,41,1.3333333333333333,0,-0.16008646631951592,False
249,32901,37176,4276,4000,4000.0,3991,4032,3996.0,4025.5,0.9369299579045838,0.855625,0.9966666666666667,0.9197083333333406,0.9682175925925912,33174,33195,ATTAATTGTGCAATAAAAACAG,0.9829545454545454,0.75,2,0,37094,37115,GGGCGTGAGTCATGTCAATGTC,1.0,1.0,0,0,3899,3966.475,38,9.5,0.05426552246340232,0.19141323792486584,0.03656398697721012,-0.15484925094765573,4,1.0,0.05172848851879889,0.036368196639077,0.0080040020010005,-0.04372448651779839,4,42,1.0,0,-0.15484925094765573,False
250,33001,37272,4272,4000,4000.0,3992,4032,3997.0,4024.0,0.9378803838951311,0.8220833333333334,0.99625,0.9196320346320499,0.9672321428571377,33174,33195,ATTAATTGTGCAATAAAAACAG,0.9829545454545454,0.75,2,0,37094,37115,GGGCGTGAGTCATGTCAATGTC,1.0,1.0,0,0,3895,3966.766666666667,35,8.75,0.05167632972019158,0.1918649270913277,0.03530295443164747,-0.15656197265968025,3,0.75,0.049899193548387094,0.03610832497492478,0.007251812953238309,-0.04264738059514878,3,38,0.75,0,-0.15656197265968025,False
251,33101,37355,4255,4000,4000.0,3991,4026,3996.0,4021.5,0.9412309048178613,0.84875,0.99625,0.9296271506271417,0.956190476190471,33174,33195,ATTAATTGTGCAATAAAAACAG,0.9829545454545454,0.75,2,0,37094,37115,GGGCGTGAGTCATGTCAATGTC,1.0,1.0,0,0,3904,3967.775,35,8.75,0.05068078668683813,0.19514687100894,0.03581267217630854,-0.15933419883263145,3,0.75,0.048903453491303255,0.03712064208678204,0.007253626813406703,-0.04164982667789655,3,38,0.75,0,-0.15933419883263145,False
252,34101,37268,3168,3000,3000.0,2990,3010,2994.0,3005.0,0.9468907828282829,0.923125,0.99625,0.9363208458208343,0.9676488095238043,34312,34333,AATTACAGTTTGCTACGGCAGT,0.9886363636363636,0.75,1,0,37094,37115,GGGCGTGAGTCATGTCAATGTC,1.0,1.0,0,0,2936,2975.075,21,7.0,0.04816436510609633,0.20176630434782608,0.031586021505376344,-0.17018028284244974,2,0.6666666666666666,0.04615902964959569,0.040160642570281124,0.006335445148382794,-0.03982358450121289,2,23,0.6666666666666666,0,-0.17018028284244974,False
253,34201,37360,3160,3000,3000.0,2993,3022,2996.5,3017.0,0.9510087025316456,0.9004166666666666,0.99625,0.9356579670329545,0.9572321428571376,34312,34333,AATTACAGTTTGCTACGGCAGT,0.9886363636363636,0.75,1,0,37094,37115,GGGCGTGAGTCATGTCAATGTC,1.0,1.0,0,0,2953,2985.5333333333333,21,7.0,0.04860878310425746,0.20263424518743667,0.031103678929765885,-0.17153056625767077,2,0.6666666666666666,0.04626215219577606,0.04012036108324975,0.006002000666888963,-0.0402601515288871,2,23,0.6666666666666666,0,-0.17153056625767077,False
254,34301,37463,3163,3000,3000.0,2993,3019,2996.0,3014.0,0.9496719886184003,0.868125,0.96375,0.9341666666666667,0.9159920634920612,34312,34333,AATTACAGTTTGCTACGGCAGT,0.9886363636363636,0.75,1,0,37175,37196,ACAAAGCCTTGAGAACCTTGAC,1.0,1.0,0,0,2945,2982.141666666667,20,6.666666666666667,0.054289544235924934,0.2141887304820095,0.036180904522613064,-0.17800782595939646,1,0.3333333333333333,0.05227882037533512,0.04078903376797058,0.005003335557038025,-0.047275484818297096,1,21,0.3333333333333333,0,-0.17800782595939646,False
255,24101,26862,2762,2500,2500.0,2487,2564,2492.5,2543.5,0.9088522809558292,0.9266666666666666,0.9225,0.9199702380952295,0.9110119047619082,24356,24377,ATTGGAGACTCTGTATCTATCT,0.9886363636363636,0.75,1,0,26821,26842,AGGTGATGGACACGATTGAGTG,1.0,1.0,0,0,2420,2471.6833333333334,37,14.8,0.08259468170829976,0.1850020601565719,0.056202328382175835,-0.12879973177439605,0,0.0,0.08259468170829976,0.03424657534246575,0.0124,-0.07019468170829976,0,37,0.0,0,-0.12879973177439605,False
256,24101,25648,1548,1500,1500.0,1495,1524,1496.0,1500.0,0.9691941214470284,0.9266666666666666,0.9997916666666666,0.9199702380952295,0.9691666666666666,24356,24377,ATTGGAGACTCTGTATCTATCT,0.9886363636363636,0.75,1,0,25549,25570,GAGAGAGTGGCTGTTGACTATA,1.0,1.0,0,0,1483,1494.2416666666666,19,12.666666666666666,0.07424749163879599,0.17417619367854742,0.05150501672240803,-0.12267117695613938,0,0.0,0.07424749163879599,0.033400133600534405,0.011333333333333334,-0.06291415830546265,0,19,0.0,0,-0.12267117695613938,False
257,34301,35956,1656,1500,1500.0,1494,1534,1497.0,1529.0,0.9113451086956522,0.868125,1.0,0.9341666666666667,0.9614583333333333,34312,34333,AATTACAGTTTGCTACGGCAGT,0.9886363636363636,0.75,1,0,35933,35954,AGAAGTAAGGGTTCAGGTAGCC,1.0,1.0,0,0,1473,1493.7416666666666,14,9.333333333333334,0.05670446964643095,0.2306136210384356,0.036838580040187544,-0.19377504099824805,0,0.0,0.05537024683122081,0.039491298527443104,0.007333333333333333,-0.04803691349788748,0,14,0.0,0,-0.19377504099824805,False
258,34301,40255,5955,5000,5000.0,4960,5375,4974.0,5236.5,0.8504303106633081,0.868125,1.0,0.9341666666666667,0.9502083333333333,34312,34333,AATTACAGTTTGCTACGGCAGT,0.9886363636363636,0.75,1,0,40220,40241,TTTCAGATGTCCCTACAGACTC,0.9971590909090909,0.9375,1,0,4709,4931.3,51,10.2,0.08532904004829946,0.23672612801678908,0.07303822937625755,-0.16368789864053152,141,28.2,0.07193088205746434,0.02908142799839551,0.046274038461538464,-0.025656843595925877,51,192,10.2,0,-0.16368789864053152,False
259,13701,17842,4142,4000,4000.0,3988,4018,3990.0,4014.5,0.9660188314823757,1.0,0.975625,0.949375,0.9360694444444501,13915,13936,CGTCTTACGGATAGATTTGGGC,0.9829545454545454,0.75,2,0,17638,17659,TGTCGTTCTCAACCAAGGTCTG,0.9971590909090909,0.9375,1,0,3904,3967.9083333333333,38,9.5,0.09743202416918428,0.20771589167092488,0.07923771313941826,-0.12847817853150661,256,64.0,0.059904354392146995,0.01076884547958928,0.08629825889477669,0.02639390450262969,38,294,9.5,1,-0.12847817853150661,False
260,13701,17337,3637,3500,3500.0,3492,3518,3494.5,3515.0,0.9633111080560902,1.0,0.9425,0.949375,0.9549861111111083,13915,13936,CGTCTTACGGATAGATTTGGGC,0.9829545454545454,0.75,2,0,17074,17095,GCTTGCGCACCTTCATGCTGGC,0.9971590909090909,0.9375,1,0,3409,3472.15,32,9.142857142857142,0.10353753235547886,0.21409768938286047,0.08130546807901518,-0.1327922213038453,250,71.42857142857143,0.06251792371666189,0.008004574042309892,0.09174575783721599,0.029227834120554103,32,282,9.142857142857142,1,-0.1327922213038453,False
261,16301,17824,1524,1500,1500.0,1487,1512,1494.5,1501.0,0.9833087270341208,0.9970833333333333,0.975625,0.9389880952380978,0.9391944444444501,16579,16600,CACCCGGACGCCATGAAGGATG,0.9886363636363636,0.75,1,0,17638,17659,TGTCGTTCTCAACCAAGGTCTG,0.9971590909090909,0.9375,1,0,1479,1493.9333333333334,14,9.333333333333334,0.07630522088353414,0.14324142568930734,0.06488294314381271,-0.07835848254549463,64,42.666666666666664,0.05548128342245989,0.014056224899598393,0.068,0.012518716577540112,14,78,9.333333333333334,1,-0.07835848254549463,False
262,26001,27712,1712,1500,1500.0,1494,1567,1495.0,1540.0,0.8825204439252337,0.6570833333333334,1.0,0.9570665168165458,0.9677083333333333,26027,26048,CCTCCAACCTCCGAGCGGGTAC,0.9829545454545454,0.75,2,0,27551,27572,TACAGGCTTCCCTCCAAACAAT,0.9971590909090909,0.9375,1,0,1441,1478.8083333333334,18,12.0,0.07635632953784327,0.16990291262135923,0.051470588235294115,-0.11843232438606512,5,3.3333333333333335,0.07635632953784327,0.05185185185185185,0.03279785809906292,-0.043558471438780354,5,23,3.3333333333333335,0,-0.11843232438606512,False
263,32901,36674,3774,3500,3500.0,3489,3530,3494.0,3524.5,0.9288718865924749,0.855625,0.999375,0.9197083333333406,0.9507361111111094,33174,33195,ATTAATTGTGCAATAAAAACAG,0.9829545454545454,0.75,2,0,36416,36437,TACCCTCATCGAGCATTCGCTC,0.9971590909090909,0.9375,1,0,3399,3466.608333333333,38,10.857142857142858,0.05719237435008666,0.1954359274429491,0.03778986544517607,-0.15764606199777303,4,1.1428571428571428,0.05457695639618828,0.03584743332377402,0.008862206975414523,-0.045714749420773755,4,42,1.1428571428571428,0,-0.15764606199777303,False
264,33001,36269,3269,3000,3000.0,2989,3031,2994.0,3025.0,0.919566381156317,0.8220833333333334,0.9997916666666666,0.9196320346320499,0.9710138888888832,33174,33195,ATTAATTGTGCAATAAAAACAG,0.9829545454545454,0.75,2,0,35975,35996,GCTCATGGATGAAAGGCTCGAG,0.9971590909090909,0.9375,1,0,2902,2968.2083333333335,35,11.666666666666666,0.05461901550910317,0.19958918178705923,0.03875709989976612,-0.16083208188729312,3,1.0,0.05325244354566903,0.034147974556411116,0.008338892595063376,-0.04491355095060565,3,38,1.0,0,-0.16083208188729312,False
265,33001,36769,3769,3500,3500.0,3489,3530,3494.0,3525.0,0.9301373043247546,0.8220833333333334,0.99875,0.9196320346320499,0.9428194444444429,33174,33195,ATTAATTGTGCAATAAAAACAG,0.9829545454545454,0.75,2,0,36690,36711,ATGACATGCTCCTTGTACTTCA,0.9971590909090909,0.9375,1,0,3401,3467.4666666666667,35,10.0,0.05654933641084824,0.1953216374269006,0.035785857429144,-0.1595357799977566,3,0.8571428571428571,0.05451398903951543,0.038428448523085745,0.008290451686678102,-0.04622353735283733,3,38,0.8571428571428571,0,-0.1595357799977566,False
266,33101,36853,3753,3500,3500.0,3489,3534,3494.0,3519.5,0.9339361843858247,0.84875,0.9985416666666667,0.9296271506271417,0.9504999999999927,33174,33195,ATTAATTGTGCAATAAAAACAG,0.9829545454545454,0.75,2,0,36690,36711,ATGACATGCTCCTTGTACTTCA,0.9971590909090909,0.9375,1,0,3412,3469.5916666666667,33,9.428571428571429,0.05395268320830929,0.19474452554744526,0.03349556255367878,-0.16124896299376648,3,0.8571428571428571,0.05220651860398039,0.038428448523085745,0.008004574042309892,-0.044201944561670495,3,36,0.8571428571428571,0,-0.16124896299376648,False
267,34101,36266,2166,2000,2000.0,1988,2010,1992.0,2009.0,0.9234475992613111,0.923125,0.9997916666666666,0.9363208458208343,0.9714305555555499,34312,34333,AATTACAGTTTGCTACGGCAGT,0.9886363636363636,0.75,1,0,35975,35996,GCTCATGGATGAAAGGCTCGAG,0.9971590909090909,0.9375,1,0,1944,1977.5166666666667,21,10.5,0.05247225025227043,0.21574642126789367,0.03919597989949749,-0.17655044136839618,2,1.0,0.05199394245330641,0.03873239436619718,0.007503751875937969,-0.04449019057736844,2,23,1.0,0,-0.17655044136839618,False
268,33101,35853,2753,2500,2500.0,2490,2535,2494.0,2519.5,0.9101207773338177,0.84875,1.0,0.9296271506271417,0.9625,33174,33195,ATTAATTGTGCAATAAAAACAG,0.9829545454545454,0.75,2,0,35783,35804,ATGAATCCCTGATGTGAACTTC,0.9971590909090909,0.9375,1,0,2414,2470.5833333333335,31,12.4,0.058394160583941604,0.2099629477151091,0.0421179302045728,-0.1678450175105363,2,0.8,0.05715443858937981,0.03617363344051447,0.009607686148919135,-0.04754675244046068,2,33,0.8,0,-0.1678450175105363,False
269,34101,36766,2666,2500,2500.0,2488,2509,2492.0,2508.5,0.9376875468867217,0.923125,0.9989583333333333,0.9363208458208343,0.9444861111111095,34312,34333,AATTACAGTTTGCTACGGCAGT,0.9886363636363636,0.75,1,0,36690,36711,ATGACATGCTCCTTGTACTTCA,0.9971590909090909,0.9375,1,0,2443,2476.9,21,8.4,0.053462940461725394,0.20799347471451876,0.03493975903614458,-0.1730537156783742,2,0.8,0.051053484602917344,0.04340836012861737,0.007603041216486595,-0.04345044338643075,2,23,0.8,0,-0.1730537156783742,False
270,34201,36859,2659,2500,2500.0,2492,2526,2496.5,2523.5,0.942577096652877,0.9004166666666666,0.9985416666666667,0.9356579670329545,0.951958333333326,34312,34333,AATTACAGTTTGCTACGGCAGT,0.9886363636363636,0.75,1,0,36690,36711,ATGACATGCTCCTTGTACTTCA,0.9971590909090909,0.9375,1,0,2462,2488.35,19,7.6,0.052737520128824475,0.20266990291262135,0.031524341580207504,-0.17114556133241385,2,0.8,0.05032206119162641,0.04253611556982344,0.0068,-0.04352206119162641,2,21,0.8,0,-0.17114556133241385,False
271,34201,35859,1659,1500,1500.0,1493,1527,1496.5,1524.0,0.9082655213984328,0.9004166666666666,1.0,0.9356579670329545,0.9625,34312,34333,AATTACAGTTTGCTACGGCAGT,0.9886363636363636,0.75,1,0,35783,35804,ATGAATCCCTGATGTGAACTTC,0.9971590909090909,0.9375,1,0,1464,1489.3416666666667,17,11.333333333333334,0.06149732620320856,0.2328581126951799,0.04365345869711216,-0.18920465399806774,1,0.6666666666666666,0.060828877005347594,0.04085733422638982,0.008666666666666666,-0.05216221033868093,1,18,0.6666666666666666,0,-0.18920465399806774,False
272,34301,36456,2156,2000,2000.0,1993,2034,1997.0,2029.0,0.931876159554731,0.868125,1.0,0.9341666666666667,0.9722916666666667,34312,34333,AATTACAGTTTGCTACGGCAGT,0.9886363636363636,0.75,1,0,36416,36437,TACCCTCATCGAGCATTCGCTC,0.9971590909090909,0.9375,1,0,1972,1993.6166666666666,16,8.0,0.04702351175587794,0.20827029752899648,0.031108881083793276,-0.1771614164452032,1,0.5,0.04602301150575288,0.03662819869543402,0.0055,-0.04052301150575288,1,17,0.5,0,-0.1771614164452032,False
273,34301,36956,2656,2500,2500.0,2493,2533,2497.0,2528.5,0.9445359563253012,0.868125,0.9991666666666666,0.9341666666666667,0.9653888888888832,34312,34333,AATTACAGTTTGCTACGGCAGT,0.9886363636363636,0.75,1,0,36690,36711,ATGACATGCTCCTTGTACTTCA,0.9971590909090909,0.9375,1,0,2471,2492.75,16,6.4,0.04971932638331997,0.20362903225806453,0.02807862013638187,-0.17555041212168265,1,0.4,0.04771451483560545,0.04131568391496189,0.0056,-0.04211451483560545,1,17,0.4,0,-0.17555041212168265,False
274,13701,16818,3118,3000,3000.0,2985,3018,2990.0,3015.0,0.962736529826812,1.0,1.0,0.949375,0.9602083333333333,13915,13936,CGTCTTACGGATAGATTTGGGC,0.9829545454545454,0.75,2,0,16747,16768,AGGTAGGCTCTTGTTCAAGCAT,0.9943181818181818,0.875,1,0,2910,2972.2833333333333,29,9.666666666666666,0.10745466756212223,0.2273972602739726,0.08486468426328099,-0.14253257601069164,227,75.66666666666667,0.06296048225050234,0.007335778592864288,0.09539805172992946,0.03243756947942712,29,256,9.666666666666666,1,-0.14253257601069164,False
275,13801,16918,3118,3000,3000.0,2985,3018,2990.0,3015.0,0.962736529826812,1.0,1.0,0.9491666666666667,0.9579166666666666,13915,13936,CGTCTTACGGATAGATTTGGGC,0.9829545454545454,0.75,2,0,16747,16768,AGGTAGGCTCTTGTTCAAGCAT,0.9943181818181818,0.875,1,0,2910,2972.2833333333333,25,8.333333333333334,0.10946944257891202,0.22226027397260273,0.08486468426328099,-0.13739558970932175,233,77.66666666666667,0.061955793703951774,0.008002667555851951,0.09674168626133692,0.034785892557385144,25,258,8.333333333333334,1,-0.13739558970932175,False
276,13901,17018,3118,3000,3000.0,2985,3018,2990.0,3015.0,0.962736529826812,0.99,1.0,0.9285416666666667,0.95875,13915,13936,CGTCTTACGGATAGATTTGGGC,0.9829545454545454,0.75,2,0,16747,16768,AGGTAGGCTCTTGTTCAAGCAT,0.9943181818181818,0.875,1,0,2910,2972.2833333333333,23,7.666666666666667,0.10883439704400404,0.22157534246575342,0.0845305713331106,-0.13704477113264282,229,76.33333333333333,0.06128600133958473,0.008336112037345782,0.09674168626133692,0.03545568492175219,23,252,7.666666666666667,1,-0.13704477113264282,False
277,13701,15214,1514,1500,1500.0,1497,1504,1499.5,1504.0,0.9912483487450462,1.0,0.9789583333333334,0.949375,0.9322916666666666,13915,13936,CGTCTTACGGATAGATTTGGGC,0.9829545454545454,0.75,2,0,14937,14958,CATGGTGATGTCCTGAGCCCAG,0.9829545454545454,0.875,3,0,1496,1499.5416666666667,18,12.0,0.0913942628418946,0.22133333333333333,0.07548430193720775,-0.1458490313961256,99,66.0,0.05410821643286573,0.008005336891260841,0.07147628590514363,0.017368069472277897,18,117,12.0,1,-0.1458490313961256,False
278,13801,15314,1514,1500,1500.0,1497,1504,1499.5,1504.0,0.9912483487450462,1.0,0.9789583333333334,0.9491666666666667,0.9327083333333334,13915,13936,CGTCTTACGGATAGATTTGGGC,0.9829545454545454,0.75,2,0,15240,15261,GGAGAGCCTTGACAGCATCTAT,0.9886363636363636,0.875,2,0,1496,1499.5416666666667,15,10.0,0.09206137424949967,0.21933333333333332,0.07666666666666666,-0.14266666666666666,100,66.66666666666667,0.056112224448897796,0.008005336891260841,0.07147628590514363,0.015364061456245831,15,115,10.0,1,-0.14266666666666666,False
279,13901,15414,1514,1500,1500.0,1497,1504,1499.5,1504.0,0.9912483487450462,0.99,1.0,0.9285416666666667,0.9316666666666666,13915,13936,CGTCTTACGGATAGATTTGGGC,0.9829545454545454,0.75,2,0,15240,15261,GGAGAGCCTTGACAGCATCTAT,0.9886363636363636,0.875,2,0,1496,1499.5416666666667,13,8.666666666666666,0.09733333333333333,0.22,0.078,-0.14200000000000002,106,70.66666666666667,0.05477621910487642,0.009339559706470981,0.0781563126252505,0.023380093520374075,13,119,8.666666666666666,1,-0.14200000000000002,False
280,32901,34551,1651,1500,1500.0,1486,1519,1497.0,1506.0,0.9087674136886735,0.855625,0.893125,0.9197083333333406,0.9347948717948626,33174,33195,ATTAATTGTGCAATAAAAACAG,0.9829545454545454,0.75,2,0,34302,34323,CAAACTGTAATTGTCGGTACTT,0.9886363636363636,0.875,2,0,1420,1472.7416666666666,26,17.333333333333332,0.06466984343090537,0.18404478656403078,0.04973118279569892,-0.13431360376833185,3,2.0,0.06254248810333107,0.025418060200668897,0.01200800533689126,-0.05053448276643981,3,29,2.0,0,-0.13431360376833185,False
281,32901,35157,2257,2000,2000.0,1990,2027,1994.0,2019.0,0.8881535223748338,0.855625,0.795,0.9197083333333406,0.8326831501831475,33174,33195,ATTAATTGTGCAATAAAAACAG,0.9829545454545454,0.75,2,0,35044,35065,GGCCTGGCAGGCCTGACAGGAG,0.9943181818181818,0.875,1,0,1901,1967.2833333333333,33,16.5,0.06320081549439348,0.20896300156331424,0.046,-0.16296300156331422,3,1.5,0.06062149770759042,0.02766599597585513,0.010510510510510511,-0.05011098719707991,3,36,1.5,0,-0.16296300156331422,False
282,32901,35674,2774,2500,2500.0,2490,2530,2494.0,2524.5,0.9033210165825523,0.855625,0.9933333333333333,0.9197083333333406,0.9535416666666666,33174,33195,ATTAATTGTGCAATAAAAACAG,0.9829545454545454,0.75,2,0,35560,35581,GTGGGTGCAAGTACAGGTTGTA,0.9829545454545454,0.875,3,0,2400,2467.108333333333,36,14.4,0.060926076360682375,0.21009098428453268,0.048937023666265546,-0.16115396061826714,3,1.2,0.058465286236297195,0.03295819935691318,0.010808646917534028,-0.04765663931876317,3,39,1.2,0,-0.16115396061826714,False
283,33101,36353,3253,3000,3000.0,2989,3035,2994.0,3019.5,0.9239163848754995,0.84875,0.9997916666666666,0.9296271506271417,0.9730972222222166,33174,33195,ATTAATTGTGCAATAAAAACAG,0.9829545454545454,0.75,2,0,36161,36182,TGGTAAGACCCAAGAATCCGTC,0.9943181818181818,0.875,1,0,2913,2970.4583333333335,33,11.0,0.05225893459204316,0.199044042335268,0.036418309388573336,-0.1626257329466947,3,1.0,0.05123019885406134,0.034147974556411116,0.008338892595063376,-0.042891306258997966,3,36,1.0,0,-0.1626257329466947,False
284,33001,35253,2253,2000,2000.0,1990,2029,1994.0,2019.5,0.889924545051043,0.8220833333333334,0.9508333333333333,0.9196320346320499,0.9488141025641016,33174,33195,ATTAATTGTGCAATAAAAACAG,0.9829545454545454,0.75,2,0,35044,35065,GGCCTGGCAGGCCTGACAGGAG,0.9943181818181818,0.875,1,0,1904,1968.5166666666667,31,15.5,0.06052899287894201,0.20967741935483872,0.0465,-0.1631774193548387,2,1.0,0.059481443823080835,0.028169014084507043,0.01001001001001001,-0.04947143381307083,2,33,1.0,0,-0.1631774193548387,False
285,33101,35351,2251,2000,2000.0,1990,2036,1994.0,2019.5,0.8909651266103954,0.84875,0.9191666666666667,0.9296271506271417,0.9445833333333333,33174,33195,ATTAATTGTGCAATAAAAACAG,0.9829545454545454,0.75,2,0,35052,35073,GTCTGAAAGGCCTGGCAGGCCT,0.9943181818181818,0.875,1,0,1915,1970.8166666666666,29,14.5,0.05798575788402848,0.21243523316062177,0.0445,-0.16793523316062176,2,1.0,0.057447890188103715,0.03169014084507042,0.010510510510510511,-0.046937379677593205,2,31,1.0,0,-0.16793523316062176,False
286,34201,36359,2159,2000,2000.0,1992,2027,1996.5,2024.0,0.9294812413154238,0.9004166666666666,0.9997916666666666,0.9356579670329545,0.9730972222222166,34312,34333,AATTACAGTTTGCTACGGCAGT,0.9886363636363636,0.75,1,0,36161,36182,TGGTAAGACCCAAGAATCCGTC,0.9943181818181818,0.875,1,0,1963,1989.2166666666667,19,9.5,0.050100200400801605,0.21012658227848102,0.0353938185443669,-0.17473276373411412,2,1.0,0.04909819639278557,0.03765060240963856,0.007,-0.04209819639278557,2,21,1.0,0,-0.17473276373411412,False
287,33001,35769,2769,2500,2500.0,2490,2531,2494.0,2525.0,0.9050650054171181,0.8220833333333334,1.0,0.9196320346320499,0.9525,33174,33195,ATTAATTGTGCAATAAAAACAG,0.9829545454545454,0.75,2,0,35560,35581,GTGGGTGCAAGTACAGGTTGTA,0.9829545454545454,0.875,3,0,2403,2468.3333333333335,33,13.2,0.061232765612327655,0.2110698058653449,0.045326915363016446,-0.16574289050232846,2,0.8,0.059586542359140654,0.03617363344051447,0.010008006405124099,-0.04957853595401655,2,35,0.8,0,-0.16574289050232846,False
288,24101,27373,3273,3000,3000.0,2991,3066,2993.0,3049.0,0.9197792545065689,0.9266666666666666,0.9639583333333334,0.9199702380952295,0.941192696192702,24356,24377,ATTGGAGACTCTGTATCTATCT,0.9886363636363636,0.75,1,0,27094,27115,GGGCTTCTCTATGGCCCAAGGA,0.9886363636363636,0.875,2,0,2919,2969.4166666666665,40,13.333333333333334,0.07945021790144151,0.1832191780821918,0.056323777403035416,-0.1268954006791564,2,0.6666666666666666,0.07945021790144151,0.04124748490945674,0.019666666666666666,-0.05978355123477484,2,42,0.6666666666666666,0,-0.1268954006791564,False
289,34101,35766,1666,1500,1500.0,1489,1510,1492.0,1509.0,0.9005102040816326,0.923125,1.0,0.9363208458208343,0.9527083333333334,34312,34333,AATTACAGTTTGCTACGGCAGT,0.9886363636363636,0.75,1,0,35560,35581,GTGGGTGCAAGTACAGGTTGTA,0.9829545454545454,0.875,3,0,1445,1477.6416666666667,19,12.666666666666666,0.0641025641025641,0.2403846153846154,0.05016949152542373,-0.19021512385919165,1,0.6666666666666666,0.06347062795408508,0.04365345869711216,0.01000667111407605,-0.05346395684000903,1,20,0.6666666666666666,0,-0.19021512385919165,False
290,51301,52826,1526,1500,1500.0,1397,1510,1499.0,1505.5,0.979521625163827,0.946875,0.9658333333333333,0.9318472222222287,0.9543782051282323,51578,51599,GCACTCTTCTAGATCTCTTCTA,0.9772727272727273,0.75,3,0,52755,52776,GAGTATCCATATAATCCTTCAC,0.9886363636363636,0.875,2,0,1394,1485.95,0,0.0,0.06537691794529686,0.16644385026737968,0.011333333333333334,-0.15511051693404634,14,9.333333333333334,0.06537691794529686,0.02666666666666667,0.004666666666666667,-0.060710251278630195,0,14,0.0,0,-0.15511051693404634,False
291,13801,17437,3637,3500,3500.0,3492,3518,3494.5,3515.0,0.9633111080560902,1.0,0.9425,0.9491666666666667,0.9506111111111083,13915,13936,CGTCTTACGGATAGATTTGGGC,0.9829545454545454,0.75,2,0,17373,17394,GTGTATGTAGACCGGACCTCTT,0.9886363636363636,0.8125,2,0,3409,3472.15,31,8.857142857142858,0.10411274086856485,0.2114653407429073,0.08159175493844832,-0.12987358580445896,250,71.42857142857143,0.061084026383710924,0.008004574042309892,0.090595340811044,0.029511314427333082,31,281,8.857142857142858,1,-0.12987358580445896,False
292,13901,17537,3637,3500,3500.0,3492,3518,3494.5,3515.0,0.9633111080560902,0.99,1.0,0.9285416666666667,0.9641666666666666,13915,13936,CGTCTTACGGATAGATTTGGGC,0.9829545454545454,0.75,2,0,17516,17537,CGGCAACAAAACTGCCGCCTTT,0.9914772727272727,0.8125,1,0,3409,3472.15,29,8.285714285714286,0.10382513661202186,0.20795554255630302,0.08073289436014887,-0.12722264819615414,248,70.85714285714286,0.05965012905075997,0.008290451686678102,0.090882945067587,0.03123281601682703,29,277,8.285714285714286,1,-0.12722264819615414,False
293,26001,28266,2266,2000,2000.0,1994,2066,1995.0,2043.0,0.8877151368049426,0.6570833333333334,0.840625,0.9570665168165458,0.7898617216117175,26027,26048,CCTCCAACCTCCGAGCGGGTAC,0.9829545454545454,0.75,2,0,28191,28212,ATCCCTAGATTTAGGCCTACTC,0.9914772727272727,0.8125,1,0,1936,1977.4,31,15.5,0.08734939759036145,0.20082601961796592,0.06265664160401002,-0.1381693780139559,6,3.0,0.08734939759036145,0.055415617128463476,0.0305,-0.05684939759036145,6,37,3.0,0,-0.1381693780139559,False
294,24101,28452,4352,4000,4000.0,3991,4069,3993.5,4055.5,0.9219037224264706,0.9266666666666666,0.9129166666666667,0.9199702380952295,0.8975198412698471,24356,24377,ATTGGAGACTCTGTATCTATCT,0.9886363636363636,0.75,1,0,28191,28212,ATCCCTAGATTTAGGCCTACTC,0.9914772727272727,0.8125,1,0,3913,3967.6916666666666,63,15.75,0.08389851796031148,0.19443025038323966,0.06273525721455459,-0.13169499316868508,6,1.5,0.08389851796031148,0.043445504771471626,0.0205,-0.06339851796031147,6,69,1.5,0,-0.13169499316868508,False
295,24101,27877,3777,3500,3500.0,3491,3566,3493.0,3550.5,0.9295240931956579,0.9266666666666666,0.9879166666666667,0.9199702380952295,0.9535416666666666,24356,24377,ATTGGAGACTCTGTATCTATCT,0.9886363636363636,0.75,1,0,27635,27656,ATTTGCACTATGCTTACAACAA,0.9914772727272727,0.8125,1,0,3418,3469.2083333333335,47,13.428571428571429,0.07838070628768304,0.1778297747879497,0.057069113851448236,-0.12076066093650147,5,1.4285714285714286,0.07838070628768304,0.04135554279149914,0.021714285714285714,-0.056666420573397325,5,52,1.4285714285714286,0,-0.12076066093650147,False
296,13901,16518,2618,2500,2500.0,2485,2518,2490.0,2515.0,0.9556197478991597,0.99,0.9816666666666667,0.9285416666666667,0.9237380952380954,13915,13936,CGTCTTACGGATAGATTTGGGC,0.9829545454545454,0.75,2,0,16495,16516,GATGTCTCTTGTGAGGAAGTCC,0.9829545454545454,0.75,2,0,2410,2472.2833333333333,19,7.6,0.11864406779661017,0.24173553719008264,0.08948635634028893,-0.15224918084979372,207,82.8,0.06556717618664522,0.008403361344537815,0.10415825595478401,0.03859107976813879,19,226,7.6,1,-0.15224918084979372,False
297,24101,26259,2159,2000,2000.0,1982,2041,1990.0,2025.5,0.9282943492357573,0.9266666666666666,0.6770833333333334,0.9199702380952295,0.9568581834832124,24356,24377,ATTGGAGACTCTGTATCTATCT,0.9886363636363636,0.75,1,0,26027,26048,GTACCCGCTCGGAGGTTGGAGG,0.9829545454545454,0.75,2,0,1939,1977.8833333333334,24,12.0,0.07870837537840565,0.18653648509763618,0.05042864346949067,-0.13610784162814552,0,0.0,0.07870837537840565,0.031786074672048435,0.011,-0.06770837537840566,0,24,0.0,0,-0.13610784162814552,False
298,33101,34763,1663,1500,1500.0,1496,1533,1497.0,1512.5,0.9048406494287432,0.84875,0.88,0.9296271506271417,0.9198511904761957,33174,33195,ATTAATTGTGCAATAAAAACAG,0.9829545454545454,0.75,2,0,34720,34741,TGCGGAAGCAACATTAAGCTTT,0.9744318181818182,0.6875,3,0,1431,1476.2333333333333,24,16.0,0.057065217391304345,0.19736842105263158,0.042,-0.15536842105263157,2,1.3333333333333333,0.055668703326544465,0.02610441767068273,0.010013351134846462,-0.045655352191698,2,26,1.3333333333333333,0,-0.15536842105263157,False
299,13701,16318,2618,2500,2500.0,2492,2518,2493.5,2515.0,0.9559539724980901,1.0,0.8772916666666667,0.949375,0.9149583333333309,13915,13936,CGTCTTACGGATAGATTTGGGC,0.9829545454545454,0.75,2,0,16288,16309,CTGACAAGGCCAACAAGGGCCA,0.9829545454545454,0.625,1,0,2417,2473.975,24,9.6,0.11178369652945924,0.24515863205603625,0.08784596871239471,-0.15731266334364152,193,77.2,0.06516492357200322,0.008403361344537815,0.09729511505853855,0.03213019148653533,24,217,9.6,1,-0.15731266334364152,False
300,13801,16418,2618,2500,2500.0,2485,2518,2490.0,2515.0,0.9556197478991597,1.0,0.9275,0.9491666666666667,0.9133214285714287,13915,13936,CGTCTTACGGATAGATTTGGGC,0.9829545454545454,0.75,2,0,16288,16309,CTGACAAGGCCAACAAGGGCCA,0.9829545454545454,0.625,1,0,2410,2472.2833333333333,21,8.4,0.11460855528652139,0.24297520661157024,0.08908507223113965,-0.1538901343804306,203,81.2,0.06596942880128721,0.008403361344537815,0.10012111425111021,0.034151685449823,21,224,8.4,1,-0.1538901343804306,False
301,39301,40861,1561,1500,1500.0,1495,1509,1495.5,1506.0,0.9608424087123638,0.9666666666666667,0.8435416666666666,0.933789682539682,0.8732252886003213,39539,39560,TTGTGGCTCACTGCAATAGACT,0.9801136363636364,0.75,3,0,40584,40605,GGACTGGAAGAGAAGAACAGAA,0.9772727272727273,0.625,2,0,1474,1490.6416666666667,18,12.0,0.0961021505376344,0.1937879810938555,0.0674682698730795,-0.126319711220776,99,66.0,0.04956463496316142,0.01134089392928619,0.08993288590604027,0.04036825094287885,18,117,12.0,1,-0.126319711220776,False
302,33001,34670,1670,1500,1500.0,1496,1530,1497.0,1515.5,0.9008233532934131,0.8220833333333334,0.846875,0.9196320346320499,0.9279166666666666,33174,33195,ATTAATTGTGCAATAAAAACAG,0.9829545454545454,0.75,2,0,34394,34415,ATAGTAAACCTTCAACTGCCGC,0.9715909090909091,0.5625,2,0,1421,1474.1,25,16.666666666666668,0.06114130434782609,0.1941544885177453,0.04548494983277592,-0.14866953868496938,2,1.3333333333333333,0.058384249830278345,0.025435073627844713,0.010013351134846462,-0.04837089869543188,2,27,1.3333333333333333,0,-0.14866953868496938,False
303,13701,15736,2036,2000,2000.0,1996,2006,1999.5,2004.0,0.9828094302554028,1.0,0.9275,0.949375,0.9038690476190399,13915,13936,CGTCTTACGGATAGATTTGGGC,0.9829545454545454,0.75,2,0,15437,15458,ATCCGCTTTCTTTCTATCATAA,0.9517045454545454,0.1875,3,0,1982,1995.0166666666667,22,11.0,0.1066066066066066,0.23375314861460958,0.08358358358358359,-0.150169565031026,156,78.0,0.05911823647294589,0.008504252126063032,0.08972431077694236,0.03060607430399647,22,178,11.0,1,-0.150169565031026,False
304,12901,18160,5260,5000,5000.5,4989,5025,4991.5,5016.0,0.9510099809885931,0.8695833333333334,0.898125,0.887910307285274,0.930787337662332,13178,13199,GTTCTAGACTCTACGTCAGGCC,0.9744318181818182,0.6875,3,0,17889,17910,GCATCATGCGCATCTCTGCGTA,1.0,1.0,0,0,4852,4937.458333333333,65,12.998700129987002,0.09911003236245955,0.22664750564565797,0.09039433771486349,-0.13625316793079448,281,56.19438056194381,0.06834677419354838,0.014469453376205787,0.08698284561049445,0.018636071416946065,65,346,12.998700129987002,1,-0.13625316793079448,False
305,14401,18036,3636,3500,3500.0,3484,3519,3488.5,3514.5,0.9628025302530253,1.0,0.9889583333333334,0.9383333333333334,0.9539404761904795,14438,14459,TTCTCCTTGGTGTCTCCTGGGG,0.9829545454545454,0.6875,2,0,17889,17910,GCATCATGCGCATCTCTGCGTA,1.0,1.0,0,0,3400,3467.3166666666666,26,7.428571428571429,0.09769452449567724,0.20381231671554254,0.07626146788990826,-0.12755084882563428,217,62.0,0.05819954128440367,0.015459490409390209,0.09174575783721599,0.03354621655281232,26,243,7.428571428571429,1,-0.12755084882563428,False
306,14301,17936,3636,3500,3500.0,3484,3519,3488.5,3514.5,0.9628025302530253,1.0,0.9889583333333334,0.9372916666666666,0.9556071428571461,14438,14459,TTCTCCTTGGTGTCTCCTGGGG,0.9829545454545454,0.6875,2,0,17889,17910,GCATCATGCGCATCTCTGCGTA,1.0,1.0,0,0,3400,3467.3166666666666,25,7.142857142857143,0.09936635944700462,0.20439882697947215,0.07654816513761468,-0.12785066184185745,226,64.57142857142857,0.05819954128440367,0.013455482393358144,0.09203693017888055,0.033837388894476884,25,251,7.142857142857143,1,-0.12785066184185745,False
307,31901,37332,5432,5000,5000.0,4948,5025,4975.5,5019.0,0.9200225515463918,0.8410416666666667,0.99625,0.9051414141414231,0.959940476190471,32056,32077,AGGTTCAACAACCATGAACCCT,0.9772727272727273,0.6875,2,0,37094,37115,GGGCGTGAGTCATGTCAATGTC,1.0,1.0,0,0,4755,4932.458333333333,78,15.6,0.07123848515864893,0.21542608335061164,0.05575684380032206,-0.15966923955028958,12,2.4,0.06774457634056488,0.0330793905372895,0.01341609931918302,-0.05432847702138186,12,90,2.4,0,-0.15966923955028958,False
308,31801,37277,5477,5000,5000.0,4962,5025,4982.5,5019.0,0.9127715902866532,0.7647916666666666,0.99625,0.8527976190476207,0.9676488095238043,32056,32077,AGGTTCAACAACCATGAACCCT,0.9772727272727273,0.6875,2,0,37094,37115,GGGCGTGAGTCATGTCAATGTC,1.0,1.0,0,0,4744,4929.883333333333,77,15.4,0.07164790174002048,0.21654197838736491,0.0565733843366217,-0.1599685940507432,12,2.4,0.0683585755218993,0.03328654501704432,0.013616339607529036,-0.054742235914370274,12,89,2.4,0,-0.1599685940507432,False
309,32001,37428,5428,5000,5000.0,4945,5025,4970.5,5012.0,0.9203090456890199,0.8402083333333333,0.97375,0.923387445887444,0.9290376984126851,32056,32077,AGGTTCAACAACCATGAACCCT,0.9772727272727273,0.6875,2,0,37175,37196,ACAAAGCCTTGAGAACCTTGAC,1.0,1.0,0,0,4746,4928.816666666667,72,14.4,0.07072570725707257,0.21956792687993354,0.05623866156016932,-0.16332926531976422,12,2.4,0.06804673088747694,0.033279871692060946,0.01261513816579896,-0.05543159272167798,12,84,2.4,0,-0.16332926531976422,False
310,31901,34170,2270,2000,2000.0,1947,2021,1979.0,2016.5,0.88034140969163,0.8410416666666667,0.8714583333333333,0.9051414141414231,0.9726944444444476,32056,32077,AGGTTCAACAACCATGAACCCT,0.9772727272727273,0.6875,2,0,33886,33907,TACTCTCTACCAACGGTGGATT,1.0,1.0,0,0,1812,1957.0666666666666,57,28.5,0.10594989561586639,0.2380191693290735,0.08095485210171251,-0.15706431722736097,10,5.0,0.10339425587467363,0.022,0.02457372116349047,-0.07882053471118317,10,67,5.0,0,-0.15706431722736097,False
311,31801,34109,2309,2000,2000.0,1960,2019,1983.5,2015.5,0.8659592897358164,0.7647916666666666,0.89,0.8527976190476207,0.975625,32056,32077,AGGTTCAACAACCATGAACCCT,0.9772727272727273,0.6875,2,0,33886,33907,TACTCTCTACCAACGGTGGATT,1.0,1.0,0,0,1802,1954.8083333333334,56,28.0,0.1080375782881002,0.2403640256959315,0.08251167618059159,-0.15785234951533988,10,5.0,0.10600522193211488,0.02351175587793897,0.02456140350877193,-0.08144381842334295,10,66,5.0,0,-0.15785234951533988,False
312,32701,36051,3351,3000,3000.0,2980,3026,2991.5,3019.0,0.8962063563115488,0.716875,1.0,0.7325201465200977,0.9733333333333334,32896,32917,AGCCAAACGCGGGTAAAATATA,0.9744318181818182,0.6875,3,0,35933,35954,AGAAGTAAGGGTTCAGGTAGCC,1.0,1.0,0,0,2855,2958.616666666667,43,14.333333333333334,0.06215659340659341,0.20866277071158473,0.046153846153846156,-0.16250892455773858,6,2.0,0.05870236869207003,0.03278688524590164,0.011018363939899833,-0.047684004752170196,6,49,2.0,0,-0.16250892455773858,False
313,32801,36136,3336,3000,3000.0,2990,3027,2995.0,3022.5,0.9009292565947242,0.7233333333333334,0.9997916666666666,0.7383988095238117,0.9730972222222166,32896,32917,AGCCAAACGCGGGTAAAATATA,0.9744318181818182,0.6875,3,0,35933,35954,AGAAGTAAGGGTTCAGGTAGCC,1.0,1.0,0,0,2898,2965.633333333333,40,13.333333333333334,0.05786802030456853,0.20466232430579362,0.04180602006688963,-0.162856304238904,4,1.3333333333333333,0.05548037889039242,0.03279785809906292,0.009348914858096828,-0.046131464032295594,4,44,1.3333333333333333,0,-0.162856304238904,False
314,32801,37138,4338,4000,4000.0,3992,4027,3996.0,4024.5,0.9234814430613186,0.7233333333333334,0.9966666666666667,0.7383988095238117,0.9690509259259246,32896,32917,AGCCAAACGCGGGTAAAATATA,0.9744318181818182,0.6875,3,0,37094,37115,GGGCGTGAGTCATGTCAATGTC,1.0,1.0,0,0,3896,3965.125,41,10.25,0.05486725663716814,0.19222903885480572,0.03684210526315789,-0.15538693359164782,4,1.0,0.05232558139534884,0.03635907723169508,0.008010012515644555,-0.04431556887970428,4,45,1.0,0,-0.15538693359164782,False
315,35101,37130,2030,2000,2000.0,1996,2014,1999.0,2012.0,0.9863300492610837,0.91875,0.9966666666666667,0.9402083333333333,0.9678009259259246,35231,35252,AGACAAGGTACCTAATGCTTCA,0.9801136363636364,0.6875,2,0,37094,37115,GGGCGTGAGTCATGTCAATGTC,1.0,1.0,0,0,1993,1998.2916666666667,5,2.5,0.04702351175587794,0.18036072144288579,0.017991004497751123,-0.16236971694513466,1,0.5,0.04502251125562781,0.045545545545545546,0.006003001500750375,-0.03954254404479517,1,6,0.5,0,-0.16236971694513466,False
316,35201,37217,2017,2000,2000.0,1996,2010,1999.0,2003.0,0.9918815071888945,0.9504166666666667,0.9966666666666667,0.93125,0.9665509259259246,35231,35252,AGACAAGGTACCTAATGCTTCA,0.9801136363636364,0.6875,2,0,37094,37115,GGGCGTGAGTCATGTCAATGTC,1.0,1.0,0,0,1993,1998.1833333333334,5,2.5,0.04454454454454455,0.17835671342685372,0.014992503748125937,-0.16336420967872778,1,0.5,0.0415207603801901,0.04454454454454455,0.004502251125562781,-0.040042293418981766,1,6,0.5,0,-0.16336420967872778,False
317,12901,17102,4202,4000,4000.5,3970,4023,3982.0,4013.0,0.9520168967158495,0.8695833333333334,1.0,0.887910307285274,0.956875,13178,13199,GTTCTAGACTCTACGTCAGGCC,0.9744318181818182,0.6875,3,0,17074,17095,GCTTGCGCACCTTCATGCTGGC,0.9971590909090909,0.9375,1,0,3870,3951.2083333333335,55,13.748281464816898,0.10573022312373224,0.23896774193548387,0.09692074709742554,-0.14204699483805833,265,66.24171978502687,0.07009581442259204,0.0085,0.09669275435496087,0.026596939932368835,55,320,13.748281464816898,1,-0.14204699483805833,False
318,35201,40515,5315,4500,4500.0,4428,4875,4461.0,4723.0,0.8572436500470367,0.9504166666666667,1.0,0.93125,0.95375,35231,35252,AGACAAGGTACCTAATGCTTCA,0.9801136363636364,0.6875,2,0,40220,40241,TTTCAGATGTCCCTACAGACTC,0.9971590909090909,0.9375,1,0,4225,4437.375,41,9.11111111111111,0.09072625698324022,0.22765559195133364,0.07408246488445853,-0.1535731270668751,159,35.333333333333336,0.0727191612759313,0.028495102404274265,0.05565449688334818,-0.01706466439258312,41,200,9.11111111111111,0,-0.1535731270668751,False
319,35101,40428,5328,4500,4500.0,4441,4875,4467.5,4723.0,0.8554570195195195,0.91875,1.0,0.9402083333333333,0.9483333333333334,35231,35252,AGACAAGGTACCTAATGCTTCA,0.9801136363636364,0.6875,2,0,40220,40241,TTTCAGATGTCCCTACAGACTC,0.9971590909090909,0.9375,1,0,4225,4437.483333333334,41,9.11111111111111,0.0911731843575419,0.22952737482452035,0.07482689300871119,-0.15470048181580914,156,34.666666666666664,0.07383448583537809,0.02894033837934105,0.05543187889581478,-0.01840260693956331,41,197,9.11111111111111,0,-0.15470048181580914,False
320,39201,40726,1526,1500,1500.0,1499,1516,1499.0,1510.5,0.984968872870249,0.96375,0.97375,0.9279563492063486,0.9525,39216,39237,CGTTGACACCGTCACTGATGAA,0.9772727272727273,0.6875,2,0,40529,40550,TTCGGAATGTTGCACCAGCCTC,0.9971590909090909,0.9375,1,0,1495,1499.075,18,12.0,0.09546061415220294,0.18327759197324414,0.06604402935290193,-0.11723356262034221,101,67.33333333333333,0.04717607973421927,0.011333333333333334,0.08866666666666667,0.0414905869324474,18,119,12.0,1,-0.11723356262034221,False
321,31801,36275,4475,4000,4000.0,3970,4023,3983.5,4019.0,0.8937849162011173,0.7647916666666666,0.9997916666666666,0.8527976190476207,0.9710138888888832,32056,32077,AGGTTCAACAACCATGAACCCT,0.9772727272727273,0.6875,2,0,35976,35997,CGCTCATGGATGAAAGGCTCGA,0.9971590909090909,0.9375,1,0,3752,3932.325,77,19.25,0.07902187902187902,0.2273678702250131,0.0673392181588903,-0.1600286520661228,12,3.0,0.07565620174987134,0.03110107850514171,0.01602403605408112,-0.05963216569579022,12,89,3.0,0,-0.1600286520661228,False
322,31801,36775,4975,4500,4500.0,4469,4523,4483.5,4518.0,0.9043718592964824,0.7647916666666666,0.9985416666666667,0.8527976190476207,0.941958333333326,32056,32077,AGGTTCAACAACCATGAACCCT,0.9772727272727273,0.6875,2,0,36690,36711,ATGACATGCTCCTTGTACTTCA,0.9971590909090909,0.9375,1,0,4251,4431.458333333333,77,17.11111111111111,0.07776510832383124,0.22193936588752602,0.06159014557670773,-0.1603492203108183,12,2.6666666666666665,0.07409940720474237,0.03476710496991308,0.015131286159323543,-0.05896812104541883,12,89,2.6666666666666665,0,-0.1603492203108183,False
323,31901,36830,4930,4500,4500.0,4456,4523,4478.5,4518.0,0.9123098377281947,0.8410416666666667,0.9985416666666667,0.9051414141414231,0.9479999999999927,32056,32077,AGGTTCAACAACCATGAACCCT,0.9772727272727273,0.6875,2,0,36690,36711,ATGACATGCTCCTTGTACTTCA,0.9971590909090909,0.9375,1,0,4263,4434.275,76,16.88888888888889,0.0766248574686431,0.2187860604661897,0.059337214509628304,-0.1594488459565614,12,2.6666666666666665,0.0729594163246694,0.0338680926916221,0.014686248331108143,-0.05827316799356126,12,88,2.6666666666666665,0,-0.1594488459565614,False
324,32001,36921,4921,4500,4500.0,4453,4523,4477.0,4518.0,0.913902154033733,0.8402083333333333,0.9991666666666666,0.923387445887444,0.9628888888888832,32056,32077,AGGTTCAACAACCATGAACCCT,0.9772727272727273,0.6875,2,0,36690,36711,ATGACATGCTCCTTGTACTTCA,0.9971590909090909,0.9375,1,0,4264,4434.483333333334,69,15.333333333333334,0.07229190421892816,0.21688970927549608,0.05665024630541872,-0.16023946297007735,12,2.6666666666666665,0.06953944368445053,0.033199643493761144,0.013796172674677348,-0.05574327100977318,12,81,2.6666666666666665,0,-0.16023946297007735,False
325,32001,34264,2264,2000,2000.5,1922,2005,1958.0,2002.5,0.8791132950530035,0.8402083333333333,0.8358333333333333,0.923387445887444,0.9659902597402591,32056,32077,AGGTTCAACAACCATGAACCCT,0.9772727272727273,0.6875,2,0,34059,34080,GCGCCTTGCCCCTCTTTGATCG,0.9971590909090909,0.9375,1,0,1790,1944.075,52,25.99350162459385,0.0995260663507109,0.2338362068965517,0.08014667365112624,-0.15368953324542547,11,5.4986253436640835,0.09852476290832456,0.022033049574361543,0.02305764411027569,-0.07546711879804886,11,63,5.4986253436640835,0,-0.15368953324542547,False
326,31901,35830,3930,3500,3500.0,3457,3523,3479.0,3519.0,0.8901240458015267,0.8410416666666667,1.0,0.9051414141414231,0.96125,32056,32077,AGGTTCAACAACCATGAACCCT,0.9772727272727273,0.6875,2,0,35783,35804,ATGAATCCCTGATGTGAACTTC,0.9971590909090909,0.9375,1,0,3264,3435.266666666667,74,21.142857142857142,0.08655834564254063,0.23635272945410918,0.07239688491491203,-0.16395584453919715,11,3.142857142857143,0.08269344359125812,0.030954428202923472,0.017744705208929592,-0.06494873838232852,11,85,3.142857142857143,0,-0.16395584453919715,False
327,32001,35921,3921,3500,3500.0,3454,3523,3477.5,3519.0,0.8920715378729915,0.8402083333333333,1.0,0.923387445887444,0.9597916666666667,32056,32077,AGGTTCAACAACCATGAACCCT,0.9772727272727273,0.6875,2,0,35783,35804,ATGAATCCCTGATGTGAACTTC,0.9971590909090909,0.9375,1,0,3265,3435.475,67,19.142857142857142,0.08124076809453472,0.23328335832083957,0.06864724545716758,-0.164636112863672,11,3.142857142857143,0.07855877141169522,0.03009458297506449,0.01659988551803091,-0.06195888589366431,11,78,3.142857142857143,0,-0.164636112863672,False
328,32701,36551,3851,3500,3500.0,3480,3526,3491.0,3519.0,0.9096663204362503,0.716875,1.0,0.7325201465200977,0.9683333333333334,32896,32917,AGCCAAACGCGGGTAAAATATA,0.9744318181818182,0.6875,3,0,36416,36437,TACCCTCATCGAGCATTCGCTC,0.9971590909090909,0.9375,1,0,3355,3458.491666666667,44,12.571428571428571,0.057737397420867524,0.1984732824427481,0.04097421203438396,-0.15749907040836414,6,1.7142857142857142,0.0544975095224143,0.03297018348623853,0.010014306151645207,-0.044483203370769095,6,50,1.7142857142857142,0,-0.15749907040836414,False
329,32801,36636,3836,3500,3500.0,3490,3527,3495.0,3522.5,0.9137936652763295,0.7233333333333334,0.999375,0.7383988095238117,0.9534444444444429,32896,32917,AGCCAAACGCGGGTAAAATATA,0.9744318181818182,0.6875,3,0,36416,36437,TACCCTCATCGAGCATTCGCTC,0.9971590909090909,0.9375,1,0,3398,3465.258333333333,41,11.714285714285714,0.057018813314037624,0.19812701199882937,0.03810888252148997,-0.1600181294773394,4,1.1428571428571428,0.05439814814814815,0.034977064220183485,0.008869814020028613,-0.04552833412811953,4,45,1.1428571428571428,0,-0.1600181294773394,False
330,35201,36716,1516,1500,1500.0,1497,1509,1499.5,1502.5,0.9900230870712401,0.9504166666666667,0.999375,0.93125,0.9561527777777762,35231,35252,AGACAAGGTACCTAATGCTTCA,0.9801136363636364,0.6875,2,0,36417,36438,GTACCCTCATCGAGCATTCGCT,0.9971590909090909,0.9375,1,0,1496,1499.3166666666666,5,3.3333333333333335,0.048,0.1781187458305537,0.015333333333333332,-0.16278541249722037,1,0.6666666666666666,0.04533333333333334,0.047364909939959975,0.005333333333333333,-0.04203157660662664,1,6,0.6666666666666666,0,-0.16278541249722037,False
331,35101,36629,1529,1500,1500.0,1497,1515,1499.5,1512.0,0.9826684107259647,0.91875,0.999375,0.9402083333333333,0.9521944444444428,35231,35252,AGACAAGGTACCTAATGCTTCA,0.9801136363636364,0.6875,2,0,36416,36437,TACCCTCATCGAGCATTCGCTC,0.9971590909090909,0.9375,1,0,1496,1499.425,5,3.3333333333333335,0.04933333333333333,0.18812541694462975,0.018666666666666668,-0.1694587502779631,1,0.6666666666666666,0.04733333333333333,0.04536357571714476,0.007333333333333333,-0.04,1,6,0.6666666666666666,0,-0.1694587502779631,False
332,12901,15498,2598,2500,2500.0,2481,2523,2483.0,2513.0,0.9620140492686682,0.8695833333333334,1.0,0.887910307285274,0.9352083333333333,13178,13199,GTTCTAGACTCTACGTCAGGCC,0.9744318181818182,0.6875,3,0,15240,15261,GGAGAGCCTTGACAGCATCTAT,0.9886363636363636,0.875,2,0,2454,2478.4666666666667,44,17.6,0.09939148073022312,0.2503052503052503,0.10077204388459976,-0.14953320642065054,149,59.6,0.07329842931937172,0.0092,0.08577154308617234,0.012473113766800617,44,193,17.6,1,-0.14953320642065054,False
333,12901,14991,2091,2000,2000.0,1981,2023,1983.0,2013.0,0.9558225729316117,0.8695833333333334,1.0,0.887910307285274,0.93875,13178,13199,GTTCTAGACTCTACGTCAGGCC,0.9744318181818182,0.6875,3,0,14937,14958,CATGGTGATGTCCTGAGCCCAG,0.9829545454545454,0.875,3,0,1954,1978.55,42,21.0,0.09715157680569685,0.2523029682702149,0.09892911779704233,-0.1533738504731726,106,53.0,0.08018154311649017,0.00849575212393803,0.08018154311649017,0.0,42,148,21.0,0,-0.1533738504731726,False
334,14401,17011,2611,2500,2500.0,2485,2518,2490.0,2515.0,0.9581577939486786,1.0,1.0,0.9383333333333334,0.9591666666666666,14438,14459,TTCTCCTTGGTGTCTCCTGGGG,0.9829545454545454,0.6875,2,0,16747,16768,AGGTAGGCTCTTGTTCAAGCAT,0.9943181818181818,0.875,1,0,2410,2472.6583333333333,16,6.4,0.11182882519176424,0.22520661157024793,0.08223024468511833,-0.1429763668851296,196,78.4,0.058587479935794544,0.008803521408563426,0.1060483870967742,0.04746090716097965,16,212,6.4,1,-0.1429763668851296,False
335,14301,16911,2611,2500,2500.0,2485,2518,2490.0,2515.0,0.9581577939486786,1.0,1.0,0.9372916666666666,0.959375,14438,14459,TTCTCCTTGGTGTCTCCTGGGG,0.9829545454545454,0.6875,2,0,16747,16768,AGGTAGGCTCTTGTTCAAGCAT,0.9943181818181818,0.875,1,0,2410,2472.6583333333333,15,6.0,0.11465482438433588,0.22644628099173553,0.08303249097472924,-0.14341379001700627,203,81.2,0.05898876404494382,0.008403361344537815,0.10766129032258065,0.04867252627763683,15,218,6.0,1,-0.14341379001700627,False
336,31901,36330,4430,4000,4000.0,3957,4023,3979.0,4019.0,0.9025112866817155,0.8410416666666667,0.9997916666666666,0.9051414141414231,0.9708055555555499,32056,32077,AGGTTCAACAACCATGAACCCT,0.9772727272727273,0.6875,2,0,36161,36182,TGGTAAGACCCAAGAATCCGTC,0.9943181818181818,0.875,1,0,3764,3935.141666666667,76,19.0,0.07773487773487774,0.2235263432446531,0.0648008068582955,-0.15872553638635759,12,3.0,0.0743695316520844,0.03009027081243731,0.015773660490736103,-0.058595871161348304,12,88,3.0,0,-0.15872553638635759,False
337,32001,36421,4421,4000,4000.0,3954,4023,3977.5,4019.0,0.9042637412350147,0.8402083333333333,1.0,0.923387445887444,0.9704166666666667,32056,32077,AGGTTCAACAACCATGAACCCT,0.9772727272727273,0.6875,2,0,36161,36182,TGGTAAGACCCAAGAATCCGTC,0.9943181818181818,0.875,1,0,3765,3935.35,69,17.25,0.07387387387387387,0.22164276401564537,0.06177508825012607,-0.1598676757655193,12,3.0,0.07153885743695317,0.03009027081243731,0.014772158237356035,-0.056766699199597134,12,81,3.0,0,-0.1598676757655193,False
338,31801,35259,3459,3000,3000.0,2968,3022,2982.5,3016.5,0.8669051749060422,0.7647916666666666,0.9558333333333333,0.8527976190476207,0.9489583333333333,32056,32077,AGGTTCAACAACCATGAACCCT,0.9772727272727273,0.6875,2,0,35044,35065,GGCCTGGCAGGCCTGACAGGAG,0.9943181818181818,0.875,1,0,2753,2932.633333333333,73,24.333333333333332,0.09150779896013865,0.24371236273467942,0.07816804407713498,-0.16554431865754443,11,3.6666666666666665,0.08766458766458766,0.02610441767068273,0.0197060788243153,-0.06795850884027237,11,84,3.6666666666666665,0,-0.16554431865754443,False
339,31901,35319,3419,3000,3000.0,2958,3022,2978.0,3016.5,0.8767000584966365,0.8410416666666667,0.9433333333333334,0.9051414141414231,0.9445833333333333,32056,32077,AGGTTCAACAACCATGAACCCT,0.9772727272727273,0.6875,2,0,35044,35065,GGCCTGGCAGGCCTGACAGGAG,0.9943181818181818,0.875,1,0,2765,2935.475,72,24.0,0.09012131715771231,0.2402116402116402,0.07644628099173553,-0.16376535921990468,11,3.6666666666666665,0.08662508662508663,0.02576112412177986,0.019372077488309953,-0.06725300913677668,11,83,3.6666666666666665,0,-0.16376535921990468,False
340,31801,35775,3975,3500,3500.0,3470,3523,3484.0,3519.0,0.8804402515723271,0.7647916666666666,1.0,0.8527976190476207,0.95375,32056,32077,AGGTTCAACAACCATGAACCCT,0.9772727272727273,0.6875,2,0,35560,35581,GTGGGTGCAAGTACAGGTTGTA,0.9829545454545454,0.875,3,0,3252,3432.45,75,21.428571428571427,0.08744460856720827,0.24021673690547862,0.07520564042303172,-0.16501109648244688,11,3.142857142857143,0.08357944477259303,0.03211009174311927,0.018317115054378934,-0.06526232971821411,11,86,3.142857142857143,0,-0.16501109648244688,False
341,31901,33628,1728,1500,1500.0,1435,1519,1459.0,1515.5,0.8651258680555556,0.8410416666666667,0.9847916666666666,0.9051414141414231,0.9621379731379662,32056,32077,AGGTTCAACAACCATGAACCCT,0.9772727272727273,0.6875,2,0,33555,33576,CGACTCGCAAGGACCGTGCTCG,0.9943181818181818,0.875,1,0,1314,1457.525,47,31.333333333333332,0.12570621468926554,0.2710144927536232,0.09039943938332165,-0.18061505337030156,10,6.666666666666667,0.12508833922261484,0.022,0.028724114896459586,-0.09636422432615525,10,57,6.666666666666667,0,-0.18061505337030156,False
342,32001,33719,1719,1500,1500.0,1432,1519,1457.5,1515.5,0.8694371727748691,0.8402083333333333,0.993125,0.923387445887444,0.9620833333333333,32056,32077,AGGTTCAACAACCATGAACCCT,0.9772727272727273,0.6875,2,0,33555,33576,CGACTCGCAAGGACCGTGCTCG,0.9943181818181818,0.875,1,0,1315,1457.7333333333333,42,28.0,0.11731448763250883,0.26430123099203473,0.0889978976874562,-0.17530333330457853,10,6.666666666666667,0.11731448763250883,0.022,0.028093645484949834,-0.089220842147559,10,52,6.666666666666667,0,-0.17530333330457853,False
343,32701,37053,4353,4000,4000.0,3982,4028,3993.0,4019.0,0.9197536181943488,0.716875,0.99625,0.7325201465200977,0.9667314814814745,32896,32917,AGCCAAACGCGGGTAAAATATA,0.9744318181818182,0.6875,3,0,36786,36807,TGTGCATGAAATAGGTGGACTG,0.9943181818181818,0.875,1,0,3855,3957.983333333333,44,11.0,0.05725971370143149,0.19723360655737704,0.039097744360902256,-0.1581358621964748,6,1.5,0.05392282136468183,0.03560682046138415,0.009261576971214018,-0.04466124439346781,6,50,1.5,0,-0.1581358621964748,False
344,32701,34399,1699,1500,1500.0,1455,1502,1472.5,1501.5,0.8792672160094173,0.716875,0.923125,0.7325201465200977,0.9363208458208343,32896,32917,AGCCAAACGCGGGTAAAATATA,0.9744318181818182,0.6875,3,0,34302,34323,CAAACTGTAATTGTCGGTACTT,0.9886363636363636,0.875,2,0,1365,1463.7333333333333,29,19.333333333333332,0.06906272022551092,0.1846370683579986,0.05536799459824443,-0.12926907375975416,5,3.3333333333333335,0.06685432793807178,0.02540106951871658,0.014705882352941176,-0.0521484455851306,5,34,3.3333333333333335,0,-0.12926907375975416,False
345,32801,34512,1712,1500,1500.0,1484,1511,1495.5,1504.5,0.8759856892523364,0.7233333333333334,0.8908333333333334,0.7383988095238117,0.9346163003662877,32896,32917,AGCCAAACGCGGGTAAAATATA,0.9744318181818182,0.6875,3,0,34302,34323,CAAACTGTAATTGTCGGTACTT,0.9886363636363636,0.875,2,0,1412,1471.2166666666667,29,19.333333333333332,0.06429548563611491,0.18430273300630695,0.049898853674983146,-0.1344038793313238,3,2.0,0.06352459016393443,0.024732620320855617,0.011363636363636364,-0.05216095380029806,3,32,2.0,0,-0.1344038793313238,False
346,32801,35107,2307,2000,2000.0,1988,2020,1991.5,2013.5,0.8681458604247941,0.7233333333333334,0.8004166666666667,0.7383988095238117,0.808458943833939,32896,32917,AGCCAAACGCGGGTAAAATATA,0.9744318181818182,0.6875,3,0,35044,35065,GGCCTGGCAGGCCTGACAGGAG,0.9943181818181818,0.875,1,0,1899,1965.8333333333333,36,18.0,0.06291560102301791,0.20855057351407716,0.04456685027541312,-0.16398372323866403,3,1.5,0.0598159509202454,0.027149321266968326,0.010025062656641603,-0.0497908882636038,3,39,1.5,0,-0.16398372323866403,False
347,32801,35636,2836,2500,2500.0,2491,2527,2495.0,2522.5,0.8834846614950634,0.7233333333333334,0.9716666666666667,0.7383988095238117,0.9510416666666667,32896,32917,AGCCAAACGCGGGTAAAATATA,0.9744318181818182,0.6875,3,0,35560,35581,GTGGGTGCAAGTACAGGTTGTA,0.9829545454545454,0.875,3,0,2398,2465.758333333333,39,15.6,0.061532192339038304,0.21307405875051716,0.04939759036144578,-0.16367646838907138,3,1.2,0.059039087947882735,0.0325431900361591,0.010821643286573146,-0.04821744466130959,3,42,1.2,0,-0.16367646838907138,False
348,12901,17626,4726,4500,4500.0,4478,4523,4486.0,4514.0,0.9526026237833263,0.8695833333333334,0.9829166666666667,0.887910307285274,0.9460833333333357,13178,13199,GTTCTAGACTCTACGTCAGGCC,0.9744318181818182,0.6875,3,0,17516,17537,CGGCAACAAAACTGCCGCCTTT,0.9914772727272727,0.8125,1,0,4369,4450.583333333333,61,13.555555555555555,0.10173306324555481,0.22890464212211298,0.09367996414164052,-0.13522467798047244,281,62.44444444444444,0.06744342370602734,0.00866859302067126,0.09235597399686168,0.024912550290834348,61,342,13.555555555555555,1,-0.13522467798047244,False
349,12901,14491,1591,1500,1500.0,1481,1523,1483.0,1513.0,0.9419390320553112,0.8695833333333334,0.986875,0.887910307285274,0.9369583333333321,13178,13199,GTTCTAGACTCTACGTCAGGCC,0.9744318181818182,0.6875,3,0,14199,14220,GATGTAAAAGATCCAACGCCAA,0.9857954545454546,0.8125,2,0,1454,1478.55,39,26.0,0.10182063385030343,0.26735395189003436,0.11504424778761062,-0.15230970410242373,68,45.333333333333336,0.10182063385030343,0.007994670219853431,0.07759197324414716,-0.024228660606156277,39,107,26.0,0,-0.15230970410242373,False
350,14401,17530,3130,3000,3000.0,2992,3018,2994.5,3014.5,0.9595846645367412,1.0,1.0,0.9383333333333334,0.9622916666666667,14438,14459,TTCTCCTTGGTGTCTCCTGGGG,0.9829545454545454,0.6875,2,0,17373,17394,GTGTATGTAGACCGGACCTCTT,0.9886363636363636,0.8125,2,0,2909,2972.525,22,7.333333333333333,0.10581121934833725,0.2093182596779719,0.07818242565987303,-0.13113583401809886,215,71.66666666666667,0.059472101570330775,0.00867244829886591,0.0976510067114094,0.03817890514107863,22,237,7.333333333333333,1,-0.13113583401809886,False
351,14301,17430,3130,3000,3000.0,2992,3018,2994.5,3014.5,0.9595846645367412,1.0,0.9425,0.9372916666666666,0.952902777777775,14438,14459,TTCTCCTTGGTGTCTCCTGGGG,0.9829545454545454,0.6875,2,0,17373,17394,GTGTATGTAGACCGGACCTCTT,0.9886363636363636,0.8125,2,0,2909,2972.525,20,6.666666666666667,0.10816257977830031,0.2130866735183282,0.07918476445038423,-0.13390190906794397,220,73.33333333333333,0.05980621450050117,0.00867244829886591,0.09865771812080537,0.0388515036203042,20,240,6.666666666666667,1,-0.13390190906794397,False
352,12901,16602,3702,3500,3500.5,3470,3523,3482.0,3513.0,0.9455361966504592,0.8695833333333334,0.9970833333333333,0.887910307285274,0.9389880952380978,13178,13199,GTTCTAGACTCTACGTCAGGCC,0.9744318181818182,0.6875,3,0,16579,16600,CATCCTTCATGGCGTCCGGGTG,0.9886363636363636,0.75,1,0,3370,3451.2083333333335,50,14.2836737608913,0.1129500580720093,0.2554831061055127,0.10283073367995378,-0.15265237242555896,243,69.41865447793172,0.0738603577611079,0.008571428571428572,0.10109447004608295,0.02723411228497505,50,293,14.2836737608913,1,-0.15265237242555896,False
353,32001,35419,3419,3000,3000.0,2954,3022,2977.5,3019.0,0.8767731792921907,0.8402083333333333,0.9333333333333333,0.923387445887444,0.9389583333333333,32056,32077,AGGTTCAACAACCATGAACCCT,0.9772727272727273,0.6875,2,0,35241,35262,TGACGAAAAATGAAGCATTAGG,0.9886363636363636,0.75,1,0,2765,2935.4666666666667,65,21.666666666666668,0.08630849220103987,0.24091710758377424,0.07610192837465565,-0.1648151792091186,11,3.6666666666666665,0.0835065835065835,0.02776848444295751,0.018704074816299265,-0.06480250869028424,11,76,3.6666666666666665,0,-0.1648151792091186,False
354,32001,34842,2842,2500,2500.0,2450,2522,2474.5,2514.5,0.8785406403940886,0.8402083333333333,0.86625,0.923387445887444,0.8933650793650789,32056,32077,AGGTTCAACAACCATGAACCCT,0.9772727272727273,0.6875,2,0,34720,34741,TGCGGAAGCAACATTAAGCTTT,0.9744318181818182,0.6875,3,0,2278,2440.391666666667,63,25.2,0.09117524048515266,0.2393526405451448,0.07510373443983402,-0.1642489061053108,11,4.4,0.0887029288702929,0.023647294589178358,0.019647153167602245,-0.06905577570269064,11,74,4.4,0,-0.1642489061053108,False
355,32701,35021,2321,2000,2000.0,1977,2018,1985.5,2017.0,0.8618860404997846,0.716875,0.7864583333333334,0.7325201465200977,0.798458943833939,32896,32917,AGCCAAACGCGGGTAAAATATA,0.9744318181818182,0.6875,3,0,34988,35009,CCGTGTAACTTGTGAAACGGGG,0.9772727272727273,0.6875,2,0,1856,1958.6916666666666,39,19.5,0.06799163179916318,0.21465968586387435,0.05157736604907361,-0.16308231981480073,5,2.5,0.06325143753267119,0.026143790849673203,0.012030075187969926,-0.05122136234470127,5,44,2.5,0,-0.16308231981480073,False
356,14401,16511,2111,2000,2000.0,1985,2018,1990.0,2015.0,0.9482472761724301,1.0,0.9816666666666667,0.9383333333333334,0.9226964285714288,14438,14459,TTCTCCTTGGTGTCTCCTGGGG,0.9829545454545454,0.6875,2,0,16288,16309,CTGACAAGGCCAACAAGGGCCA,0.9829545454545454,0.625,1,0,1910,1972.6583333333333,12,6.0,0.12386248736097068,0.2526041666666667,0.08830908178625188,-0.1642950848804148,174,87.0,0.06375502008032129,0.009004502251125562,0.11767676767676767,0.053921747596446384,12,186,6.0,1,-0.1642950848804148,False
357,14301,16411,2111,2000,2000.0,1985,2018,1990.0,2015.0,0.9482472761724301,1.0,0.9216666666666666,0.9372916666666666,0.911029761904762,14438,14459,TTCTCCTTGGTGTCTCCTGGGG,0.9829545454545454,0.6875,2,0,16288,16309,CTGACAAGGCCAACAAGGGCCA,0.9829545454545454,0.625,1,0,1910,1972.6583333333333,11,5.5,0.12291350531107739,0.25364583333333335,0.08830908178625188,-0.16533675154708147,174,87.0,0.06124497991967871,0.009504752376188095,0.11515151515151516,0.053906535231836444,11,185,5.5,1,-0.16533675154708147,False
358,32701,35551,2851,2500,2500.0,2480,2526,2491.5,2519.0,0.8780033321641529,0.716875,0.9504166666666667,0.7325201465200977,0.9339583333333333,32896,32917,AGCCAAACGCGGGTAAAATATA,0.9744318181818182,0.6875,3,0,35266,35287,CACGGACTCTGCCCTCACTCCG,0.9744318181818182,0.625,2,0,2355,2458.616666666667,42,16.8,0.06633499170812604,0.21876297218762972,0.05381526104417671,-0.16494771114345302,5,2.0,0.06257770410277663,0.03294495781438329,0.012424849699398798,-0.050152854403377835,5,47,2.0,0,-0.16494771114345302,False
359,31801,34678,2878,2500,2500.0,2469,2517,2482.5,2511.5,0.8680072967338429,0.7647916666666666,0.8410416666666667,0.8527976190476207,0.9283928571428623,32056,32077,AGGTTCAACAACCATGAACCCT,0.9772727272727273,0.6875,2,0,34394,34415,ATAGTAAACCTTCAACTGCCGC,0.9715909090909091,0.5625,2,0,2268,2438.2166666666667,67,26.8,0.09828523630280217,0.24273504273504273,0.07842323651452282,-0.1643118062205199,11,4.4,0.09497907949790795,0.024057738572574178,0.022052927024859663,-0.07292615247304829,11,78,4.4,0,-0.1643118062205199,False
360,12901,16072,3172,3000,3000.5,2958,3024,2974.0,3014.0,0.9452435372005045,0.8695833333333334,0.8302083333333333,0.887910307285274,0.9232258343508086,13178,13199,GTTCTAGACTCTACGTCAGGCC,0.9744318181818182,0.6875,3,0,15988,16009,TCATGCAATCCTAAACTAGGCC,0.9573863636363636,0.5,2,0,2878,2953.233333333333,47,15.66405599066822,0.1100169779286927,0.26162387231089523,0.10563617954775566,-0.15598769276313956,200,66.65555740709881,0.07518543492919758,0.009663445518160613,0.09895305639986492,0.02376762147066734,47,247,15.66405599066822,1,-0.15598769276313956,False
361,13401,18091,4691,4500,4500.5,4490,4544,4490.0,4538.5,0.9608159241099978,0.8960416666666666,0.9541666666666667,0.8705714285714263,0.9410690836940799,13676,13697,TGCGAGCCCAAGCCCTCGCCAC,0.96875,0.625,3,0,17889,17910,GCATCATGCGCATCTCTGCGTA,1.0,1.0,0,0,4384,4461.691666666667,52,11.554271747583602,0.09541899441340781,0.21397873784211716,0.0821062025881303,-0.13187253525398684,261,57.99355627152539,0.06266726137377342,0.013643480205770522,0.08596373404969779,0.02329647267592437,52,313,11.554271747583602,1,-0.13187253525398684,False
362,15301,17929,2629,2500,2500.0,2480,2519,2487.0,2514.5,0.9509556865728414,0.9745833333333334,0.9885416666666667,0.9076984126984098,0.9541488095238129,15322,15343,CTTCATATGCTAATGTCTACTA,0.9630681818181818,0.625,3,0,17889,17910,GCATCATGCGCATCTCTGCGTA,1.0,1.0,0,0,2401,2467.4,20,8.0,0.10145513338722716,0.1962655601659751,0.07717041800643087,-0.11909514215954423,156,62.4,0.0655144694533762,0.01483560545308741,0.09367396593673966,0.028159496483363453,20,176,8.0,1,-0.11909514215954423,False
363,15401,18029,2629,2500,2500.0,2480,2519,2487.0,2514.5,0.9509556865728414,0.9291666666666667,0.9889583333333334,0.9052380952380917,0.9537321428571461,15426,15447,CCGCATCAGCTTTATGATAGAA,0.9630681818181818,0.625,3,0,17889,17910,GCATCATGCGCATCTCTGCGTA,1.0,1.0,0,0,2401,2467.4,20,8.0,0.09943411479385611,0.1950207468879668,0.07636655948553055,-0.11865418740243626,146,58.4,0.06712218649517684,0.01764234161988773,0.09164311667339524,0.024520930178218395,20,166,8.0,1,-0.11865418740243626,False
364,16101,18190,2090,2000,2000.0,1982,2037,1982.5,2030.5,0.9585227272727272,0.9216666666666666,0.8760416666666667,0.9087380952380955,0.928971861471855,16283,16304,CCCTGTGGCCCTTGTTGGCCTT,0.9829545454545454,0.625,1,0,17891,17912,CAGCATCATGCGCATCTCTGCG,1.0,1.0,0,0,1960,1983.25,18,9.0,0.0820253164556962,0.17596782302664657,0.06865219586067643,-0.10731562716597014,76,38.0,0.06543456543456544,0.022796352583586626,0.06458123107971746,-0.0008533343548479816,18,94,9.0,0,-0.10731562716597014,False
365,34701,37297,2597,2500,2500.0,2492,2514,2493.5,2506.5,0.9628898729303041,0.7783333333333333,0.99625,0.7963756105006057,0.9659821428571377,34718,34739,CCAAAGCTTAATGTTGCTTCCG,0.9744318181818182,0.625,2,0,37094,37115,GGGCGTGAGTCATGTCAATGTC,1.0,1.0,0,0,2470,2491.375,9,3.6,0.046511627906976744,0.19384864427357346,0.02283653846153846,-0.171012105812035,1,0.4,0.044105854049719326,0.04332129963898917,0.0052,-0.03890585404971933,1,10,0.4,0,-0.171012105812035,False
366,34701,40594,5894,5000,5000.0,4927,5375,4957.5,5225.5,0.8578851374278927,0.7783333333333333,1.0,0.7963756105006057,0.9514583333333333,34718,34739,CCAAAGCTTAATGTTGCTTCCG,0.9744318181818182,0.625,2,0,40529,40550,TTCGGAATGTTGCACCAGCCTC,0.9971590909090909,0.9375,1,0,4710,4931.741666666667,46,9.2,0.088347756087744,0.22891313470415442,0.07262120297726815,-0.15629193172688627,164,32.8,0.07092626079967852,0.029281989570798236,0.051883012820512824,-0.0190432479791657,46,210,9.2,0,-0.15629193172688627,False
367,13501,18198,4698,4500,4500.5,4486,4551,4486.5,4544.0,0.9594907407407407,0.9635416666666666,0.8760416666666667,0.9255416666666679,0.9254301948051883,13676,13697,TGCGAGCCCAAGCCCTCGCCAC,0.96875,0.625,3,0,17917,17938,ATGTCAAACTCCCAAACTGTTC,0.9971590909090909,0.9375,1,0,4381,4457.65,45,9.998889012331963,0.09601611459265891,0.2157394843962008,0.08050847457627118,-0.13523100981992964,259,57.549161204310636,0.062751228226887,0.015453527435610303,0.08538771851187808,0.02263649028499108,45,304,9.998889012331963,1,-0.13523100981992964,False
368,13601,17745,4145,4000,4000.0,3993,4019,3995.0,4017.0,0.9658624849215923,0.99125,0.981875,0.9402083333333333,0.941027777777781,13676,13697,TGCGAGCCCAAGCCCTCGCCAC,0.96875,0.625,3,0,17638,17659,TGTCGTTCTCAACCAAGGTCTG,0.9971590909090909,0.9375,1,0,3909,3971.0583333333334,41,10.25,0.09856675886346493,0.20949221740239857,0.07988980716253444,-0.12960241023986413,257,64.25,0.06058320764203117,0.009254627313656828,0.0871975806451613,0.026614373003130125,41,298,10.25,1,-0.12960241023986413,False
369,13501,17130,3630,3500,3500.0,3487,3525,3490.5,3523.0,0.9649793388429752,0.9635416666666666,1.0,0.9255416666666679,0.96,13676,13697,TGCGAGCCCAAGCCCTCGCCAC,0.96875,0.625,3,0,17074,17095,GCTTGCGCACCTTCATGCTGGC,0.9971590909090909,0.9375,1,0,3397,3469.3416666666667,35,10.0,0.10271206001154068,0.2249488752556237,0.08388394139615053,-0.14106493385947316,243,69.42857142857143,0.06232050545663412,0.007456266131344996,0.0930299539170507,0.03070944846041658,35,278,10.0,1,-0.14106493385947316,False
370,13601,17240,3640,3500,3500.0,3492,3519,3494.5,3517.0,0.9626201923076924,0.99125,0.9425,0.9402083333333333,0.9518611111111083,13676,13697,TGCGAGCCCAAGCCCTCGCCAC,0.96875,0.625,3,0,17074,17095,GCTTGCGCACCTTCATGCTGGC,0.9971590909090909,0.9375,1,0,3409,3472.175,34,9.714285714285714,0.10440034512510785,0.21848493711611583,0.08245061551674777,-0.13603432159936807,248,70.85714285714286,0.06337826211643247,0.007718696397941681,0.09289617486338798,0.02951791274695552,34,282,9.714285714285714,1,-0.13603432159936807,False
371,16201,17730,1530,1500,1500.5,1495,1514,1499.5,1505.0,0.9815767973856209,0.9816666666666667,0.981875,0.9204047619047621,0.9414444444444476,16283,16304,CCCTGTGGCCCTTGTTGGCCTT,0.9829545454545454,0.625,1,0,17638,17659,TGTCGTTCTCAACCAAGGTCTG,0.9971590909090909,0.9375,1,0,1487,1497.5583333333334,14,9.330223258913696,0.0800533689126084,0.15405224380442062,0.06462358427714857,-0.08942865952727205,70,46.65111629456848,0.05858854860186418,0.01000667111407605,0.07305630026809651,0.014467751666232327,14,84,9.330223258913696,1,-0.08942865952727205,False
372,34701,36795,2095,2000,2000.0,1993,2012,1996.0,2005.5,0.9550119331742244,0.7783333333333333,0.9985416666666667,0.7963756105006057,0.9429999999999927,34718,34739,CCAAAGCTTAATGTTGCTTCCG,0.9744318181818182,0.625,2,0,36690,36711,ATGACATGCTCCTTGTACTTCA,0.9971590909090909,0.9375,1,0,1978,1993.1916666666666,9,4.5,0.05315947843530592,0.1983846542150429,0.02457372116349047,-0.17381093305155243,1,0.5,0.05065195586760281,0.04867034621174109,0.006,-0.04465195586760281,1,10,0.5,0,-0.17381093305155243,False
373,13601,16721,3121,3000,3000.0,2985,3019,2990.0,3017.5,0.9619312720281961,0.99125,1.0,0.9402083333333333,0.94875,13676,13697,TGCGAGCCCAAGCCCTCGCCAC,0.96875,0.625,3,0,16687,16708,AACGAGTATGATTCTCTCGATC,0.9829545454545454,0.875,3,0,2910,2972.3083333333334,32,10.666666666666666,0.10980523841504365,0.2321917808219178,0.08753758770464418,-0.14465419311727362,225,75.0,0.06463496316141996,0.00766922307435812,0.09741350352704065,0.03277854036562068,32,257,10.666666666666666,1,-0.14465419311727362,False
374,13401,15446,2046,2000,2000.5,1987,2010,1993.5,2008.5,0.9782807917888563,0.8960416666666666,1.0,0.8705714285714263,0.9308333333333333,13676,13697,TGCGAGCCCAAGCCCTCGCCAC,0.96875,0.625,3,0,15240,15261,GGAGAGCCTTGACAGCATCTAT,0.9886363636363636,0.875,2,0,1980,1995.2,31,15.496125968507872,0.09159536990437846,0.23184777165748624,0.08350100603621731,-0.14834676562126892,122,60.98475381154711,0.06171600602107376,0.00805234021137393,0.079476861167002,0.017760855145928248,31,153,15.496125968507872,1,-0.14834676562126892,False
375,13501,15526,2026,2000,2000.5,1987,2009,1993.5,2008.0,0.9878763573543929,0.9635416666666666,0.99875,0.9255416666666679,0.9298511904761896,13676,13697,TGCGAGCCCAAGCCCTCGCCAC,0.96875,0.625,3,0,15240,15261,GGAGAGCCTTGACAGCATCTAT,0.9886363636363636,0.875,2,0,1980,1995.875,24,11.997000749812546,0.09411172622043282,0.2315,0.07997987927565392,-0.1515201207243461,131,65.48362909272682,0.05920722528850978,0.00805234021137393,0.08078273958855996,0.021575514300050176,24,155,11.997000749812546,1,-0.1515201207243461,False
376,13501,15023,1523,1500,1500.0,1488,1511,1493.5,1510.0,0.9859652002626396,0.9635416666666666,0.9883333333333333,0.9255416666666679,0.9414583333333333,13676,13697,TGCGAGCCCAAGCCCTCGCCAC,0.96875,0.625,3,0,14937,14958,CATGGTGATGTCCTGAGCCCAG,0.9829545454545454,0.875,3,0,1481,1496.7166666666667,22,14.666666666666666,0.08866666666666667,0.2268795741849634,0.078,-0.1488795741849634,86,57.333333333333336,0.06430006697923643,0.006720430107526882,0.07292370020256583,0.008623633223329402,22,108,14.666666666666666,1,-0.1488795741849634,False
377,13601,15117,1517,1500,1500.0,1497,1504,1499.5,1504.0,0.9895352669742914,0.99125,0.9789583333333334,0.9402083333333333,0.9391666666666667,13676,13697,TGCGAGCCCAAGCCCTCGCCAC,0.96875,0.625,3,0,14937,14958,CATGGTGATGTCCTGAGCCCAG,0.9829545454545454,0.875,3,0,1496,1499.5666666666666,21,14.0,0.09133333333333334,0.21733333333333332,0.07548430193720775,-0.1418490313961256,91,60.666666666666664,0.05945223780895124,0.00733822548365577,0.07080828323313293,0.011356045424181692,21,112,14.0,1,-0.1418490313961256,False
378,15301,16904,1604,1500,1500.0,1481,1518,1487.5,1515.0,0.9358245012468828,0.9745833333333334,1.0,0.9076984126984098,0.9589583333333334,15322,15343,CTTCATATGCTAATGTCTACTA,0.9630681818181818,0.625,3,0,16747,16768,AGGTAGGCTCTTGTTCAAGCAT,0.9943181818181818,0.875,1,0,1411,1472.7416666666666,10,6.666666666666667,0.12660798916723087,0.22816901408450704,0.08774279973208306,-0.14042621435242397,133,88.66666666666667,0.07171581769436998,0.007333333333333333,0.12094594594594595,0.049230128251575966,10,143,6.666666666666667,1,-0.14042621435242397,False
379,15401,17004,1604,1500,1500.0,1481,1518,1487.5,1515.0,0.9358245012468828,0.9291666666666667,1.0,0.9052380952380917,0.9604166666666667,15426,15447,CCGCATCAGCTTTATGATAGAA,0.9630681818181818,0.625,3,0,16747,16768,AGGTAGGCTCTTGTTCAAGCAT,0.9943181818181818,0.875,1,0,1411,1472.7416666666666,9,6.0,0.12237998647734956,0.22816901408450704,0.08573342263898191,-0.14243559144552514,125,83.33333333333333,0.07372654155495978,0.008,0.11486486486486487,0.04113832330990509,9,134,6.0,1,-0.14243559144552514,False
380,34701,36295,1595,1500,1500.0,1493,1512,1497.0,1505.5,0.9411833855799373,0.7783333333333333,0.9997916666666666,0.7963756105006057,0.9708055555555499,34718,34739,CCAAAGCTTAATGTTGCTTCCG,0.9744318181818182,0.625,2,0,36161,36182,TGGTAAGACCCAAGAATCCGTC,0.9943181818181818,0.875,1,0,1480,1494.0583333333334,9,6.0,0.050666666666666665,0.20350404312668463,0.02744310575635877,-0.17606093737032585,1,0.6666666666666666,0.05,0.042866711319490956,0.006,-0.044000000000000004,1,10,0.6666666666666666,0,-0.17606093737032585,False
381,13401,17573,4173,4000,4000.0,3986,4028,3992.0,4023.0,0.9595914210400192,0.8960416666666666,0.9866666666666667,0.8705714285714263,0.9510416666666667,13676,13697,TGCGAGCCCAAGCCCTCGCCAC,0.96875,0.625,3,0,17516,17537,CGGCAACAAAACTGCCGCCTTT,0.9914772727272727,0.8125,1,0,3890,3967.8083333333334,48,12.0,0.09886506935687264,0.21578140960163433,0.08389851796031148,-0.13188289164132286,259,64.75,0.061762490584986195,0.008028098344204716,0.08962383236556425,0.02786134178057805,48,307,12.0,1,-0.13188289164132286,False
382,13501,17654,4154,4000,4000.0,3986,4025,3993.0,4022.5,0.9639353635050554,0.9635416666666666,0.981875,0.9255416666666679,0.946027777777781,13676,13697,TGCGAGCCCAAGCCCTCGCCAC,0.96875,0.625,3,0,17516,17537,CGGCAACAAAACTGCCGCCTTT,0.9914772727272727,0.8125,1,0,3896,3968.0916666666667,41,10.25,0.09836065573770492,0.21672616012238655,0.08163777945239889,-0.13508838066998766,259,64.75,0.060140915953699046,0.007777220270948319,0.08830971659919028,0.02816880064549123,41,300,10.25,1,-0.13508838066998766,False
383,15401,17523,2123,2000,2000.0,1988,2018,1992.0,2014.5,0.9433878944889308,0.9291666666666667,1.0,0.9052380952380917,0.960625,15426,15447,CCGCATCAGCTTTATGATAGAA,0.9630681818181818,0.625,3,0,17373,17394,GTGTATGTAGACCGGACCTCTT,0.9886363636363636,0.8125,2,0,1910,1972.6083333333333,16,8.0,0.10976226605968639,0.20218863991662325,0.07927747114902157,-0.12291116876760168,144,72.0,0.07124937280481686,0.0080040020010005,0.1,0.028750627195183148,16,160,8.0,1,-0.12291116876760168,False
384,15301,17423,2123,2000,2000.0,1988,2018,1992.0,2014.5,0.9433878944889308,0.9745833333333334,0.9425,0.9076984126984098,0.9533194444444416,15322,15343,CTTCATATGCTAATGTCTACTA,0.9630681818181818,0.625,3,0,17373,17394,GTGTATGTAGACCGGACCTCTT,0.9886363636363636,0.8125,2,0,1910,1972.6083333333333,15,7.5,0.11380880121396054,0.2068785825951016,0.08128449573507275,-0.12559408686002888,150,75.0,0.07024586051179127,0.0080040020010005,0.10404040404040404,0.033794543528612775,15,165,7.5,1,-0.12559408686002888,False
385,16101,17650,1550,1500,1500.5,1495,1521,1499.5,1517.5,0.9702016129032258,0.9216666666666666,0.981875,0.9087380952380955,0.9456111111111144,16283,16304,CCCTGTGGCCCTTGTTGGCCTT,0.9829545454545454,0.625,1,0,17516,17537,CGGCAACAAAACTGCCGCCTTT,0.9914772727272727,0.8125,1,0,1487,1497.6916666666666,14,9.330223258913696,0.082,0.16543871399866042,0.06795469686875416,-0.09748401712990626,76,50.649783405531494,0.05992010652463382,0.00600400266844563,0.07506702412868632,0.015146917604052498,14,90,9.330223258913696,1,-0.09748401712990626,False
386,13401,17050,3650,3500,3500.0,3487,3528,3488.0,3523.5,0.9596232876712328,0.8960416666666666,1.0,0.8705714285714263,0.9566666666666667,13676,13697,TGCGAGCCCAAGCCCTCGCCAC,0.96875,0.625,3,0,16771,16792,ATAGCTGATTGACATATGCTTT,0.9886363636363636,0.75,1,0,3391,3467.9416666666666,42,12.0,0.10328909405654933,0.22914837576821773,0.08733122665900603,-0.1418171491092117,242,69.14285714285714,0.06375646180356118,0.007743045597935188,0.09477029760184917,0.031013835798287995,42,284,12.0,1,-0.1418171491092117,False
387,13401,16550,3150,3000,3000.0,2987,3028,2988.0,3023.5,0.9532142857142857,0.8960416666666666,0.99375,0.8705714285714263,0.9316964285714312,13676,13697,TGCGAGCCCAAGCCCTCGCCAC,0.96875,0.625,3,0,16495,16516,GATGTCTCTTGTGAGGAAGTCC,0.9829545454545454,0.75,2,0,2891,2967.9416666666666,37,12.333333333333334,0.11092380310182064,0.2464861158724717,0.09224598930481283,-0.1542401265676589,221,73.66666666666667,0.0670690811535882,0.0077000334784064275,0.10060565275908478,0.033536571605496585,37,258,12.333333333333334,1,-0.1542401265676589,False
388,13501,16630,3130,3000,3000.0,2987,3025,2990.5,3023.0,0.959384984025559,0.9635416666666666,0.9991666666666666,0.9255416666666679,0.9379166666666666,13676,13697,TGCGAGCCCAAGCCCTCGCCAC,0.96875,0.625,3,0,16579,16600,CATCCTTCATGGCGTCCGGGTG,0.9886363636363636,0.75,1,0,2897,2969.3416666666667,31,10.333333333333334,0.11159811193526635,0.24221690044474856,0.0892379679144385,-0.15297893253031006,224,74.66666666666667,0.06539235412474849,0.007365249414127887,0.09959623149394348,0.03420387736919499,31,255,10.333333333333334,1,-0.15297893253031006,False
389,13401,14939,1539,1500,1500.0,1488,1510,1493.5,1508.5,0.975227420402859,0.8960416666666666,1.0,0.8705714285714263,0.9358333333333333,13676,13697,TGCGAGCCCAAGCCCTCGCCAC,0.96875,0.625,3,0,14842,14863,CTCCTAGGAAAGCCGTGAGCCA,0.9801136363636364,0.5625,1,0,1481,1495.2833333333333,29,19.333333333333332,0.09133333333333334,0.22712090848363392,0.08338892595063375,-0.14373198253300018,86,57.333333333333336,0.06831882116543872,0.00739247311827957,0.07459677419354839,0.00627795302810967,29,115,19.333333333333332,1,-0.14373198253300018,False
390,13501,16104,2604,2500,2500.0,2479,2524,2483.0,2521.5,0.9602054531490015,0.9635416666666666,0.8485416666666666,0.9255416666666679,0.9295055962555792,13676,13697,TGCGAGCCCAAGCCCTCGCCAC,0.96875,0.625,3,0,15988,16009,TCATGCAATCCTAAACTAGGCC,0.9573863636363636,0.5,2,0,2404,2470.4,27,10.8,0.10948905109489052,0.24907369287772746,0.08948635634028893,-0.15958733653743853,183,73.2,0.06529625151148731,0.008845999195818254,0.09627831715210355,0.030982065640616244,27,210,10.8,1,-0.15958733653743853,False
391,13601,16215,2615,2500,2500.0,2488,2518,2491.0,2516.0,0.9566682600382409,0.99125,0.846875,0.9402083333333333,0.919237739112729,13676,13697,TGCGAGCCCAAGCCCTCGCCAC,0.96875,0.625,3,0,15988,16009,TCATGCAATCCTAAACTAGGCC,0.9573863636363636,0.5,2,0,2417,2473.5,26,10.4,0.11016949152542373,0.2448474855729596,0.08908507223113965,-0.15576241334181995,188,75.2,0.0635814889336016,0.008803521408563426,0.09571890145395799,0.03213741252035639,26,214,10.4,1,-0.15576241334181995,False
392,13401,16005,2605,2500,2500.0,2463,2526,2475.0,2521.5,0.9589011516314779,0.8960416666666666,0.8620833333333333,0.8705714285714263,0.9092606328856042,13676,13697,TGCGAGCCCAAGCCCTCGCCAC,0.96875,0.625,3,0,15982,16003,AATCCTAAACTAGGCCCTCCAA,0.9545454545454546,0.4375,2,0,2398,2468.866666666667,34,13.6,0.1070559610705596,0.24886504333470905,0.0935483870967742,-0.15531665623793484,178,71.2,0.06650544135429262,0.008845999195818254,0.09634146341463415,0.029836022060341527,34,212,13.6,1,-0.15531665623793484,False
393,13601,15634,2034,2000,2000.0,1997,2006,1998.5,2006.0,0.9838372664700098,0.99125,0.9433333333333334,0.9402083333333333,0.9035615079365077,13676,13697,TGCGAGCCCAAGCCCTCGCCAC,0.96875,0.625,3,0,15436,15457,TCCGCTTTCTTTCTATCATAAA,0.9630681818181818,0.4375,3,0,1989,1996.3416666666667,25,12.5,0.1031031031031031,0.228643216080402,0.085628442663996,-0.143014773416406,148,74.0,0.06009013520280421,0.00850850850850851,0.08817635270541083,0.02808621750260662,25,173,12.5,1,-0.143014773416406,False
394,14901,18036,3136,3000,3000.0,2984,3019,2988.5,3014.5,0.9568718112244898,0.9789583333333334,0.9889583333333334,0.9322916666666666,0.9539404761904795,15088,15109,TTTTTGGCTCCATTTTCACCGC,0.96875,0.5625,3,0,17889,17910,GCATCATGCGCATCTCTGCGTA,1.0,1.0,0,0,2900,2967.3166666666666,22,7.333333333333333,0.09865319865319866,0.20378006872852233,0.07653743315508021,-0.12724263557344212,181,60.333333333333336,0.06224899598393574,0.016371533578349484,0.0913671481357071,0.029118152151771354,22,203,7.333333333333333,1,-0.12724263557344212,False
395,16001,18076,2076,2000,2000.0,1980,2028,1980.0,2018.5,0.9630298651252408,0.8685416666666667,0.9541666666666667,0.916208333333331,0.9408607503607467,16271,16292,TGTTTCAATACTCCCTGTGGCC,0.96875,0.5625,3,0,17889,17910,GCATCATGCGCATCTCTGCGTA,1.0,1.0,0,0,1963,1982.825,18,9.0,0.0820253164556962,0.16901408450704225,0.06666666666666667,-0.10234741784037558,83,41.5,0.06243756243756244,0.019756838905775075,0.06872157655381506,0.006284014116252616,18,101,9.0,1,-0.10234741784037558,False
396,31401,36007,4607,4000,4000.0,3991,4076,3994.5,4073.0,0.8717440850879097,0.698125,1.0,0.8465429015428647,0.9664583333333333,31435,31456,GGGGAAGCACAATTGAGATCAT,0.9715909090909091,0.5625,3,0,35933,35954,AGAAGTAAGGGTTCAGGTAGCC,1.0,1.0,0,0,3730,3922.45,87,21.75,0.08715953307392996,0.24340558892661268,0.07445181030086691,-0.1689537786257458,11,2.75,0.08402489626556017,0.030591775325977934,0.016775162744116175,-0.067249733521444,11,98,2.75,0,-0.1689537786257458,False
397,38701,40749,2049,2000,2000.0,1993,2016,1994.5,2009.0,0.9762994143484627,0.925625,0.9727083333333333,0.8681666666666691,0.9491388888888953,38965,38986,ACTCTTCAAATACGTCTGTACC,0.9659090909090909,0.5625,3,0,40529,40550,TTCGGAATGTTGCACCAGCCTC,0.9971590909090909,0.9375,1,0,1983,1993.3166666666666,22,11.0,0.10320641282565131,0.21381744831064045,0.07067669172932331,-0.14314075658131714,143,71.5,0.05558337506259389,0.009519038076152305,0.093687374749499,0.0381039996869051,22,165,11.0,1,-0.14314075658131714,False
398,31401,36507,5107,4500,4500.0,4490,4576,4494.5,4573.0,0.8842887213628353,0.698125,1.0,0.8465429015428647,0.9704166666666667,31435,31456,GGGGAAGCACAATTGAGATCAT,0.9715909090909091,0.5625,3,0,36416,36437,TACCCTCATCGAGCATTCGCTC,0.9971590909090909,0.9375,1,0,4230,4422.325,89,19.77777777777778,0.08013777267508611,0.23146223146223147,0.06891133557800225,-0.16255089588422922,12,2.6666666666666665,0.07736455463728191,0.030532649877423667,0.014908767245215844,-0.062455787392066066,12,101,2.6666666666666665,0,-0.16255089588422922,False
399,31201,36855,5655,5000,5000.0,4990,5077,4995.0,5071.5,0.8872679045092838,0.7310416666666667,0.9985416666666667,0.8744589438339365,0.950708333333326,31435,31456,GGGGAAGCACAATTGAGATCAT,0.9715909090909091,0.5625,3,0,36690,36711,ATGACATGCTCCTTGTACTTCA,0.9971590909090909,0.9375,1,0,4713,4917.341666666666,95,19.0,0.08199423156159868,0.235453034081463,0.0662091239402503,-0.1692439101412127,12,2.4,0.07868177136972193,0.034289151794666135,0.014217060472567081,-0.06446471089715484,12,107,2.4,0,-0.1692439101412127,False
400,31301,36926,5626,5000,5000.0,4985,5078,4991.5,5072.5,0.8913637575542126,0.6866666666666666,0.9991666666666666,0.8247214729714203,0.9639305555555499,31435,31456,GGGGAAGCACAATTGAGATCAT,0.9715909090909091,0.5625,3,0,36690,36711,ATGACATGCTCCTTGTACTTCA,0.9971590909090909,0.9375,1,0,4717,4918.45,91,18.2,0.07931602801812938,0.2298110857380112,0.06498486377396569,-0.1648262219640455,12,2.4,0.07621009268795056,0.03368758772809304,0.014016820184221065,-0.062193272503729496,12,103,2.4,0,-0.1648262219640455,False
401,31201,35855,4655,4000,4000.0,3991,4077,3995.0,4074.0,0.8631578947368421,0.7310416666666667,1.0,0.8744589438339365,0.961875,31435,31456,GGGGAAGCACAATTGAGATCAT,0.9715909090909091,0.5625,3,0,35783,35804,ATGAATCCCTGATGTGAACTTC,0.9971590909090909,0.9375,1,0,3714,3918.3333333333335,93,23.25,0.0921120913336793,0.25596643063204827,0.07674655787863335,-0.17921987275341492,11,2.75,0.088715953307393,0.03159478435305918,0.01702553830746119,-0.07169041499993181,11,104,2.75,0,-0.17921987275341492,False
402,31301,35926,4626,4000,4000.0,3986,4078,3992.0,4075.0,0.8679880025940337,0.6866666666666666,1.0,0.8247214729714203,0.9597916666666667,31435,31456,GGGGAAGCACAATTGAGATCAT,0.9715909090909091,0.5625,3,0,35783,35804,ATGAATCCCTGATGTGAACTTC,0.9971590909090909,0.9375,1,0,3718,3919.4416666666666,89,22.25,0.08899844317592112,0.24829753797799894,0.074942645934234,-0.17335489204376495,11,2.75,0.08586251621271077,0.031093279839518557,0.016775162744116175,-0.0690873534685946,11,100,2.75,0,-0.17335489204376495,False
403,26101,27791,1691,1500,1500.0,1495,1567,1497.5,1531.0,0.8924452986398581,0.6475,0.9879166666666667,0.9380450521700914,0.9666666666666667,26317,26338,ATTCAGTTTCAACTGCCTATTC,0.9517045454545454,0.5625,3,0,27551,27572,TACAGGCTTCCCTCCAAACAAT,0.9971590909090909,0.9375,1,0,1448,1480.9,20,13.333333333333334,0.0810448760884126,0.1663216011042098,0.053475935828877004,-0.1128456652753328,5,3.3333333333333335,0.0810448760884126,0.051712558764271326,0.03279785809906292,-0.04824701798934968,5,25,3.3333333333333335,0,-0.1128456652753328,False
404,26201,27846,1646,1500,1500.5,1494,1545,1494.0,1536.0,0.9168058930741191,0.6889583333333333,0.9879166666666667,0.9285453851704005,0.958125,26317,26338,ATTCAGTTTCAACTGCCTATTC,0.9517045454545454,0.5625,3,0,27551,27572,TACAGGCTTCCCTCCAAACAAT,0.9971590909090909,0.9375,1,0,1470,1489.7,22,14.66177940686438,0.0774365821094793,0.16870748299319727,0.049664429530201344,-0.11904305346299593,5,3.332222592469177,0.0774365821094793,0.054,0.034666666666666665,-0.04276991544281264,5,27,3.332222592469177,0,-0.11904305346299593,False
405,38701,40240,1540,1500,1500.0,1494,1509,1494.5,1505.5,0.9737824675324676,0.925625,1.0,0.8681666666666691,0.9491666666666667,38965,38986,ACTCTTCAAATACGTCTGTACC,0.9659090909090909,0.5625,3,0,40025,40046,AGAACCTGAGCCCTCCAGTCGT,0.9829545454545454,0.875,3,0,1486,1493.85,19,12.666666666666666,0.10628342245989304,0.23418573351278602,0.0822742474916388,-0.15191148602114724,110,73.33333333333333,0.06012024048096192,0.0066844919786096255,0.09425133689839572,0.0341310964174338,19,129,12.666666666666666,1,-0.15191148602114724,False
406,14901,17011,2111,2000,2000.0,1985,2018,1990.0,2015.0,0.9482472761724301,0.9789583333333334,1.0,0.9322916666666666,0.9591666666666666,15088,15109,TTTTTGGCTCCATTTTCACCGC,0.96875,0.5625,3,0,16747,16768,AGGTAGGCTCTTGTTCAAGCAT,0.9943181818181818,0.875,1,0,1910,1972.6583333333333,12,6.0,0.11532625189681335,0.2328125,0.08433734939759036,-0.14847515060240965,160,80.0,0.06475903614457831,0.008504252126063032,0.10909090909090909,0.04433187294633077,12,172,6.0,1,-0.14847515060240965,False
407,31201,36355,5155,4500,4500.0,4490,4577,4495.0,4574.0,0.8764185257032008,0.7310416666666667,0.9997916666666666,0.8744589438339365,0.9730972222222166,31435,31456,GGGGAAGCACAATTGAGATCAT,0.9715909090909091,0.5625,3,0,36161,36182,TGGTAAGACCCAAGAATCCGTC,0.9943181818181818,0.875,1,0,4214,4418.208333333333,95,21.11111111111111,0.0840606338998622,0.2429863204266172,0.07128309572301425,-0.17170322470360294,12,2.6666666666666665,0.08105625717566016,0.030978381992422553,0.015131286159323543,-0.06592497101633661,12,107,2.6666666666666665,0,-0.17170322470360294,False
408,31301,36426,5126,4500,4500.0,4486,4578,4491.5,4575.0,0.8808525165821303,0.6866666666666666,1.0,0.8247214729714203,0.9708333333333333,31435,31456,GGGGAAGCACAATTGAGATCAT,0.9715909090909091,0.5625,3,0,36161,36182,TGGTAAGACCCAAGAATCCGTC,0.9943181818181818,0.875,1,0,4218,4419.316666666667,91,20.22222222222222,0.08153422140560404,0.23598888374247337,0.06945701357466064,-0.16653187016781273,12,2.6666666666666665,0.07876004592422503,0.030978381992422553,0.014908767245215844,-0.0638512786790092,12,103,2.6666666666666665,0,-0.16653187016781273,False
409,31401,37009,5609,5000,5000.0,4992,5078,4995.5,5071.5,0.8943884827955072,0.698125,0.9958333333333333,0.8465429015428647,0.9583981481481412,31435,31456,GGGGAAGCACAATTGAGATCAT,0.9715909090909091,0.5625,3,0,36786,36807,TGTGCATGAAATAGGTGGACTG,0.9943181818181818,0.875,1,0,4730,4921.816666666667,89,17.8,0.07826982492276004,0.22788481458462814,0.06394996973976196,-0.1639348448448662,12,2.4,0.07516474464579902,0.03368758772809304,0.014016820184221065,-0.06114792446157795,12,101,2.4,0,-0.1639348448448662,False
410,14901,17530,2630,2500,2500.0,2492,2518,2494.5,2514.5,0.9519011406844107,0.9789583333333334,1.0,0.9322916666666666,0.9622916666666667,15088,15109,TTTTTGGCTCCATTTTCACCGC,0.96875,0.5625,3,0,17373,17394,GTGTATGTAGACCGGACCTCTT,0.9886363636363636,0.8125,2,0,2409,2472.525,18,7.2,0.10738796931772306,0.2104175279040926,0.07942238267148015,-0.13099514523261246,179,71.6,0.0645808263136783,0.008406725380304243,0.09838709677419355,0.03380627046051525,18,197,7.2,1,-0.13099514523261246,False
411,16001,17567,1567,1500,1500.5,1498,1531,1499.0,1522.0,0.9607131461391193,0.8685416666666667,0.9866666666666667,0.916208333333331,0.9539583333333334,16271,16292,TGTTTCAATACTCCCTGTGGCC,0.96875,0.5625,3,0,17516,17537,CGGCAACAAAACTGCCGCCTTT,0.9914772727272727,0.8125,1,0,1491,1497.9416666666666,14,9.330223258913696,0.08539026017344896,0.16152815013404825,0.066,-0.09552815013404825,81,53.982005998000666,0.060626249167221855,0.006008010680907877,0.07733333333333334,0.016707084166111483,14,95,9.330223258913696,1,-0.09552815013404825,False
412,26101,28348,2248,2000,2000.0,1995,2073,1998.0,2031.0,0.8940725088967971,0.6475,0.8391666666666666,0.9380450521700914,0.8164642857142826,26317,26338,ATTCAGTTTCAACTGCCTATTC,0.9517045454545454,0.5625,3,0,28191,28212,ATCCCTAGATTTAGGCCTACTC,0.9914772727272727,0.8125,1,0,1944,1979.7,33,16.5,0.0893574297188755,0.2025706940874036,0.06616541353383458,-0.13640528055356904,6,3.0,0.0893574297188755,0.0563097033685269,0.03,-0.059357429718875504,6,39,3.0,0,-0.13640528055356904,False
413,26201,28403,2203,2000,2000.5,1995,2044,1995.0,2038.0,0.9122219700408534,0.6889583333333333,0.961875,0.9285453851704005,0.9316031746031755,26317,26338,ATTCAGTTTCAACTGCCTATTC,0.9517045454545454,0.5625,3,0,28191,28212,ATCCCTAGATTTAGGCCTACTC,0.9914772727272727,0.8125,1,0,1965,1988.1333333333334,37,18.495376155961008,0.08867735470941884,0.20305343511450383,0.06338028169014084,-0.13967315342436298,6,2.9992501874531365,0.08867735470941884,0.0555,0.03,-0.058677354709418844,6,43,2.9992501874531365,0,-0.13967315342436298,False
414,31401,35507,4107,3500,3500.0,3491,3576,3494.5,3573.0,0.8561297784270757,0.698125,0.9504166666666667,0.8465429015428647,0.9314583333333334,31435,31456,GGGGAAGCACAATTGAGATCAT,0.9715909090909091,0.5625,3,0,35241,35262,TGACGAAAAATGAAGCATTAGG,0.9886363636363636,0.75,1,0,3230,3422.45,87,24.857142857142858,0.09388971684053651,0.25623310303394414,0.08065458796025717,-0.175578515073687,11,3.142857142857143,0.09063804412641623,0.030676605504587156,0.018317115054378934,-0.0723209290720373,11,98,3.142857142857143,0,-0.175578515073687,False
415,31301,35424,4124,3500,3500.0,3486,3578,3492.0,3574.5,0.8523733026188167,0.6866666666666666,0.9479166666666666,0.8247214729714203,0.9366666666666666,31435,31456,GGGGAAGCACAATTGAGATCAT,0.9715909090909091,0.5625,3,0,35241,35262,TGACGAAAAATGAAGCATTAGG,0.9886363636363636,0.75,1,0,3218,3419.4333333333334,87,24.857142857142858,0.09481216457960644,0.25738396624472576,0.079462459830558,-0.17792150641416776,11,3.142857142857143,0.09155979719654041,0.029529816513761468,0.018317115054378934,-0.07324268214216148,11,98,3.142857142857143,0,-0.17792150641416776,False
416,14901,16511,1611,1500,1500.0,1485,1518,1490.0,1515.0,0.9321849782743638,0.9789583333333334,0.9816666666666667,0.9322916666666666,0.9226964285714288,15088,15109,TTTTTGGCTCCATTTTCACCGC,0.96875,0.5625,3,0,16288,16309,CTGACAAGGCCAACAAGGGCCA,0.9829545454545454,0.625,1,0,1410,1472.6583333333333,8,5.333333333333333,0.13396481732070364,0.2711267605633803,0.09249329758713137,-0.17863346297624894,138,92.0,0.07372654155495978,0.00867244829886591,0.1250845165652468,0.05135797501028702,8,146,5.333333333333333,1,-0.17863346297624894,False
417,10001,11836,1836,1500,1500.5,1443,1783,1454.0,1773.5,0.8581495098039216,0.8908333333333334,0.7402083333333334,0.8825892857142753,0.9074166666666618,10020,10041,ATAAACCTTAGGCCATCCTTAT,0.9573863636363636,0.5625,3,0,11701,11722,CCGCATCGAAGAGTCTCTTCAA,0.9659090909090909,0.5625,3,0,1332,1483.3416666666667,66,43.985338220593135,0.1606484893146647,0.2351258581235698,0.16125,-0.07387585812356978,20,13.328890369876708,0.1606484893146647,0.0890125173852573,0.01092896174863388,-0.1497195275660308,20,86,13.328890369876708,0,-0.1497195275660308,False
418,9401,11784,2384,2000,2000.0,1945,2295,1955.5,2280.5,0.8717229446308725,0.9497916666666667,0.6475,0.9165476190476208,0.9056805555555305,9488,9509,TCAAAATAACTTGTGGCAACAT,0.9801136363636364,0.5625,1,0,11701,11722,CCGCATCGAAGAGTCTCTTCAA,0.9659090909090909,0.5625,3,0,1829,1980.3666666666666,72,36.0,0.14278429372768994,0.2448522829006267,0.1340648854961832,-0.11078739740444349,19,9.5,0.14278429372768994,0.08664259927797834,0.0061068702290076335,-0.1366774234986823,19,91,9.5,0,-0.1366774234986823,False
419,9901,11751,1851,1500,1500.0,1445,1800,1456.0,1783.5,0.8532212317666127,0.8558333333333333,0.6102083333333334,0.8896825396825322,0.8944305555555183,10020,10041,ATAAACCTTAGGCCATCCTTAT,0.9573863636363636,0.5625,3,0,11701,11722,CCGCATCGAAGAGTCTCTTCAA,0.9659090909090909,0.5625,3,0,1333,1484.7583333333334,68,45.333333333333336,0.16163035839775122,0.2391304347826087,0.15865084322298564,-0.08047959155962306,18,12.0,0.16163035839775122,0.09097222222222222,0.0047748976807639835,-0.15685546071698725,18,86,12.0,0,-0.15685546071698725,False
420,9401,11003,1603,1500,1500.0,1426,1535,1476.5,1524.5,0.9358234560199625,0.9497916666666667,0.9754166666666667,0.9165476190476208,0.9086567460317262,9488,9509,TCAAAATAACTTGTGGCAACAT,0.9801136363636364,0.5625,1,0,10870,10891,CCAAACTCGCACAAGTCTCATG,0.9715909090909091,0.375,1,0,1384,1477.6,55,36.666666666666664,0.13836898395721925,0.2550471063257066,0.12420606916019761,-0.130841037165509,11,7.333333333333333,0.13836898395721925,0.08135593220338982,0.0033333333333333335,-0.13503565062388592,11,66,7.333333333333333,0,-0.13503565062388592,False
421,15901,17987,2087,2000,2000.0,1983,2007,1992.0,2006.0,0.9578641590800192,0.811875,0.9889583333333334,0.9215294057793957,0.9495654761904795,15988,16009,GGCCTAGTTTAGGATTGCATGA,0.9573863636363636,0.5,2,0,17889,17910,GCATCATGCGCATCTCTGCGTA,1.0,1.0,0,0,1949,1980.7166666666667,17,8.5,0.08080808080808081,0.17033248081841432,0.06867167919799498,-0.10166080162041934,86,43.0,0.060514372163388806,0.017051153460381142,0.07204030226700252,0.011525930103613712,17,103,8.5,1,-0.10166080162041934,False
422,11301,17240,5940,5000,5000.0,4980,5172,4987.5,5170.0,0.8511363636363637,0.7039583333333334,0.9425,0.8942883597883156,0.9518611111111083,11348,11369,GAACAGATGGTGCTACGTGAAA,0.9573863636363636,0.5,3,0,17074,17095,GCTTGCGCACCTTCATGCTGGC,0.9971590909090909,0.9375,1,0,4814,4944.958333333333,86,17.2,0.10811359026369169,0.23897865549571115,0.1096056622851365,-0.12937299321057466,296,59.2,0.08615446989661464,0.015458743224252159,0.09947218838814453,0.013317718491529892,86,382,17.2,1,-0.12937299321057466,False
423,15801,17892,2092,2000,2000.5,1982,2004,1982.0,2003.0,0.9543797801147228,0.846875,0.9841666666666666,0.9296841676841481,0.9462182539682605,15988,16009,GGCCTAGTTTAGGATTGCATGA,0.9573863636363636,0.5,2,0,17638,17659,TGTCGTTCTCAACCAAGGTCTG,0.9971590909090909,0.9375,1,0,1920,1973.4333333333334,17,8.49787553111722,0.08792319353208691,0.17653167185877466,0.0712136409227683,-0.10531803093600636,94,46.988252936765804,0.06717171717171717,0.015523284927391086,0.0791476407914764,0.01197592361975923,17,111,8.49787553111722,1,-0.10531803093600636,False
424,15801,17384,1584,1500,1500.5,1486,1502,1488.0,1501.0,0.9452730429292929,0.846875,0.9425,0.9296841676841481,0.9549861111111083,15988,16009,GGCCTAGTTTAGGATTGCATGA,0.9573863636363636,0.5,2,0,17119,17140,TGATCTTGCCCACGAAATCTGG,0.9943181818181818,0.875,1,0,1429,1476.6416666666667,12,7.997334221926025,0.09797297297297297,0.1807397069085834,0.07414829659318638,-0.10659141031539703,88,58.64711762745752,0.07215104517869184,0.006666666666666667,0.08833445718138908,0.01618341200269724,12,100,7.997334221926025,1,-0.10659141031539703,False
425,15901,17481,1581,1500,1500.0,1491,1515,1497.5,1509.5,0.9499130297280203,0.811875,0.9458333333333333,0.9215294057793957,0.9533194444444416,15988,16009,GGCCTAGTTTAGGATTGCATGA,0.9573863636363636,0.5,2,0,17373,17394,GTGTATGTAGACCGGACCTCTT,0.9886363636363636,0.8125,2,0,1460,1485.925,13,8.666666666666666,0.08888888888888889,0.17281420765027322,0.07,-0.10281420765027321,84,56.0,0.06451612903225806,0.00533689126084056,0.08209959623149395,0.017583467199235883,13,97,8.666666666666666,1,-0.10281420765027321,False
426,11501,17403,5903,5000,5000.0,4977,5145,4984.5,5139.0,0.8546607657123496,0.6808333333333333,0.9425,0.9085972222222093,0.9531111111111082,11686,11707,ACCTTGAAGCAGTCATTGAAGA,0.9602272727272727,0.375,3,0,17119,17140,TGATCTTGCCCACGAAATCTGG,0.9943181818181818,0.875,1,0,4815,4945.1,85,17.0,0.10412015425208038,0.23359422034918723,0.10577507598784194,-0.12781914436134528,299,59.8,0.08235769075494549,0.012040939193257074,0.09811090798293723,0.015753217227991737,85,384,17.0,1,-0.12781914436134528,False
427,11601,17403,5803,5000,5000.0,4977,5045,4984.5,5039.0,0.8629265035326555,0.8702083333333334,0.9425,0.912708333333309,0.9531111111111082,11686,11707,ACCTTGAAGCAGTCATTGAAGA,0.9602272727272727,0.375,3,0,17119,17140,TGATCTTGCCCACGAAATCTGG,0.9943181818181818,0.875,1,0,4815,4932.6,85,17.0,0.10412015425208038,0.23448699569936515,0.10577507598784194,-0.1287119197115232,299,59.8,0.08235769075494549,0.012040939193257074,0.09811090798293723,0.015753217227991737,85,384,17.0,1,-0.1287119197115232,False
428,11601,16886,5286,4500,4500.0,4477,4546,4487.0,4541.0,0.8527832954975407,0.8702083333333334,1.0,0.912708333333309,0.961875,11686,11707,ACCTTGAAGCAGTCATTGAAGA,0.9602272727272727,0.375,3,0,16747,16768,AGGTAGGCTCTTGTTCAAGCAT,0.9943181818181818,0.875,1,0,4317,4434.733333333334,80,17.77777777777778,0.10812641083521445,0.2452701162525644,0.11020960108181203,-0.13506051517075235,280,62.22222222222222,0.08529741863075196,0.012037449843958983,0.10074374577417174,0.015446327143419772,80,360,17.77777777777778,1,-0.13506051517075235,False
429,14801,17936,3136,3000,3000.0,2984,3019,2988.5,3014.5,0.9568718112244898,0.9789583333333334,0.9889583333333334,0.9372916666666666,0.9556071428571461,14840,14861,TGTGGCTCACGGCTTTCCTAGG,0.96875,0.3125,1,0,17889,17910,GCATCATGCGCATCTCTGCGTA,1.0,1.0,0,0,2900,2967.3166666666666,21,7.0,0.09966329966329966,0.20439711439367914,0.07730923694779117,-0.12708787744588795,189,63.0,0.06124497991967871,0.014032743067156699,0.09170600134861767,0.03046102142893896,21,210,7.0,1,-0.12708787744588795,False
430,12401,17676,5276,5000,5000.5,4971,5020,4981.5,5010.5,0.9477113343442002,0.9175,0.981875,0.924275793650789,0.9487361111111143,12617,12638,ATCTTGATATGGAACTTTGAGC,0.9630681818181818,0.3125,2,0,17638,17659,TGTCGTTCTCAACCAAGGTCTG,0.9971590909090909,0.9375,1,0,4836,4939.691666666667,76,15.198480151984802,0.10259505129752565,0.23121387283236994,0.09961685823754789,-0.13159701459482204,301,60.193980601939806,0.07566585956416465,0.010810810810810811,0.0965989132622258,0.020933053698061158,76,377,15.198480151984802,1,-0.13159701459482204,False
431,12501,17764,5264,5000,5000.5,4959,5020,4975.5,5012.0,0.9496343085106383,0.9529166666666666,0.981875,0.9139285714285689,0.941652777777781,12617,12638,ATCTTGATATGGAACTTTGAGC,0.9630681818181818,0.3125,2,0,17638,17659,TGTCGTTCTCAACCAAGGTCTG,0.9971590909090909,0.9375,1,0,4836,4940.091666666666,76,15.198480151984802,0.10184247823446042,0.2288310615448162,0.09901189755999193,-0.12981916398482427,299,59.79402059794021,0.07445520581113801,0.011411411411411412,0.09458643590259609,0.020131230091458077,76,375,15.198480151984802,1,-0.12981916398482427,False
432,12601,17857,5257,5000,5000.0,4959,5023,4976.0,5014.5,0.9509820239680427,0.895,0.975625,0.904880952380942,0.9337777777777835,12617,12638,ATCTTGATATGGAACTTTGAGC,0.9630681818181818,0.3125,2,0,17638,17659,TGTCGTTCTCAACCAAGGTCTG,0.9971590909090909,0.9375,1,0,4837,4940.458333333333,71,14.2,0.10127607859023699,0.2298636926889715,0.0973397823458283,-0.1325239103431432,295,59.0,0.07187563093074904,0.013018225515722012,0.0925181013676589,0.02064247043690985,71,366,14.2,1,-0.1325239103431432,False
433,12401,17152,4752,4500,4500.0,4463,4520,4478.0,4510.0,0.9467198021885522,0.9175,1.0,0.924275793650789,0.9610416666666667,12617,12638,ATCTTGATATGGAACTTTGAGC,0.9630681818181818,0.3125,2,0,17074,17095,GCTTGCGCACCTTCATGCTGGC,0.9971590909090909,0.9375,1,0,4337,4440.941666666667,70,15.555555555555555,0.10646387832699619,0.23941068139963168,0.10338640950885848,-0.1360242718907732,285,63.333333333333336,0.07885304659498207,0.010676156583629894,0.10024614007607965,0.02139309348109758,70,355,15.555555555555555,1,-0.1360242718907732,False
434,12501,17255,4755,4500,4500.0,4454,4516,4471.0,4508.0,0.9453864353312302,0.9529166666666666,0.9425,0.9139285714285689,0.9493611111111083,12617,12638,ATCTTGATATGGAACTTTGAGC,0.9630681818181818,0.3125,2,0,17074,17095,GCTTGCGCACCTTCATGCTGGC,0.9971590909090909,0.9375,1,0,4332,4437.208333333333,69,15.333333333333334,0.10713486915678819,0.23789764868603042,0.10347923681257015,-0.13441841187346026,291,64.66666666666667,0.07890607487110514,0.010465375194834113,0.10206370569762226,0.023157630826517117,69,360,15.333333333333334,1,-0.13441841187346026,False
435,12601,17348,4748,4500,4500.0,4459,4519,4474.5,4510.5,0.9472672704296546,0.895,0.9425,0.904880952380942,0.9562361111111083,12617,12638,ATCTTGATATGGAACTTTGAGC,0.9630681818181818,0.3125,2,0,17074,17095,GCTTGCGCACCTTCATGCTGGC,0.9971590909090909,0.9375,1,0,4338,4440.7,64,14.222222222222221,0.10572194903889137,0.23831452912733134,0.10049349484073576,-0.1378210342865956,289,64.22222222222223,0.07506161774591082,0.01045838896306186,0.09863259358888142,0.023570975842970604,64,353,14.222222222222221,1,-0.1378210342865956,False
436,12501,16739,4239,4000,4000.0,3950,4019,3971.0,4009.0,0.942807855626327,0.9529166666666666,1.0,0.9139285714285689,0.9514583333333333,12617,12638,ATCTTGATATGGAACTTTGAGC,0.9630681818181818,0.3125,2,0,16687,16708,AACGAGTATGATTCTCTCGATC,0.9829545454545454,0.875,3,0,3836,3940.3416666666667,67,16.75,0.11094186341711094,0.2511059068436118,0.10939868620515412,-0.14170722063845764,269,67.25,0.0812515770880646,0.010262828535669587,0.10408266129032258,0.022831084202257976,67,336,16.75,1,-0.14170722063845764,False
437,12601,16831,4231,4000,4000.5,3954,4021,3973.5,4011.0,0.944900732687308,0.895,1.0,0.904880952380942,0.9575,12617,12638,ATCTTGATATGGAACTTTGAGC,0.9630681818181818,0.3125,2,0,16747,16768,AGGTAGGCTCTTGTTCAAGCAT,0.9943181818181818,0.875,1,0,3841,3942.8333333333335,61,15.248093988251469,0.10961684851560517,0.250844814140889,0.10606060606060606,-0.14478420808028292,269,67.24159480064992,0.07694248234106962,0.010257693269952465,0.10226700251889169,0.025324520177822066,61,330,15.248093988251469,1,-0.14478420808028292,False
438,12401,15048,2648,2500,2500.0,2482,2523,2484.0,2515.0,0.9443211858006042,0.9175,0.9883333333333333,0.924275793650789,0.93375,12617,12638,ATCTTGATATGGAACTTTGAGC,0.9630681818181818,0.3125,2,0,14937,14958,CATGGTGATGTCCTGAGCCCAG,0.9829545454545454,0.875,3,0,2426,2471.3166666666666,57,22.8,0.10212254705646776,0.2542233209723939,0.11697806661251016,-0.13724525435988377,134,53.6,0.09479628882613957,0.0124,0.09218436873747494,-0.002611920088664621,57,191,22.8,0,-0.13724525435988377,False
439,12501,15139,2639,2500,2500.0,2473,2523,2477.5,2515.5,0.947139067828723,0.9529166666666666,0.9789583333333334,0.9139285714285689,0.9416666666666667,12617,12638,ATCTTGATATGGAACTTTGAGC,0.9630681818181818,0.3125,2,0,14937,14958,CATGGTGATGTCCTGAGCCCAG,0.9829545454545454,0.875,3,0,2426,2471.6,56,22.4,0.09983766233766234,0.25350370981038745,0.11336032388663968,-0.14014338592374775,134,53.6,0.08900523560209424,0.011604641856742696,0.08977955911823647,0.0007743235161422335,56,190,22.4,1,-0.14014338592374775,False
440,12601,15230,2630,2500,2500.5,2476,2524,2479.0,2514.0,0.9504990494296578,0.895,0.9789583333333334,0.904880952380942,0.9358333333333333,12617,12638,ATCTTGATATGGAACTTTGAGC,0.9630681818181818,0.3125,2,0,14937,14958,CATGGTGATGTCCTGAGCCCAG,0.9829545454545454,0.875,3,0,2429,2473.0916666666667,50,19.99600079984003,0.0997971602434077,0.25977768629065456,0.10850202429149798,-0.1512756619991566,138,55.18896220755848,0.08293075684380032,0.012,0.0889423076923077,0.00601155084850738,50,188,19.99600079984003,1,-0.1512756619991566,False
441,14801,16911,2111,2000,2000.0,1985,2018,1990.0,2015.0,0.9482472761724301,0.9789583333333334,1.0,0.9372916666666666,0.959375,14840,14861,TGTGGCTCACGGCTTTCCTAGG,0.96875,0.3125,1,0,16747,16768,AGGTAGGCTCTTGTTCAAGCAT,0.9943181818181818,0.875,1,0,1910,1972.6583333333333,11,5.5,0.1178553363682347,0.234375,0.08580030105368791,-0.1485746989463121,166,83.0,0.06375502008032129,0.0080040020010005,0.1111111111111111,0.04735609103078982,11,177,5.5,1,-0.1485746989463121,False
442,14801,17430,2630,2500,2500.0,2492,2518,2494.5,2514.5,0.9519011406844107,0.9789583333333334,0.9425,0.9372916666666666,0.952902777777775,14840,14861,TGTGGCTCACGGCTTTCCTAGG,0.96875,0.3125,1,0,17373,17394,GTGTATGTAGACCGGACCTCTT,0.9886363636363636,0.8125,2,0,2409,2472.525,16,6.4,0.10940654016955995,0.21487603305785125,0.08062575210589651,-0.13425028095195474,183,73.2,0.06377858002406739,0.008406725380304243,0.09959677419354838,0.035818194169480996,16,199,6.4,1,-0.13425028095195474,False
443,12401,16652,4252,4000,4000.0,3963,4020,3978.0,4010.0,0.940454492003763,0.9175,1.0,0.924275793650789,0.9391666666666667,12617,12638,ATCTTGATATGGAACTTTGAGC,0.9630681818181818,0.3125,2,0,16579,16600,CATCCTTCATGGCGTCCGGGTG,0.9886363636363636,0.75,1,0,3837,3940.9416666666666,67,16.75,0.11192893401015229,0.25442247658688866,0.11012882040919424,-0.1442936561776944,267,66.75,0.08400605449041372,0.011011011011011011,0.10481229528848576,0.020806240798072043,67,334,16.75,1,-0.1442936561776944,False
444,12501,14632,2132,2000,2000.0,1969,2023,1975.5,2015.0,0.9375293151969981,0.9529166666666666,1.0,0.9139285714285689,0.939375,12617,12638,ATCTTGATATGGAACTTTGAGC,0.9630681818181818,0.3125,2,0,14440,14461,CTCCCCAGGAGACACCAAGGAG,0.9801136363636364,0.75,2,0,1926,1971.6833333333334,56,28.0,0.10690872415532023,0.2632398753894081,0.12589194699286443,-0.13734792839654364,95,47.5,0.10690872415532023,0.0125,0.08922305764411027,-0.017685666511209952,56,151,28.0,0,-0.13734792839654364,False
445,12401,14544,2144,2000,2000.0,1981,2023,1981.5,2015.0,0.9328649720149254,0.9175,0.9870833333333333,0.924275793650789,0.9334166666666655,12617,12638,ATCTTGATATGGAACTTTGAGC,0.9630681818181818,0.3125,2,0,14440,14461,CTCCCCAGGAGACACCAAGGAG,0.9801136363636364,0.75,2,0,1926,1971.2833333333333,55,27.5,0.1147043961596766,0.2677737415672029,0.12893401015228426,-0.13883973141491865,91,45.5,0.1147043961596766,0.013,0.09022556390977443,-0.024478832249902174,55,146,27.5,0,-0.13883973141491865,False
446,12601,14722,2122,2000,2000.0,1971,2023,1976.0,2013.0,0.9416234684260132,0.895,1.0,0.904880952380942,0.9379166666666666,12617,12638,ATCTTGATATGGAACTTTGAGC,0.9630681818181818,0.3125,2,0,14440,14461,CTCCCCAGGAGACACCAAGGAG,0.9801136363636364,0.75,2,0,1928,1972.175,50,25.0,0.10025445292620865,0.26556016597510373,0.11782630777044185,-0.1477338582046619,98,49.0,0.0978315683308119,0.013,0.08721804511278196,-0.010613523218029941,50,148,25.0,0,-0.1477338582046619,False
447,12401,14036,1636,1500,1500.0,1480,1522,1480.5,1514.0,0.9162591687041565,0.9175,1.0,0.924275793650789,0.9495833333333333,12617,12638,ATCTTGATATGGAACTTTGAGC,0.9630681818181818,0.3125,2,0,13900,13921,TAAGACGACCCATCACCAGGAT,0.9829545454545454,0.75,2,0,1425,1470.6583333333333,47,31.333333333333332,0.12221471978392978,0.28401122019635344,0.1373215499660095,-0.14668967023034393,57,38.0,0.12221471978392978,0.015343562374916611,0.08902275769745649,-0.03319196208647329,47,104,31.333333333333332,0,-0.14668967023034393,False
448,12501,14124,1624,1500,1500.5,1468,1522,1474.5,1514.0,0.9222598522167488,0.9529166666666666,1.0,0.9139285714285689,0.9454166666666667,12617,12638,ATCTTGATATGGAACTTTGAGC,0.9630681818181818,0.3125,2,0,13900,13921,TAAGACGACCCATCACCAGGAT,0.9829545454545454,0.75,2,0,1425,1471.0583333333334,46,30.65644785071643,0.11515151515151516,0.27980364656381485,0.13324269204622705,-0.1465609545175878,63,41.98600466511163,0.11515151515151516,0.014009339559706471,0.08768406961178045,-0.02746744553973471,46,109,30.65644785071643,0,-0.1465609545175878,False
449,12401,15555,3155,3000,3000.5,2983,3023,2983.5,3016.0,0.9512678288431062,0.9175,0.9883333333333333,0.924275793650789,0.9214484126984098,12617,12638,ATCTTGATATGGAACTTTGAGC,0.9630681818181818,0.3125,2,0,15319,15340,TAGACATTAGCATATGAAGCTG,0.9630681818181818,0.625,3,0,2924,2970.8,59,19.66338943509415,0.10577243910577244,0.25316023231978135,0.11265223274695535,-0.140507999572826,179,59.656723879353436,0.087248322147651,0.01300433477825942,0.09616026711185309,0.008911944964202084,59,238,19.66338943509415,1,-0.140507999572826,False
450,12601,16331,3731,3500,3500.5,3455,3521,3474.0,3511.0,0.9375502546234253,0.895,0.8922916666666667,0.904880952380942,0.9135297619047621,12617,12638,ATCTTGATATGGAACTTTGAGC,0.9630681818181818,0.3125,2,0,16288,16309,CTGACAAGGCCAACAAGGGCCA,0.9829545454545454,0.625,1,0,3342,3443.075,56,15.997714612198257,0.11246730601569312,0.26710487003286526,0.11040462427745665,-0.1567002457554086,233,66.56191972575346,0.08083140877598152,0.01143837575064341,0.1037463976945245,0.022914988918542975,56,289,15.997714612198257,1,-0.1567002457554086,False
451,12601,14217,1617,1500,1500.0,1470,1522,1475.0,1512.0,0.9258271490414347,0.895,0.99,0.904880952380942,0.9289583333333333,12617,12638,ATCTTGATATGGAACTTTGAGC,0.9630681818181818,0.3125,2,0,13927,13948,CAAATGGTCGTCGCCCAAATCT,0.9829545454545454,0.625,1,0,1427,1471.55,45,30.0,0.10841750841750841,0.28291316526610644,0.12993197278911564,-0.1529811924769908,67,44.666666666666664,0.10841750841750841,0.0133422281521014,0.08500669344042838,-0.02341081497708003,45,112,30.0,0,-0.1529811924769908,False
452,14801,16411,1611,1500,1500.0,1485,1518,1490.0,1515.0,0.9321849782743638,0.9789583333333334,0.9216666666666666,0.9372916666666666,0.911029761904762,14840,14861,TGTGGCTCACGGCTTTCCTAGG,0.96875,0.3125,1,0,16288,16309,CTGACAAGGCCAACAAGGGCCA,0.9829545454545454,0.625,1,0,1410,1472.6583333333333,7,4.666666666666667,0.12999322951929587,0.27323943661971833,0.09316353887399464,-0.1800758977457237,137,91.33333333333333,0.06836461126005362,0.009339559706470981,0.1222972972972973,0.053932686037243674,7,144,4.666666666666667,1,-0.1800758977457237,False
453,12501,16238,3738,3500,3500.0,3457,3519,3474.5,3509.0,0.9356440609951846,0.9529166666666666,0.8429166666666666,0.9139285714285689,0.9188852258852178,12617,12638,ATCTTGATATGGAACTTTGAGC,0.9630681818181818,0.3125,2,0,15988,16009,TCATGCAATCCTAAACTAGGCC,0.9573863636363636,0.5,2,0,3343,3442.0333333333333,62,17.714285714285715,0.11224193079383542,0.2650746268656716,0.11364950838635049,-0.15142511847932114,232,66.28571428571429,0.08403118683222639,0.0117310443490701,0.1046712802768166,0.02064009344459021,62,294,17.714285714285715,1,-0.15142511847932114,False
454,12401,16132,3732,3500,3500.5,3455,3523,3475.0,3513.0,0.9377177116827439,0.9175,0.8435416666666666,0.924275793650789,0.9228389295889186,12617,12638,ATCTTGATATGGAACTTTGAGC,0.9630681818181818,0.3125,2,0,15988,16009,TCATGCAATCCTAAACTAGGCC,0.9573863636363636,0.5,2,0,3347,3445.016666666667,62,17.711755463505213,0.11283822682786414,0.2642409782284521,0.11409589832466782,-0.15014507990378428,228,65.13355234966433,0.08681857513700605,0.012575021434695627,0.1054147465437788,0.01859617140677275,62,290,17.711755463505213,1,-0.15014507990378428,False
455,12501,15658,3158,3000,3000.5,2974,3023,2978.5,3016.0,0.9501068714376187,0.9529166666666666,0.9397916666666667,0.9139285714285689,0.9032936507936453,12617,12638,ATCTTGATATGGAACTTTGAGC,0.9630681818181818,0.3125,2,0,15436,15457,TCCGCTTTCTTTCTATCATAAA,0.9630681818181818,0.4375,3,0,2915,2968.9166666666665,60,19.996667222129645,0.10829723425524825,0.2558299039780521,0.11623989218328841,-0.1395900117947637,191,63.656057323779365,0.08512064343163539,0.012004001333777926,0.0988313856427379,0.013710742211102508,60,251,19.996667222129645,1,-0.1395900117947637,False
