Genome_ID,Gene,Reference_ID,Chromosome_or_Contig,Strand,Reference_hit_group,Start,End,HSP_count,Query_length,Query_covered_bp,Combined_query_coverage,Weighted_percent_identity,Total_bitscore,Best_evalue,Total_alignment_length,Combined_query_coverage_percent,Pass_coverage_filter
GCA_001292635.1,TRI1,TRI1|F_sporotrichioides,JXCE01000207.1,+,1,10377,12233,5,1629,1629,1.0,97.00679780085524,2755,0.0,1637,100.0,True
GCA_001292635.1,TRI5,TRI5|Fusarium_graminearum,JXCE01000103.1,-,1,25891,27072,2,1128,1126,0.99822695035461,87.16817079646017,1274,0.0,1130,99.822695035461,True
GCA_001292635.1,TRI5,TRI5|Fusarium_graminearum,JXCE01000757.1,+,1,463,1617,2,1128,1126,0.99822695035461,85.14570910698498,1120,0.0,1131,99.822695035461,True
GCA_001292635.1,TRI5,TRI5|Fsporotrichioides_NRRL3299,JXCE01000103.1,-,1,25889,27072,1,1185,1185,1.0,97.975,2054,0.0,1185,100.0,True
GCA_001292635.1,TRI5,TRI5|Fsporotrichioides_NRRL3299,JXCE01000757.1,+,1,463,1619,1,1185,1185,1.0,88.458,1404,0.0,1187,100.0,True
GCA_001292635.1,TRI5,TRI5|Fusarium_pseudograminearum_CS3096,JXCE01000103.1,-,1,25889,26544,1,1128,659,0.5842198581560284,86.536,721,0.0,661,58.42198581560284,False
GCA_001292635.1,TRI5,TRI5|Fusarium_pseudograminearum_CS3096,JXCE01000757.1,+,1,463,1619,2,1128,1128,1.0,85.76498054818744,1163,0.0,1131,100.0,True
GCA_001292635.1,TRI5,TRI5|Fusarium_poae,JXCE01000757.1,+,1,463,1619,2,1134,1134,1.0,88.53652469135803,1340,0.0,1134,100.0,True
GCA_001292635.1,TRI5,TRI5|Fusarium_poae,JXCE01000103.1,-,1,25889,27072,2,1134,1134,1.0,89.77027777777778,1444,0.0,1134,100.0,True
GCA_001292635.1,TRI6,TRI6|Fusarium_graminearum,JXCE01000103.1,-,1,29370,30023,1,657,657,1.0,85.693,689,0.0,657,100.0,True
GCA_001292635.1,TRI6,TRI6|Fusarium_graminearum,JXCE01000519.1,+,1,3765,4352,1,657,591,0.8995433789954338,86.125,634,0.0,591,89.95433789954338,True
GCA_001292635.1,TRI6,TRI6|Fusarium_sporotrichioides,JXCE01000103.1,-,1,29370,30023,1,657,657,1.0,92.39,933,0.0,657,100.0,True
GCA_001292635.1,TRI6,TRI6|Fusarium_sporotrichioides,JXCE01000519.1,+,1,3765,4352,1,657,591,0.8995433789954338,91.878,822,0.0,591,89.95433789954338,True
GCA_001292635.1,TRI6,TRI6|Fusarium_pseudograminearum_CS3096,JXCE01000103.1,-,1,29370,30023,1,657,657,1.0,85.693,689,0.0,657,100.0,True
GCA_001292635.1,TRI6,TRI6|Fusarium_pseudograminearum_CS3096,JXCE01000519.1,+,1,3765,4352,1,657,591,0.8995433789954338,86.125,634,0.0,591,89.95433789954338,True
GCA_001292635.1,TRI6,TRI6|Fusarium_poae,JXCE01000103.1,-,1,29370,30023,2,693,664,0.9581529581529582,87.80135542168675,775,2.4699999999999997e-176,664,95.81529581529583,True
GCA_001292635.1,TRI6,TRI6|Fusarium_poae,JXCE01000519.1,+,1,3765,4351,2,693,597,0.8614718614718615,88.29432441471572,712,9.12e-156,598,86.14718614718615,True
GCA_001292635.1,TRI8,TRI8|Fusarium_graminearum_PH-1,JXCE01000103.1,+,1,38267,39595,1,1338,1323,0.9887892376681614,81.77,1103,0.0,1333,98.87892376681614,True
GCA_001292635.1,TRI8,TRI8|Fusarium_sporotrichioides,JXCE01000103.1,+,1,38267,39610,1,1344,1344,1.0,97.917,2327,0.0,1344,100.0,True
GCA_001292635.1,TRI8,TRI8|Fusarium_pseudograminearum_CS3096,JXCE01000103.1,+,1,38267,39495,1,1299,1225,0.9430331023864511,81.818,1026,0.0,1232,94.30331023864511,True
GCA_001292635.1,TRI8,TRI8|Fusarium_poae,JXCE01000103.1,+,1,38267,39610,1,1341,1341,1.0,84.621,1332,0.0,1346,100.0,True
GCA_001292635.1,TRI11,TRI11|Fusarium_graminearum_PH-1,JXCE01000103.1,+,1,20461,22081,3,1479,1105,0.7471264367816092,86.15387692307692,1195,0.0,1105,74.71264367816092,True
GCA_001292635.1,TRI11,TRI11|Fusarium_sporotrichioides,JXCE01000103.1,+,1,20360,22081,1,1722,1722,1.0,98.60599999999998,3048,0.0,1722,100.0,True
GCA_001292635.1,TRI11,TRI11|Fusarium_pseudograminearum,JXCE01000103.1,+,1,20461,22081,3,1479,1105,0.7471264367816092,87.07075497287522,1250,0.0,1106,74.71264367816092,True
GCA_001292635.1,TRI11,TRI11|Fusarium_poae,JXCE01000103.1,+,1,20458,21863,3,1479,1271,0.8593644354293442,88.82754523996853,1562,0.0,1271,85.93644354293441,True
GCA_001292635.1,TRI12,TRI12|Fusarium_graminearum,JXCE01000103.1,+,1,17871,18467,1,1872,594,0.3173076923076923,80.936,468,7.26e-131,598,31.73076923076923,False
GCA_001292635.1,TRI12,TRI12|Fusarium_sporotrichioides,JXCE01000103.1,+,1,17849,19750,1,1902,1902,1.0,98.265,3330,0.0,1902,100.0,True
GCA_001292635.1,TRI12,TRI12|Fusarium_pseudograminearum,JXCE01000103.1,+,1,17860,18466,1,1797,604,0.3361157484696717,81.908,508,4.11e-143,608,33.611574846967166,False
GCA_001292635.1,TRI13,TRI13|Fusarium_poae,JXCE01000103.1,+,1,15244,17069,2,1764,1754,0.9943310657596371,85.22895415959252,1805,0.0,1767,99.43310657596372,True
GCA_001292635.1,TRI7,TRI7|Fusarium_poae,JXCE01000103.1,-,1,36763,37612,1,1398,849,0.6072961373390557,84.841,854,0.0,851,60.72961373390557,False
GCA_001292635.1,TRI3,TRI3|Fusarium_pseudograminearum_CS3096,JXCE01000103.1,-,1,34107,35429,2,1554,1258,0.8095238095238095,83.6877730496454,1185,0.0,1269,80.95238095238095,True
GCA_001292635.1,TRI3,TRI3|Fusarium_poae,JXCE01000103.1,-,1,34641,35421,1,1560,781,0.5006410256410256,84.694,778,0.0,784,50.06410256410256,False
GCA_001292635.1,TRI4,TRI4|F_graminearum_PH-1,JXCE01000103.1,+,1,31144,32403,2,1563,1201,0.7683941138835573,87.05429294605808,1355,0.0,1205,76.83941138835573,True
GCA_001292635.1,TRI4,TRI4|Fusarium_pseudograminearum,JXCE01000103.1,+,1,31144,32410,2,1563,1209,0.7735124760076776,85.84387160493827,1285,0.0,1215,77.35124760076776,True
GCA_001292635.1,TRI4,TRI4|Fusarium_poae,JXCE01000103.1,+,1,31445,32629,2,1563,1124,0.7191298784388995,88.35541599999999,1352,0.0,1125,71.91298784388995,True
GCA_001292635.1,TRI10,TRI10|Fusarium_pseudograminearum_CS3096,JXCE01000103.1,-,1,23938,24816,1,1263,879,0.6959619952494062,86.364,959,0.0,880,69.59619952494062,False
GCA_001292635.1,TRI10,TRI10|Fusarium_poae,JXCE01000103.1,-,1,23933,25272,2,1263,1263,1.0,88.2215604743083,1512,0.0,1265,100.0,True
GCA_001292635.1,TRI9,TRI9|XM_044858471.1:1-132,JXCE01000103.1,+,1,23171,23302,1,132,132,1.0,89.394,167,1.75e-41,132,100.0,True
GCA_001292635.1,TRI14,TRI14|F_graminearum_PH-1,JXCE01000103.1,-,1,13420,14347,1,1116,928,0.8315412186379928,85.345,961,0.0,928,83.15412186379928,True
GCA_001292635.1,TRI14,TRI14|F_poae,JXCE01000103.1,-,1,13420,14344,1,928,925,0.9967672413793104,88.865,1138,0.0,925,99.67672413793103,True
GCA_001292635.1,TRI16,TRI16|TRI16_Fsporotrichioides_,JXCE01000207.1,-,1,14830,16311,1,1482,1482,1.0,97.90799999999999,2566,0.0,1482,100.0,True
GCA_001292635.1,TRI17,TRI17|F_graminearum_PH-1,JXCE01000009.1,-,1,51293,52054,1,756,756,1.0,91.406,1037,0.0,768,100.0,True
GCA_001292635.1,TRI20,TRI20|F_graminearum_PH-1,JXCE01000009.1,+,1,62659,63356,1,749,698,0.931909212283044,89.398,880,0.0,698,93.1909212283044,True
GCA_001292635.1,TRI21,TRI21|F_graminearum_PH-1,JXCE01000009.1,-,1,65997,66790,1,827,794,0.9600967351874244,93.325,1173,0.0,794,96.00967351874245,True
GCA_001292635.1,TRI22,TRI22|Fusarium_graminearum_PH-1,JXCE01000313.1,-,1,14750,16557,3,1681,1679,0.998810232004759,92.30328833629366,2384,0.0,1689,99.88102320047591,True
GCA_001292635.1,TRI101,TRI101|Fusarium_graminearum_PH-1,JXCE01000313.1,+,1,20806,23318,2,2469,2469,1.0,91.72368631408962,3423,0.0,2477,100.0,True
GCA_001292635.1,TRI201,TRI201|Fusarium_graminearum_PH-1,JXCE01000313.1,+,1,18089,19461,3,1267,1267,1.0,92.38013275726631,1810,0.0,1273,100.0,True
GCA_014898995.1,TRI1,TRI1|F_sporotrichioides,JAAVUF010001900.1,-,1,2334,4192,4,1629,1561,0.958256599140577,98.14951627313339,2736,0.0,1567,95.82565991405771,True
GCA_014898995.1,TRI5,TRI5|Fusarium_graminearum,JAAVUF010001174.1,-,1,29560,30742,2,1128,1126,0.99822695035461,86.99085309734514,1263,0.0,1130,99.822695035461,True
GCA_014898995.1,TRI5,TRI5|Fusarium_graminearum,JAAVUF010000139.1,+,1,53,706,1,1128,657,0.5824468085106383,84.894,656,0.0,662,58.24468085106383,False
GCA_014898995.1,TRI5,TRI5|Fusarium_graminearum,JAAVUF010002526.1,-,1,7,475,1,1128,469,0.4157801418439716,90.832,628,2.0300000000000003e-179,469,41.57801418439716,False
GCA_014898995.1,TRI5,TRI5|Fusarium_graminearum,JAAVUF010002527.1,-,1,12,480,1,1128,469,0.4157801418439716,90.192,612,2.05e-174,469,41.57801418439716,False
GCA_014898995.1,TRI5,TRI5|Fsporotrichioides_NRRL3299,JAAVUF010001174.1,-,1,29558,30742,1,1185,1185,1.0,97.806,2045,0.0,1185,100.0,True
GCA_014898995.1,TRI5,TRI5|Fsporotrichioides_NRRL3299,JAAVUF010000139.1,+,1,1,708,1,1185,709,0.5983122362869199,90.577,937,0.0,711,59.83122362869199,False
GCA_014898995.1,TRI5,TRI5|Fsporotrichioides_NRRL3299,JAAVUF010002526.1,-,1,1,475,1,1185,475,0.4008438818565401,90.737,634,0.0,475,40.08438818565401,False
GCA_014898995.1,TRI5,TRI5|Fsporotrichioides_NRRL3299,JAAVUF010002527.1,-,1,1,480,1,1185,480,0.4050632911392405,90.208,627,7.69e-179,480,40.50632911392405,False
GCA_014898995.1,TRI5,TRI5|Fusarium_pseudograminearum_CS3096,JAAVUF010001174.1,-,1,29558,30213,1,1128,659,0.5842198581560284,86.082,704,0.0,661,58.42198581560284,False
GCA_014898995.1,TRI5,TRI5|Fusarium_pseudograminearum_CS3096,JAAVUF010000139.1,+,1,53,708,1,1128,659,0.5842198581560284,85.952,699,0.0,662,58.42198581560284,False
GCA_014898995.1,TRI5,TRI5|Fusarium_pseudograminearum_CS3096,JAAVUF010002526.1,-,1,7,475,1,1128,469,0.4157801418439716,91.045,634,0.0,469,41.57801418439716,False
GCA_014898995.1,TRI5,TRI5|Fusarium_pseudograminearum_CS3096,JAAVUF010002527.1,-,1,12,480,1,1128,469,0.4157801418439716,89.552,595,2.0600000000000002e-169,469,41.57801418439716,False
GCA_014898995.1,TRI5,TRI5|Fusarium_poae,JAAVUF010001174.1,-,1,29558,30742,2,1134,1134,1.0,90.38812345679013,1482,0.0,1134,100.0,True
GCA_014898995.1,TRI5,TRI5|Fusarium_poae,JAAVUF010000139.1,+,1,53,708,1,1134,665,0.5864197530864198,90.226,859,0.0,665,58.64197530864198,False
GCA_014898995.1,TRI5,TRI5|Fusarium_poae,JAAVUF010002526.1,-,1,7,475,1,1134,469,0.41358024691358025,91.045,634,0.0,469,41.358024691358025,False
GCA_014898995.1,TRI5,TRI5|Fusarium_poae,JAAVUF010002527.1,-,1,12,480,1,1134,469,0.41358024691358025,89.979,606,9.58e-173,469,41.358024691358025,False
GCA_014898995.1,TRI6,TRI6|Fusarium_graminearum,JAAVUF010002821.1,+,1,325,978,1,657,657,1.0,86.606,723,0.0,657,100.0,True
GCA_014898995.1,TRI6,TRI6|Fusarium_graminearum,JAAVUF010001174.1,-,1,33035,33688,1,657,657,1.0,85.388,678,0.0,657,100.0,True
GCA_014898995.1,TRI6,TRI6|Fusarium_sporotrichioides,JAAVUF010002821.1,+,1,325,978,1,657,657,1.0,92.39,933,0.0,657,100.0,True
GCA_014898995.1,TRI6,TRI6|Fusarium_sporotrichioides,JAAVUF010001174.1,-,1,33035,33688,1,657,657,1.0,91.933,917,0.0,657,100.0,True
GCA_014898995.1,TRI6,TRI6|Fusarium_pseudograminearum_CS3096,JAAVUF010002821.1,+,1,325,978,1,657,657,1.0,86.454,717,0.0,657,100.0,True
GCA_014898995.1,TRI6,TRI6|Fusarium_pseudograminearum_CS3096,JAAVUF010001174.1,-,1,33035,33688,1,657,657,1.0,85.388,678,0.0,657,100.0,True
GCA_014898995.1,TRI6,TRI6|Fusarium_poae,JAAVUF010002821.1,+,1,325,978,2,693,664,0.9581529581529582,89.02288721804511,819,0.0,665,95.81529581529583,True
GCA_014898995.1,TRI6,TRI6|Fusarium_poae,JAAVUF010001174.1,-,1,33035,33688,2,693,664,0.9581529581529582,87.19913253012048,753,1.25e-169,664,95.81529581529583,True
GCA_014898995.1,TRI8,TRI8|Fusarium_graminearum_PH-1,JAAVUF010001189.1,+,1,2517,3845,1,1338,1323,0.9887892376681614,81.362,1070,0.0,1336,98.87892376681614,True
GCA_014898995.1,TRI8,TRI8|Fusarium_sporotrichioides,JAAVUF010001189.1,+,1,2517,3860,1,1344,1344,1.0,98.958,2405,0.0,1344,100.0,True
GCA_014898995.1,TRI8,TRI8|Fusarium_pseudograminearum_CS3096,JAAVUF010001189.1,+,1,2517,3745,1,1299,1225,0.9430331023864511,81.037,970,0.0,1234,94.30331023864511,True
GCA_014898995.1,TRI8,TRI8|Fusarium_poae,JAAVUF010001189.1,+,1,2517,3860,1,1341,1341,1.0,84.547,1327,0.0,1346,100.0,True
GCA_014898995.1,TRI11,TRI11|Fusarium_graminearum_PH-1,JAAVUF010001174.1,+,1,24132,25752,3,1479,1105,0.7471264367816092,86.33500452488687,1207,0.0,1105,74.71264367816092,True
GCA_014898995.1,TRI11,TRI11|Fusarium_sporotrichioides,JAAVUF010001174.1,+,1,24031,25752,1,1722,1722,1.0,98.60599999999998,3048,0.0,1722,100.0,True
GCA_014898995.1,TRI11,TRI11|Fusarium_pseudograminearum,JAAVUF010001174.1,+,1,24132,25752,4,1479,1420,0.9601081812035159,87.1218233638283,1611,0.0,1421,96.01081812035159,True
GCA_014898995.1,TRI11,TRI11|Fusarium_poae,JAAVUF010001174.1,+,1,24129,25534,3,1479,1271,0.8593644354293442,89.45705114083398,1607,0.0,1271,85.93644354293441,True
GCA_014898995.1,TRI12,TRI12|Fusarium_graminearum,JAAVUF010001174.1,+,1,22921,23452,1,1872,533,0.2847222222222222,78.957,357,1.77e-97,537,28.47222222222222,False
GCA_014898995.1,TRI12,TRI12|Fusarium_sporotrichioides,JAAVUF010001174.1,+,1,21486,23387,1,1902,1902,1.0,99.054,3413,0.0,1902,100.0,True
GCA_014898995.1,TRI13,TRI13|Fusarium_poae,JAAVUF010001174.1,+,1,18881,20706,2,1764,1754,0.9943310657596371,85.39881380871533,1822,0.0,1767,99.43310657596372,True
GCA_014898995.1,TRI7,TRI7|Fusarium_poae,JAAVUF010001189.1,-,1,1014,1865,1,1398,851,0.6087267525035766,84.291,830,0.0,853,60.87267525035765,False
GCA_014898995.1,TRI3,TRI3|Fusarium_pseudograminearum_CS3096,JAAVUF010002883.1,-,1,1556,2344,1,1554,780,0.5019305019305019,83.65,734,0.0,789,50.19305019305019,False
GCA_014898995.1,TRI3,TRI3|Fusarium_poae,JAAVUF010002883.1,-,1,570,865,2,1560,244,0.1564102564102564,88.57142857142857,297,2.0800000000000002e-36,245,15.64102564102564,False
GCA_014898995.1,TRI3,TRI3|Fusarium_poae,JAAVUF010002883.1,-,2,1556,2336,1,1560,781,0.5006410256410256,85.842,828,0.0,784,50.06410256410256,False
GCA_014898995.1,TRI4,TRI4|F_graminearum_PH-1,JAAVUF010001174.1,+,1,34814,35055,1,1563,242,0.1548304542546385,90.53499999999998,320,1.94e-86,243,15.483045425463851,False
GCA_014898995.1,TRI4,TRI4|Fusarium_pseudograminearum,JAAVUF010001174.1,+,1,34814,35058,1,1563,245,0.15674984005118361,87.398,281,9.14e-75,246,15.674984005118361,False
GCA_014898995.1,TRI4,TRI4|Fusarium_poae,JAAVUF010001174.1,+,1,35115,36556,3,1563,1311,0.8387715930902111,88.25347444698703,1570,0.0,1311,83.87715930902111,True
GCA_014898995.1,TRI10,TRI10|Fusarium_pseudograminearum_CS3096,JAAVUF010001174.1,-,1,27606,28484,1,1263,879,0.6959619952494062,86.023,942,0.0,880,69.59619952494062,False
GCA_014898995.1,TRI10,TRI10|Fusarium_poae,JAAVUF010001174.1,-,1,27601,28940,2,1263,1263,1.0,88.2215604743083,1512,0.0,1265,100.0,True
GCA_014898995.1,TRI9,TRI9|XM_044858471.1:1-132,JAAVUF010001174.1,+,1,26837,26968,1,132,132,1.0,89.394,167,1.89e-41,132,100.0,True
GCA_014898995.1,TRI14,TRI14|F_graminearum_PH-1,JAAVUF010001174.1,-,1,16940,17867,1,1116,928,0.8315412186379928,85.129,950,0.0,928,83.15412186379928,True
GCA_014898995.1,TRI14,TRI14|F_poae,JAAVUF010001174.1,-,1,16940,17864,1,928,925,0.9967672413793104,89.297,1160,0.0,925,99.67672413793103,True
GCA_014898995.1,TRI16,TRI16|TRI16_Fsporotrichioides_,JAAVUF010001876.1,+,1,3236,4717,1,1482,1482,1.0,98.718,2632,0.0,1482,100.0,True
GCA_014898995.1,TRI17,TRI17|F_graminearum_PH-1,JAAVUF010000721.1,-,1,44538,45299,1,756,756,1.0,91.016,1020,0.0,768,100.0,True
GCA_014898995.1,TRI20,TRI20|F_graminearum_PH-1,JAAVUF010000721.1,+,1,56277,56974,1,749,698,0.931909212283044,89.971,902,0.0,698,93.1909212283044,True
GCA_014898995.1,TRI21,TRI21|F_graminearum_PH-1,JAAVUF010000721.1,-,1,59651,60444,1,827,794,0.9600967351874244,92.821,1151,0.0,794,96.00967351874245,True
GCA_014898995.1,TRI22,TRI22|Fusarium_graminearum_PH-1,JAAVUF010000518.1,+,1,29674,31482,3,1681,1679,0.998810232004759,92.48975162625666,2400,0.0,1691,99.88102320047591,True
GCA_014898995.1,TRI101,TRI101|Fusarium_graminearum_PH-1,JAAVUF010000518.1,-,1,22897,25416,2,2469,2466,0.9987849331713244,91.91258026688233,3449,0.0,2473,99.87849331713244,True
GCA_014898995.1,TRI201,TRI201|Fusarium_graminearum_PH-1,JAAVUF010000518.1,-,1,26772,28140,3,1267,1267,1.0,92.22309347996857,1795,0.0,1273,100.0,True
GCA_016952305.1,TRI1,TRI1|F_pseudograminearum_CS3096,CP064755.1,+,1,277910,279663,5,1539,1538,0.9993502274204028,98.8976990920882,2756,0.0,1542,99.93502274204027,True
GCA_016952305.1,TRI5,TRI5|Fusarium_graminearum,CP064753.1,-,1,5628092,5629283,2,1128,1127,0.999113475177305,95.65250931677018,1811,0.0,1127,99.91134751773049,True
GCA_016952305.1,TRI5,TRI5|Fsporotrichioides_NRRL3299,CP064753.1,-,1,5628093,5629283,1,1185,1183,0.9983122362869198,84.983,1201,0.0,1192,99.83122362869197,True
GCA_016952305.1,TRI5,TRI5|Fusarium_pseudograminearum_CS3096,CP064753.1,-,1,5628093,5629283,2,1128,1126,0.99822695035461,99.11199111900532,2026,0.0,1126,99.822695035461,True
GCA_016952305.1,TRI5,TRI5|Fusarium_poae,CP064753.1,-,1,5628093,5629283,2,1134,1124,0.9911816578483245,87.2115621669627,1274,0.0,1126,99.11816578483244,True
GCA_016952305.1,TRI6,TRI6|Fusarium_graminearum,CP064753.1,-,1,5632136,5632792,1,657,657,1.0,95.434,1048,0.0,657,100.0,True
GCA_016952305.1,TRI6,TRI6|Fusarium_sporotrichioides,CP064753.1,-,1,5632136,5632792,1,657,657,1.0,83.182,599,8.55e-171,660,100.0,True
GCA_016952305.1,TRI6,TRI6|Fusarium_pseudograminearum_CS3096,CP064753.1,-,1,5632136,5632792,1,657,657,1.0,95.586,1053,0.0,657,100.0,True
GCA_016952305.1,TRI6,TRI6|Fusarium_poae,CP064753.1,-,1,5632136,5632792,2,693,664,0.9581529581529582,87.3686917293233,763,8.97e-176,665,95.81529581529583,True
GCA_016952305.1,TRI8,TRI8|Fusarium_graminearum_PH-1,CP064753.1,+,1,5641527,5642859,1,1338,1336,0.9985052316890882,87.36,1528,0.0,1337,99.85052316890882,True
GCA_016952305.1,TRI8,TRI8|Fusarium_sporotrichioides,CP064753.1,+,1,5641527,5642754,1,1344,1229,0.9144345238095238,83.36,1133,0.0,1232,91.44345238095238,True
GCA_016952305.1,TRI8,TRI8|Fusarium_pseudograminearum_CS3096,CP064753.1,+,1,5641527,5642790,1,1299,1261,0.970746728252502,88.486,1522,0.0,1268,97.07467282525019,True
GCA_016952305.1,TRI8,TRI8|Fusarium_poae,CP064753.1,+,1,5641527,5642784,1,1341,1264,0.9425801640566741,81.304,1011,0.0,1273,94.2580164056674,True
GCA_016952305.1,TRI11,TRI11|Fusarium_graminearum_PH-1,CP064753.1,+,1,5622440,5624070,4,1479,1428,0.9655172413793104,94.28151603905161,2196,0.0,1434,96.55172413793103,True
GCA_016952305.1,TRI11,TRI11|Fusarium_sporotrichioides,CP064753.1,+,1,5622335,5624070,1,1722,1722,1.0,85.19800000000001,1764,0.0,1743,100.0,True
GCA_016952305.1,TRI11,TRI11|Fusarium_pseudograminearum,CP064753.1,+,1,5622444,5624070,4,1479,1424,0.9628127112914131,94.40570279720279,2200,0.0,1430,96.28127112914132,True
GCA_016952305.1,TRI11,TRI11|Fusarium_poae,CP064753.1,+,1,5622444,5623848,3,1479,1266,0.8559837728194726,88.01265536277603,1498,0.0,1268,85.59837728194725,True
GCA_016952305.1,TRI12,TRI12|Fusarium_graminearum,CP064753.1,+,1,5619793,5621769,3,1872,1866,0.9967948717948718,91.33681390374332,2551,0.0,1870,99.67948717948718,True
GCA_016952305.1,TRI12,TRI12|Fusarium_sporotrichioides,CP064753.1,+,1,5619793,5621666,1,1902,1877,0.9868559411146162,80.467,1424,0.0,1884,98.68559411146161,True
GCA_016952305.1,TRI12,TRI12|Fusarium_pseudograminearum,CP064753.1,+,1,5619793,5621688,3,1797,1791,0.996661101836394,92.14041137123746,2530,0.0,1794,99.6661101836394,True
GCA_016952305.1,TRI12,TRI12|Fusarium_poae,CP064753.1,+,1,5619793,5620407,1,1800,615,0.3416666666666667,80.551,472,5.46e-132,617,34.166666666666664,False
GCA_016952305.1,TRI7,TRI7|Fusarium_poae,CP064753.1,-,1,5639461,5640883,2,1398,1375,0.9835479256080114,82.00306894049346,1161,0.0,1378,98.35479256080114,True
GCA_016952305.1,TRI3,TRI3|Fusarium_pseudograminearum_CS3096,CP064753.1,-,1,5636887,5638654,4,1554,1519,0.9774774774774775,93.12344138834315,2238,0.0,1527,97.74774774774775,True
GCA_016952305.1,TRI3,TRI3|Fusarium_poae,CP064753.1,-,1,5637875,5638642,1,1560,774,0.49615384615384617,83.892,732,0.0,776,49.61538461538461,False
GCA_016952305.1,TRI4,TRI4|F_graminearum_PH-1,CP064753.1,+,1,5633968,5635711,4,1563,1555,0.9948816378758797,96.40117223650387,2564,0.0,1556,99.48816378758796,True
GCA_016952305.1,TRI4,TRI4|Fusarium_pseudograminearum,CP064753.1,+,1,5633968,5635711,4,1563,1563,1.0,98.46655846645369,2760,0.0,1565,100.0,True
GCA_016952305.1,TRI4,TRI4|Fusarium_poae,CP064753.1,+,1,5634269,5635711,2,1563,1152,0.7370441458733206,86.20991500433652,1247,0.0,1153,73.70441458733205,True
GCA_016952305.1,TRI10,TRI10|Fusarium_pseudograminearum_CS3096,CP064753.1,-,1,5626019,5627374,2,1263,1258,0.9960411718131433,94.8457874702617,1970,0.0,1261,99.60411718131434,True
GCA_016952305.1,TRI10,TRI10|Fusarium_poae,CP064753.1,-,1,5626014,5627374,2,1263,1262,0.9992082343626286,85.1150380047506,1290,0.0,1263,99.92082343626286,True
GCA_016952305.1,TRI9,TRI9|F_graminearum_PH-1,CP064753.1,+,1,5625296,5625427,1,132,132,1.0,96.212,217,1.74e-56,132,100.0,True
GCA_016952305.1,TRI9,TRI9|XM_044858471.1:1-132,CP064753.1,+,1,5625296,5625427,1,132,132,1.0,86.364,145,8.300000000000001e-35,132,100.0,True
GCA_016952305.1,TRI14,TRI14|F_graminearum_PH-1,CP064753.1,-,1,5615272,5616444,2,1116,1115,0.9991039426523297,95.702866606983,1798,0.0,1117,99.91039426523297,True
GCA_016952305.1,TRI14,TRI14|F_poae,CP064753.1,-,1,5615273,5616197,1,928,925,0.9967672413793104,86.177,1000,0.0,926,99.67672413793103,True
GCA_016952305.1,TRI17,TRI17|F_graminearum_PH-1,CP064756.1,-,1,3660284,3661035,1,756,753,0.996031746031746,96.54700000000001,1245,0.0,753,99.60317460317461,True
GCA_016952305.1,TRI20,TRI20|F_graminearum_PH-1,CP064756.1,+,1,3671784,3672484,1,749,701,0.9359145527369827,95.863,1134,0.0,701,93.59145527369826,True
GCA_016952305.1,TRI21,TRI21|F_graminearum_PH-1,CP064756.1,-,1,3675089,3675882,1,827,794,0.9600967351874244,96.474,1312,0.0,794,96.00967351874245,True
GCA_016952305.1,TRI22,TRI22|Fusarium_graminearum_PH-1,CP064753.1,-,1,4827157,4828970,3,1681,1681,1.0,97.39055634638197,2865,0.0,1686,100.0,True
GCA_016952305.1,TRI101,TRI101|Fusarium_graminearum_PH-1,CP064753.1,+,1,4833239,4835754,2,2469,2467,0.9991899554475496,96.35472742000809,4060,0.0,2469,99.91899554475496,True
GCA_016952305.1,TRI201,TRI201|Fusarium_graminearum_PH-1,CP064753.1,+,1,4830500,4831873,3,1267,1267,1.0,95.83304638364781,2053,0.0,1272,100.0,True
GCA_016952355.1,TRI1,TRI1|F_pseudograminearum_CS3096,CP064750.1,+,1,331941,333694,5,1539,1539,1.0,97.53707841866493,2642,0.0,1543,100.0,True
GCA_016952355.1,TRI5,TRI5|Fusarium_graminearum,CP064747.1,+,1,5869489,5870666,2,1128,1126,0.99822695035461,95.11575932504441,1776,0.0,1126,99.822695035461,True
GCA_016952355.1,TRI5,TRI5|Fsporotrichioides_NRRL3299,CP064747.1,+,1,5869489,5870668,1,1185,1185,1.0,84.241,1142,0.0,1193,100.0,True
GCA_016952355.1,TRI5,TRI5|Fusarium_pseudograminearum_CS3096,CP064747.1,+,1,5869489,5870668,2,1128,1128,1.0,95.39006382978724,1797,0.0,1128,100.0,True
GCA_016952355.1,TRI5,TRI5|Fusarium_poae,CP064747.1,+,1,5869489,5870668,2,1134,1134,1.0,86.35583626760564,1231,0.0,1136,100.0,True
GCA_016952355.1,TRI6,TRI6|Fusarium_graminearum,CP064747.1,+,1,5865891,5866547,1,657,657,1.0,95.441,1048,0.0,658,100.0,True
GCA_016952355.1,TRI6,TRI6|Fusarium_sporotrichioides,CP064747.1,+,1,5865891,5866547,1,657,657,1.0,83.359,604,1.82e-172,661,100.0,True
GCA_016952355.1,TRI6,TRI6|Fusarium_pseudograminearum_CS3096,CP064747.1,+,1,5865891,5866547,1,657,657,1.0,95.593,1053,0.0,658,100.0,True
GCA_016952355.1,TRI6,TRI6|Fusarium_poae,CP064747.1,+,1,5865891,5866547,2,693,664,0.9581529581529582,87.51906766917293,768,8.91e-176,665,95.81529581529583,True
GCA_016952355.1,TRI8,TRI8|Fusarium_graminearum_PH-1,CP064747.1,-,1,5856025,5857359,1,1338,1338,1.0,88.424,1609,0.0,1339,100.0,True
GCA_016952355.1,TRI8,TRI8|Fusarium_sporotrichioides,CP064747.1,-,1,5856102,5857359,1,1344,1267,0.9427083333333334,83.543,1173,0.0,1270,94.27083333333334,True
GCA_016952355.1,TRI8,TRI8|Fusarium_pseudograminearum_CS3096,CP064747.1,-,1,5856096,5857359,1,1299,1261,0.970746728252502,89.038,1561,0.0,1268,97.07467282525019,True
GCA_016952355.1,TRI8,TRI8|Fusarium_poae,CP064747.1,-,1,5856102,5857359,1,1341,1264,0.9425801640566741,81.84,1050,0.0,1272,94.2580164056674,True
GCA_016952355.1,TRI11,TRI11|Fusarium_graminearum_PH-1,CP064747.1,-,1,5874646,5876276,4,1479,1428,0.9655172413793104,94.81825210084034,2230,0.0,1428,96.55172413793103,True
GCA_016952355.1,TRI11,TRI11|Fusarium_sporotrichioides,CP064747.1,-,1,5874646,5876381,1,1722,1722,1.0,85.264,1770,0.0,1744,100.0,True
GCA_016952355.1,TRI11,TRI11|Fusarium_pseudograminearum,CP064747.1,-,1,5874646,5876272,4,1479,1424,0.9628127112914131,94.8034761235955,2221,0.0,1424,96.28127112914132,True
GCA_016952355.1,TRI11,TRI11|Fusarium_poae,CP064747.1,-,1,5874868,5876272,2,1479,952,0.6436781609195402,88.02517962184874,1128,0.0,952,64.36781609195403,False
GCA_016952355.1,TRI12,TRI12|Fusarium_graminearum,CP064747.1,-,1,5876950,5878926,3,1872,1866,0.9967948717948718,91.48810385438972,2567,0.0,1868,99.67948717948718,True
GCA_016952355.1,TRI12,TRI12|Fusarium_sporotrichioides,CP064747.1,-,1,5877038,5878926,1,1902,1892,0.9947423764458465,80.2,1408,0.0,1899,99.47423764458465,True
GCA_016952355.1,TRI12,TRI12|Fusarium_pseudograminearum,CP064747.1,-,1,5877025,5878926,3,1797,1797,1.0,92.21362736373749,2546,0.0,1798,100.0,True
GCA_016952355.1,TRI12,TRI12|Fusarium_poae,CP064747.1,-,1,5878312,5878926,1,1800,615,0.3416666666666667,80.065,455,5.46e-127,617,34.166666666666664,False
GCA_016952355.1,TRI13,TRI13|Fusarium_poae,CP064747.1,-,1,5880460,5881449,1,1764,984,0.5578231292517006,82.028,832,0.0,996,55.78231292517006,False
GCA_016952355.1,TRI7,TRI7|Fusarium_poae,CP064747.1,+,1,5858015,5859437,2,1398,1378,0.9856938483547926,81.2004273318872,1100,0.0,1383,98.56938483547926,True
GCA_016952355.1,TRI3,TRI3|Fusarium_pseudograminearum_CS3096,CP064747.1,+,1,5860237,5861999,4,1554,1519,0.9774774774774775,92.05709635416667,2162,0.0,1536,97.74774774774775,True
GCA_016952355.1,TRI3,TRI3|Fusarium_poae,CP064747.1,+,1,5860246,5861016,1,1560,777,0.4980769230769231,83.184,704,0.0,779,49.80769230769231,False
GCA_016952355.1,TRI4,TRI4|F_graminearum_PH-1,CP064747.1,-,1,5862981,5864722,4,1563,1557,0.9961612284069098,97.88316100064144,2699,0.0,1559,99.61612284069098,True
GCA_016952355.1,TRI4,TRI4|Fusarium_pseudograminearum,CP064747.1,-,1,5862981,5864722,4,1563,1563,1.0,97.63602236421725,2688,0.0,1565,100.0,True
GCA_016952355.1,TRI4,TRI4|Fusarium_poae,CP064747.1,-,1,5862981,5864418,2,1563,1142,0.7306461932181701,86.08892388451443,1229,0.0,1143,73.06461932181702,True
GCA_016952355.1,TRI10,TRI10|Fusarium_pseudograminearum_CS3096,CP064747.1,+,1,5871330,5872679,2,1263,1252,0.9912905779889153,94.48898322683705,1931,0.0,1252,99.12905779889152,True
GCA_016952355.1,TRI10,TRI10|Fusarium_poae,CP064747.1,+,1,5871330,5871707,1,1263,378,0.2992874109263658,88.09499999999998,449,1.77e-125,378,29.928741092636578,False
GCA_016952355.1,TRI9,TRI9|F_graminearum_PH-1,CP064747.1,-,1,5873278,5873409,1,132,132,1.0,98.485,233,1.71e-61,132,100.0,True
GCA_016952355.1,TRI9,TRI9|XM_044858471.1:1-132,CP064747.1,-,1,5873278,5873409,1,132,132,1.0,87.879,156,3.8099999999999996e-38,132,100.0,True
GCA_016952355.1,TRI14,TRI14|F_graminearum_PH-1,CP064747.1,+,1,5882288,5883459,2,1116,1114,0.9982078853046595,97.75992831541218,1924,0.0,1116,99.82078853046595,True
GCA_016952355.1,TRI14,TRI14|F_poae,CP064747.1,+,1,5882532,5883459,1,928,928,1.0,86.667,1027,0.0,930,100.0,True
GCA_016952355.1,TRI17,TRI17|F_graminearum_PH-1,CP064748.1,-,1,3502522,3503274,1,756,753,0.996031746031746,98.274,1319,0.0,753,99.60317460317461,True
GCA_016952355.1,TRI20,TRI20|F_graminearum_PH-1,CP064748.1,+,1,3515850,3516550,1,749,701,0.9359145527369827,99.001,1256,0.0,701,93.59145527369826,True
GCA_016952355.1,TRI21,TRI21|F_graminearum_PH-1,CP064748.1,-,1,3519159,3519952,1,827,794,0.9600967351874244,98.363,1395,0.0,794,96.00967351874245,True
GCA_016952355.1,TRI22,TRI22|Fusarium_graminearum_PH-1,CP064747.1,-,1,5079728,5081540,3,1681,1681,1.0,98.15993234421366,2936,0.0,1685,100.0,True
GCA_016952355.1,TRI101,TRI101|Fusarium_graminearum_PH-1,CP064747.1,+,1,5085784,5088301,2,2469,2467,0.9991899554475496,96.88253846153846,4134,0.0,2470,99.91899554475496,True
GCA_016952355.1,TRI201,TRI201|Fusarium_graminearum_PH-1,CP064747.1,+,1,5083070,5084426,3,1267,1267,1.0,94.65387342767295,1955,0.0,1272,100.0,True
GCA_017656985.1,TRI1,TRI1|F_pseudograminearum_CS3096,JAGDVF010000004.1,+,1,310147,311905,5,1539,1539,1.0,96.95405508749191,2593,0.0,1543,100.0,True
GCA_017656985.1,TRI5,TRI5|Fusarium_graminearum,JAGDVF010000009.1,-,1,176751,177941,2,1128,1128,1.0,95.65610460992907,1813,0.0,1128,100.0,True
GCA_017656985.1,TRI5,TRI5|Fsporotrichioides_NRRL3299,JAGDVF010000009.1,-,1,176753,177941,1,1185,1183,0.9983122362869198,85.163,1210,0.0,1193,99.83122362869197,True
GCA_017656985.1,TRI5,TRI5|Fusarium_pseudograminearum_CS3096,JAGDVF010000009.1,-,1,176753,177941,2,1128,1126,0.99822695035461,94.67130461811722,1749,0.0,1126,99.822695035461,True
GCA_017656985.1,TRI5,TRI5|Fusarium_poae,JAGDVF010000009.1,-,1,176753,177941,2,1134,1132,0.9982363315696648,86.58454280670786,1244,0.0,1133,99.82363315696648,True
GCA_017656985.1,TRI6,TRI6|Fusarium_graminearum,JAGDVF010000009.1,-,1,180803,181459,1,657,657,1.0,96.804,1098,0.0,657,100.0,True
GCA_017656985.1,TRI6,TRI6|Fusarium_pseudograminearum_CS3096,JAGDVF010000009.1,-,1,180803,181459,1,657,657,1.0,95.586,1053,0.0,657,100.0,True
GCA_017656985.1,TRI6,TRI6|Fusarium_poae,JAGDVF010000009.1,-,1,180803,181459,2,693,664,0.9581529581529582,87.0679022556391,751,1.8700000000000002e-167,665,95.81529581529583,True
GCA_017656985.1,TRI8,TRI8|Fusarium_graminearum_PH-1,JAGDVF010000009.1,+,1,189921,191258,1,1338,1338,1.0,99.028,2399,0.0,1338,100.0,True
GCA_017656985.1,TRI8,TRI8|Fusarium_sporotrichioides,JAGDVF010000009.1,+,1,189921,191243,1,1344,1329,0.9888392857142857,82.063,1120,0.0,1338,98.88392857142857,True
GCA_017656985.1,TRI8,TRI8|Fusarium_pseudograminearum_CS3096,JAGDVF010000009.1,+,1,189926,191180,1,1299,1249,0.9615088529638183,87.212,1421,0.0,1259,96.15088529638183,True
GCA_017656985.1,TRI8,TRI8|Fusarium_poae,JAGDVF010000009.1,+,1,189926,191258,1,1341,1336,0.9962714392244594,79.926,968,0.0,1345,99.62714392244594,True
GCA_017656985.1,TRI11,TRI11|Fusarium_graminearum_PH-1,JAGDVF010000009.1,+,1,171153,172783,4,1479,1431,0.9675456389452333,98.19064857341684,2513,0.0,1437,96.75456389452333,True
GCA_017656985.1,TRI11,TRI11|Fusarium_sporotrichioides,JAGDVF010000009.1,+,1,171048,172783,1,1722,1722,1.0,84.413,1687,0.0,1745,100.0,True
GCA_017656985.1,TRI11,TRI11|Fusarium_pseudograminearum,JAGDVF010000009.1,+,1,171157,172783,4,1479,1427,0.964841108857336,93.99842288904395,2172,0.0,1433,96.4841108857336,True
GCA_017656985.1,TRI11,TRI11|Fusarium_poae,JAGDVF010000009.1,+,1,171157,172561,2,1479,952,0.6436781609195402,86.86970273109243,1067,0.0,952,64.36781609195403,False
GCA_017656985.1,TRI12,TRI12|Fusarium_graminearum,JAGDVF010000009.1,+,1,168513,170489,3,1872,1872,1.0,99.2519610042735,3381,0.0,1872,100.0,True
GCA_017656985.1,TRI12,TRI12|Fusarium_sporotrichioides,JAGDVF010000009.1,+,1,168535,170392,1,1902,1861,0.9784437434279706,80.697,1439,0.0,1865,97.84437434279705,True
GCA_017656985.1,TRI12,TRI12|Fusarium_pseudograminearum,JAGDVF010000009.1,+,1,168513,170408,3,1797,1791,0.996661101836394,92.57794642857142,2573,0.0,1792,99.6661101836394,True
GCA_017656985.1,TRI3,TRI3|Fusarium_pseudograminearum_CS3096,JAGDVF010000009.1,-,1,185483,187075,3,1554,1393,0.8963963963963963,92.03170638908828,1959,0.0,1393,89.63963963963964,True
GCA_017656985.1,TRI4,TRI4|F_graminearum_PH-1,JAGDVF010000009.1,+,1,182618,184361,4,1563,1555,0.9948816378758797,96.65574790996784,2585,0.0,1555,99.48816378758796,True
GCA_017656985.1,TRI4,TRI4|Fusarium_pseudograminearum,JAGDVF010000009.1,+,1,182618,184361,4,1563,1563,1.0,97.18872268370606,2649,0.0,1565,100.0,True
GCA_017656985.1,TRI4,TRI4|Fusarium_poae,JAGDVF010000009.1,+,1,182919,184361,2,1563,1152,0.7370441458733206,85.9501136166522,1231,0.0,1153,73.70441458733205,True
GCA_017656985.1,TRI10,TRI10|Fusarium_pseudograminearum_CS3096,JAGDVF010000009.1,-,1,174740,176092,2,1263,1263,1.0,94.14123594615994,1923,0.0,1263,100.0,True
GCA_017656985.1,TRI10,TRI10|Fusarium_poae,JAGDVF010000009.1,-,1,175715,176092,1,1263,378,0.2992874109263658,88.09499999999998,449,1.71e-125,378,29.928741092636578,False
GCA_017656985.1,TRI9,TRI9|F_graminearum_PH-1,JAGDVF010000009.1,+,1,174009,174138,1,132,130,0.9848484848484849,98.462,230,2.16e-60,130,98.48484848484848,True
GCA_017656985.1,TRI9,TRI9|XM_044858471.1:1-132,JAGDVF010000009.1,+,1,174009,174136,1,132,128,0.9696969696969697,88.281,154,1.33e-37,128,96.96969696969697,True
GCA_017656985.1,TRI14,TRI14|F_graminearum_PH-1,JAGDVF010000009.1,-,1,164296,165464,2,1116,1116,1.0,99.01616279069768,2005,0.0,1118,100.0,True
GCA_017656985.1,TRI14,TRI14|F_poae,JAGDVF010000009.1,-,1,164335,165222,1,928,888,0.9568965517241379,87.72499999999998,1037,0.0,888,95.6896551724138,True
GCA_017656985.1,TRI17,TRI17|F_graminearum_PH-1,JAGDVF010000008.1,+,1,1705711,1706466,1,756,756,1.0,99.074,1358,0.0,756,100.0,True
GCA_017656985.1,TRI20,TRI20|F_graminearum_PH-1,JAGDVF010000008.1,-,1,1692708,1693408,1,749,701,0.9359145527369827,99.57200000000002,1279,0.0,701,93.59145527369826,True
GCA_017656985.1,TRI21,TRI21|F_graminearum_PH-1,JAGDVF010000008.1,+,1,1689314,1690107,1,827,794,0.9600967351874244,99.874,1461,0.0,794,96.00967351874245,True
GCA_017656985.1,TRI22,TRI22|Fusarium_graminearum_PH-1,JAGDVF010000009.1,+,1,973818,975630,3,1681,1681,1.0,99.28767002967358,3042,0.0,1685,100.0,True
GCA_017656985.1,TRI101,TRI101|Fusarium_graminearum_PH-1,JAGDVF010000009.1,-,1,967027,969543,2,2469,2467,0.9991899554475496,98.86582867557716,4405,0.0,2469,99.91899554475496,True
GCA_017656985.1,TRI201,TRI201|Fusarium_graminearum_PH-1,JAGDVF010000009.1,-,1,970901,972270,3,1267,1267,1.0,99.21169897557132,2290,0.0,1269,100.0,True
GCA_018104275.1,TRI1,TRI1|F_sporotrichioides,JAFFKB010000127.1,+,1,413844,415700,5,1629,1629,1.0,97.25105742211365,2778,0.0,1637,100.0,True
GCA_018104275.1,TRI1,TRI1|F_sporotrichioides,JAFFKB010000090.1,-,1,582528,584384,5,1629,1629,1.0,96.94554428833231,2750,0.0,1637,100.0,True
GCA_018104275.1,TRI5,TRI5|Fusarium_graminearum,JAFFKB010000014.1,+,1,4482463,4483644,2,1128,1126,0.99822695035461,87.07976637168142,1269,0.0,1130,99.822695035461,True
GCA_018104275.1,TRI5,TRI5|Fusarium_graminearum,JAFFKB010000090.1,+,1,2237848,2239029,2,1128,1126,0.99822695035461,87.09090274093721,1268,0.0,1131,99.822695035461,True
GCA_018104275.1,TRI5,TRI5|Fsporotrichioides_NRRL3299,JAFFKB010000014.1,+,1,4482463,4483646,1,1185,1185,1.0,98.228,2071,0.0,1185,100.0,True
GCA_018104275.1,TRI5,TRI5|Fsporotrichioides_NRRL3299,JAFFKB010000090.1,+,1,2237848,2239031,1,1185,1185,1.0,90.564,1567,0.0,1187,100.0,True
GCA_018104275.1,TRI5,TRI5|Fusarium_pseudograminearum_CS3096,JAFFKB010000014.1,+,1,4482991,4483646,1,1128,659,0.5842198581560284,86.536,721,0.0,661,58.42198581560284,False
GCA_018104275.1,TRI5,TRI5|Fusarium_pseudograminearum_CS3096,JAFFKB010000090.1,+,1,2237848,2239031,2,1128,1128,1.0,87.79850044208665,1316,0.0,1131,100.0,True
GCA_018104275.1,TRI5,TRI5|Fusarium_poae,JAFFKB010000090.1,+,1,2237848,2239031,2,1134,1134,1.0,90.29957407407407,1477,0.0,1134,100.0,True
GCA_018104275.1,TRI5,TRI5|Fusarium_poae,JAFFKB010000014.1,+,1,4482463,4483646,2,1134,1134,1.0,90.03496913580247,1460,0.0,1134,100.0,True
GCA_018104275.1,TRI6,TRI6|Fusarium_graminearum,JAFFKB010000014.1,+,1,4479512,4480165,1,657,657,1.0,85.54,684,0.0,657,100.0,True
GCA_018104275.1,TRI6,TRI6|Fusarium_sporotrichioides,JAFFKB010000014.1,+,1,4479512,4480165,1,657,657,1.0,92.694,944,0.0,657,100.0,True
GCA_018104275.1,TRI6,TRI6|Fusarium_pseudograminearum_CS3096,JAFFKB010000014.1,+,1,4479512,4480165,1,657,657,1.0,85.54,684,0.0,657,100.0,True
GCA_018104275.1,TRI6,TRI6|Fusarium_poae,JAFFKB010000014.1,+,1,4479512,4480165,2,693,664,0.9581529581529582,87.65101204819277,770,1.8199999999999999e-174,664,95.81529581529583,True
GCA_018104275.1,TRI8,TRI8|Fusarium_graminearum_PH-1,JAFFKB010000014.1,-,1,4469928,4471271,1,1338,1338,1.0,81.602,1103,0.0,1348,100.0,True
GCA_018104275.1,TRI8,TRI8|Fusarium_sporotrichioides,JAFFKB010000014.1,-,1,4469928,4471271,1,1344,1344,1.0,97.917,2327,0.0,1344,100.0,True
GCA_018104275.1,TRI8,TRI8|Fusarium_pseudograminearum_CS3096,JAFFKB010000014.1,-,1,4470043,4471271,1,1299,1225,0.9430331023864511,81.818,1026,0.0,1232,94.30331023864511,True
GCA_018104275.1,TRI8,TRI8|Fusarium_poae,JAFFKB010000014.1,-,1,4469928,4471271,1,1341,1341,1.0,84.621,1332,0.0,1346,100.0,True
GCA_018104275.1,TRI11,TRI11|Fusarium_graminearum_PH-1,JAFFKB010000014.1,-,1,4491420,4493040,3,1479,1108,0.7491548343475322,86.1010785198556,1195,0.0,1108,74.91548343475321,True
GCA_018104275.1,TRI11,TRI11|Fusarium_sporotrichioides,JAFFKB010000014.1,-,1,4491420,4493141,1,1722,1722,1.0,98.664,3053,0.0,1722,100.0,True
GCA_018104275.1,TRI11,TRI11|Fusarium_pseudograminearum,JAFFKB010000014.1,-,1,4491420,4493040,3,1479,1108,0.7491548343475322,87.0150946798918,1250,0.0,1109,74.91548343475321,True
GCA_018104275.1,TRI11,TRI11|Fusarium_poae,JAFFKB010000014.1,-,1,4491638,4493043,3,1479,1271,0.8593644354293442,88.90635405192761,1567,0.0,1271,85.93644354293441,True
GCA_018104275.1,TRI12,TRI12|Fusarium_graminearum,JAFFKB010000014.1,-,1,4495064,4495660,1,1872,594,0.3173076923076923,80.936,468,1.15e-130,598,31.73076923076923,False
GCA_018104275.1,TRI12,TRI12|Fusarium_sporotrichioides,JAFFKB010000014.1,-,1,4493781,4495682,1,1902,1902,1.0,98.212,3325,0.0,1902,100.0,True
GCA_018104275.1,TRI12,TRI12|Fusarium_pseudograminearum,JAFFKB010000014.1,-,1,4493800,4494247,1,1797,448,0.2493043962159154,78.667,296,5.530000000000001e-79,450,24.930439621591542,False
GCA_018104275.1,TRI12,TRI12|Fusarium_pseudograminearum,JAFFKB010000014.1,-,2,4495065,4495671,1,1797,604,0.3361157484696717,81.908,508,6.53e-143,608,33.611574846967166,False
GCA_018104275.1,TRI13,TRI13|Fusarium_poae,JAFFKB010000014.1,-,1,4496453,4498287,2,1764,1763,0.9994331065759637,85.13498536036036,1805,0.0,1776,99.94331065759637,True
GCA_018104275.1,TRI7,TRI7|Fusarium_poae,JAFFKB010000014.1,+,1,4471926,4472775,1,1398,849,0.6072961373390557,84.841,854,0.0,851,60.72961373390557,False
GCA_018104275.1,TRI3,TRI3|Fusarium_pseudograminearum_CS3096,JAFFKB010000014.1,+,1,4474109,4475431,2,1554,1258,0.8095238095238095,83.64746933962265,1185,0.0,1272,80.95238095238095,True
GCA_018104275.1,TRI3,TRI3|Fusarium_poae,JAFFKB010000014.1,+,1,4474117,4474897,1,1560,781,0.5006410256410256,84.694,778,0.0,784,50.06410256410256,False
GCA_018104275.1,TRI4,TRI4|F_graminearum_PH-1,JAFFKB010000014.1,-,1,4477132,4478391,2,1563,1174,0.7511196417146513,87.5209168081494,1355,0.0,1178,75.11196417146513,True
GCA_018104275.1,TRI4,TRI4|Fusarium_pseudograminearum,JAFFKB010000014.1,-,1,4477125,4478391,2,1563,1209,0.7735124760076776,85.84387160493827,1285,0.0,1215,77.35124760076776,True
GCA_018104275.1,TRI4,TRI4|Fusarium_poae,JAFFKB010000014.1,-,1,4476906,4478087,2,1563,1118,0.7152911068458093,88.4716764968722,1352,0.0,1119,71.52911068458093,True
GCA_018104275.1,TRI10,TRI10|Fusarium_pseudograminearum_CS3096,JAFFKB010000014.1,+,1,4484716,4485597,1,1263,882,0.6983372921615202,86.183,953,0.0,883,69.83372921615202,False
GCA_018104275.1,TRI10,TRI10|Fusarium_poae,JAFFKB010000014.1,+,1,4484263,4485602,2,1263,1263,1.0,88.14232648221345,1506,0.0,1265,100.0,True
GCA_018104275.1,TRI9,TRI9|XM_044858471.1:1-132,JAFFKB010000014.1,-,1,4488334,4488465,1,132,132,1.0,89.394,167,2.79e-41,132,100.0,True
GCA_018104275.1,TRI14,TRI14|F_graminearum_PH-1,JAFFKB010000014.1,+,1,4499184,4500111,1,1116,928,0.8315412186379928,85.345,961,0.0,928,83.15412186379928,True
GCA_018104275.1,TRI14,TRI14|F_poae,JAFFKB010000014.1,+,1,4499184,4500111,1,928,928,1.0,88.793,1138,0.0,928,100.0,True
GCA_018104275.1,TRI16,TRI16|TRI16_Fsporotrichioides_,JAFFKB010000127.1,-,1,428033,429514,1,1482,1482,1.0,97.841,2560,0.0,1482,100.0,True
GCA_018104275.1,TRI17,TRI17|F_graminearum_PH-1,JAFFKB010000014.1,+,1,3672689,3673450,1,756,756,1.0,91.276,1031,0.0,768,100.0,True
GCA_018104275.1,TRI20,TRI20|F_graminearum_PH-1,JAFFKB010000014.1,-,1,3661563,3662263,1,749,701,0.9359145527369827,89.444,885,0.0,701,93.59145527369826,True
GCA_018104275.1,TRI21,TRI21|F_graminearum_PH-1,JAFFKB010000014.1,+,1,3658198,3658991,1,827,794,0.9600967351874244,93.199,1168,0.0,794,96.00967351874245,True
GCA_018104275.1,TRI22,TRI22|Fusarium_graminearum_PH-1,JAFFKB010000149.1,+,1,814369,816176,3,1681,1679,0.998810232004759,92.36235287152161,2389,0.0,1689,99.88102320047591,True
GCA_018104275.1,TRI101,TRI101|Fusarium_graminearum_PH-1,JAFFKB010000149.1,-,1,807612,810123,2,2469,2468,0.9995949777237748,91.79121674080065,3427,0.0,2473,99.95949777237747,True
GCA_018104275.1,TRI201,TRI201|Fusarium_graminearum_PH-1,JAFFKB010000149.1,-,1,811485,812857,3,1267,1267,1.0,92.30140219952868,1804,0.0,1273,100.0,True
GCA_019054615.1,TRI1,TRI1|F_sporotrichioides,JAHKNR010000004.1,+,1,4738352,4740210,5,1629,1629,1.0,97.67864202810019,2816,0.0,1637,100.0,True
GCA_019054615.1,TRI5,TRI5|Fusarium_graminearum,JAHKNR010000001.1,-,1,3478026,3479208,2,1128,1126,0.99822695035461,86.37183539823009,1223,0.0,1130,99.822695035461,True
GCA_019054615.1,TRI5,TRI5|Fsporotrichioides_NRRL3299,JAHKNR010000001.1,-,1,3478024,3479208,1,1185,1185,1.0,99.916,2183,0.0,1185,100.0,True
GCA_019054615.1,TRI5,TRI5|Fusarium_pseudograminearum_CS3096,JAHKNR010000001.1,-,1,3478024,3478679,1,1128,659,0.5842198581560284,85.628,688,0.0,661,58.42198581560284,False
GCA_019054615.1,TRI5,TRI5|Fusarium_poae,JAHKNR010000001.1,-,1,3478024,3479208,2,1134,1134,1.0,89.50612962962963,1427,0.0,1134,100.0,True
GCA_019054615.1,TRI6,TRI6|Fusarium_graminearum,JAHKNR010000001.1,-,1,3481522,3482175,1,657,657,1.0,84.779,656,0.0,657,100.0,True
GCA_019054615.1,TRI6,TRI6|Fusarium_sporotrichioides,JAHKNR010000001.1,-,1,3481522,3482175,1,657,657,1.0,91.933,917,0.0,657,100.0,True
GCA_019054615.1,TRI6,TRI6|Fusarium_pseudograminearum_CS3096,JAHKNR010000001.1,-,1,3481522,3482175,1,657,657,1.0,84.779,656,0.0,657,100.0,True
GCA_019054615.1,TRI6,TRI6|Fusarium_poae,JAHKNR010000001.1,-,1,3481522,3482175,2,693,664,0.9581529581529582,86.89733734939759,742,5.429999999999999e-168,664,95.81529581529583,True
GCA_019054615.1,TRI8,TRI8|Fusarium_graminearum_PH-1,JAHKNR010000001.1,+,1,3490465,3491793,1,1338,1323,0.9887892376681614,81.961,1114,0.0,1336,98.87892376681614,True
GCA_019054615.1,TRI8,TRI8|Fusarium_sporotrichioides,JAHKNR010000001.1,+,1,3490465,3491808,1,1344,1344,1.0,99.03300000000002,2410,0.0,1344,100.0,True
GCA_019054615.1,TRI8,TRI8|Fusarium_pseudograminearum_CS3096,JAHKNR010000001.1,+,1,3490465,3491693,1,1299,1225,0.9430331023864511,81.524,1003,0.0,1234,94.30331023864511,True
GCA_019054615.1,TRI8,TRI8|Fusarium_poae,JAHKNR010000001.1,+,1,3490465,3491808,1,1341,1341,1.0,84.855,1349,0.0,1347,100.0,True
GCA_019054615.1,TRI11,TRI11|Fusarium_graminearum_PH-1,JAHKNR010000001.1,+,1,3472600,3473384,1,1479,785,0.530764029749831,87.771,918,0.0,785,53.0764029749831,False
GCA_019054615.1,TRI11,TRI11|Fusarium_graminearum_PH-1,JAHKNR010000001.1,+,2,3474068,3474220,1,1479,153,0.10344827586206896,84.314,150,2.3700000000000002e-35,153,10.344827586206897,False
GCA_019054615.1,TRI11,TRI11|Fusarium_sporotrichioides,JAHKNR010000001.1,+,1,3472499,3474220,1,1722,1722,1.0,99.71,3153,0.0,1722,100.0,True
GCA_019054615.1,TRI11,TRI11|Fusarium_pseudograminearum,JAHKNR010000001.1,+,1,3472600,3473384,1,1479,785,0.530764029749831,88.28,941,0.0,785,53.0764029749831,False
GCA_019054615.1,TRI11,TRI11|Fusarium_pseudograminearum,JAHKNR010000001.1,+,2,3474068,3474220,1,1479,153,0.10344827586206896,83.66,145,1.1e-33,153,10.344827586206897,False
GCA_019054615.1,TRI11,TRI11|Fusarium_poae,JAHKNR010000001.1,+,1,3472597,3473755,2,1479,1104,0.7464503042596349,89.49244565217391,1397,0.0,1104,74.64503042596348,True
GCA_019054615.1,TRI12,TRI12|Fusarium_graminearum,JAHKNR010000001.1,+,1,3471388,3471919,1,1872,533,0.2847222222222222,80.074,390,1.63e-107,537,28.47222222222222,False
GCA_019054615.1,TRI12,TRI12|Fusarium_sporotrichioides,JAHKNR010000001.1,+,1,3469953,3471854,1,1902,1902,1.0,99.842,3496,0.0,1902,100.0,True
GCA_019054615.1,TRI12,TRI12|Fusarium_pseudograminearum,JAHKNR010000001.1,+,1,3469964,3470570,1,1797,604,0.3361157484696717,82.19,514,8.91e-145,612,33.611574846967166,False
GCA_019054615.1,TRI13,TRI13|Fusarium_poae,JAHKNR010000001.1,+,1,3467349,3469174,2,1764,1754,0.9943310657596371,85.39881380871533,1822,0.0,1767,99.43310657596372,True
GCA_019054615.1,TRI7,TRI7|Fusarium_poae,JAHKNR010000001.1,-,1,3488951,3489802,1,1398,851,0.6087267525035766,84.174,824,0.0,853,60.87267525035765,False
GCA_019054615.1,TRI3,TRI3|Fusarium_pseudograminearum_CS3096,JAHKNR010000001.1,-,1,3486297,3487619,2,1554,1258,0.8095238095238095,83.84541134751774,1196,0.0,1269,80.95238095238095,True
GCA_019054615.1,TRI3,TRI3|Fusarium_poae,JAHKNR010000001.1,-,1,3485845,3486140,2,1560,244,0.1564102564102564,88.57142857142857,297,1.94e-36,245,15.64102564102564,False
GCA_019054615.1,TRI3,TRI3|Fusarium_poae,JAHKNR010000001.1,-,2,3486831,3487611,1,1560,781,0.5006410256410256,84.949,789,0.0,784,50.06410256410256,False
GCA_019054615.1,TRI4,TRI4|F_graminearum_PH-1,JAHKNR010000001.1,+,1,3483334,3484593,2,1563,1201,0.7683941138835573,87.3026091286307,1371,0.0,1205,76.83941138835573,True
GCA_019054615.1,TRI4,TRI4|Fusarium_pseudograminearum,JAHKNR010000001.1,+,1,3483334,3484600,2,1563,1209,0.7735124760076776,86.00838518518518,1296,0.0,1215,77.35124760076776,True
GCA_019054615.1,TRI4,TRI4|Fusarium_poae,JAHKNR010000001.1,+,1,3483635,3485076,3,1563,1311,0.8387715930902111,88.87183536585366,1614,0.0,1312,83.87715930902111,True
GCA_019054615.1,TRI10,TRI10|Fusarium_pseudograminearum_CS3096,JAHKNR010000001.1,-,1,3476074,3476952,1,1263,879,0.6959619952494062,85.34100000000001,909,0.0,880,69.59619952494062,False
GCA_019054615.1,TRI10,TRI10|Fusarium_poae,JAHKNR010000001.1,-,1,3476070,3477408,2,1263,1262,0.9992082343626286,87.42112025316456,1454,0.0,1264,99.92082343626286,True
GCA_019054615.1,TRI9,TRI9|XM_044858471.1:1-132,JAHKNR010000001.1,+,1,3475307,3475438,1,132,132,1.0,88.636,161,8.23e-40,132,100.0,True
GCA_019054615.1,TRI14,TRI14|F_graminearum_PH-1,JAHKNR010000001.1,-,1,3465408,3466335,1,1116,928,0.8315412186379928,85.129,950,0.0,928,83.15412186379928,True
GCA_019054615.1,TRI14,TRI14|F_poae,JAHKNR010000001.1,-,1,3465408,3466332,1,928,925,0.9967672413793104,89.297,1160,0.0,925,99.67672413793103,True
GCA_019054615.1,TRI16,TRI16|TRI16_Fsporotrichioides_,JAHKNR010000004.1,-,1,4741614,4743095,1,1482,1482,1.0,98.718,2632,0.0,1482,100.0,True
GCA_019054615.1,TRI17,TRI17|F_graminearum_PH-1,JAHKNR010000004.1,+,1,1340764,1341525,1,756,756,1.0,91.146,1026,0.0,768,100.0,True
GCA_019054615.1,TRI20,TRI20|F_graminearum_PH-1,JAHKNR010000004.1,-,1,1329221,1329921,1,749,701,0.9359145527369827,89.586,891,0.0,701,93.59145527369826,True
GCA_019054615.1,TRI21,TRI21|F_graminearum_PH-1,JAHKNR010000004.1,+,1,1325765,1326558,1,827,794,0.9600967351874244,93.199,1168,0.0,794,96.00967351874245,True
GCA_019054615.1,TRI22,TRI22|Fusarium_graminearum_PH-1,JAHKNR010000001.1,+,1,4254275,4256083,3,1681,1679,0.998810232004759,92.31208160851568,2384,0.0,1691,99.88102320047591,True
GCA_019054615.1,TRI101,TRI101|Fusarium_graminearum_PH-1,JAHKNR010000001.1,-,1,4247496,4250015,2,2469,2466,0.9987849331713244,91.83152122927619,3438,0.0,2473,99.87849331713244,True
GCA_019054615.1,TRI201,TRI201|Fusarium_graminearum_PH-1,JAHKNR010000001.1,-,1,4251850,4252741,2,1267,840,0.6629834254143646,94.53001545778835,1300,0.0,841,66.29834254143645,False
GCA_019054645.1,TRI1,TRI1|F_sporotrichioides,JAHKNS010000004.1,+,1,7432269,7434127,4,1629,1561,0.958256599140577,98.27686981493298,2747,0.0,1567,95.82565991405771,True
GCA_019054645.1,TRI5,TRI5|Fusarium_graminearum,JAHKNS010000002.1,-,1,3594427,3595609,2,1128,1126,0.99822695035461,86.99092920353982,1262,0.0,1130,99.822695035461,True
GCA_019054645.1,TRI5,TRI5|Fsporotrichioides_NRRL3299,JAHKNS010000002.1,-,1,3594425,3595609,1,1185,1185,1.0,98.228,2073,0.0,1185,100.0,True
GCA_019054645.1,TRI5,TRI5|Fusarium_pseudograminearum_CS3096,JAHKNS010000002.1,-,1,3594425,3595080,1,1128,659,0.5842198581560284,85.93,699,0.0,661,58.42198581560284,False
GCA_019054645.1,TRI5,TRI5|Fusarium_poae,JAHKNS010000002.1,-,1,3594425,3595609,2,1134,1134,1.0,89.9470925925926,1454,0.0,1134,100.0,True
GCA_019054645.1,TRI6,TRI6|Fusarium_graminearum,JAHKNS010000002.1,-,1,3597911,3598564,1,657,657,1.0,85.54,684,0.0,657,100.0,True
GCA_019054645.1,TRI6,TRI6|Fusarium_sporotrichioides,JAHKNS010000002.1,-,1,3597911,3598564,1,657,657,1.0,92.085,922,0.0,657,100.0,True
GCA_019054645.1,TRI6,TRI6|Fusarium_pseudograminearum_CS3096,JAHKNS010000002.1,-,1,3597911,3598564,1,657,657,1.0,85.106,667,0.0,658,100.0,True
GCA_019054645.1,TRI6,TRI6|Fusarium_poae,JAHKNS010000002.1,-,1,3597911,3598564,2,693,664,0.9581529581529582,87.50007831325301,764,2.51e-171,664,95.81529581529583,True
GCA_019054645.1,TRI8,TRI8|Fusarium_graminearum_PH-1,JAHKNS010000002.1,+,1,3606832,3608160,1,1338,1323,0.9887892376681614,81.825,1103,0.0,1337,98.87892376681614,True
GCA_019054645.1,TRI8,TRI8|Fusarium_sporotrichioides,JAHKNS010000002.1,+,1,3606832,3608175,1,1344,1344,1.0,99.554,2449,0.0,1344,100.0,True
GCA_019054645.1,TRI8,TRI8|Fusarium_pseudograminearum_CS3096,JAHKNS010000002.1,+,1,3606832,3608060,1,1299,1225,0.9430331023864511,81.361,992,0.0,1234,94.30331023864511,True
GCA_019054645.1,TRI8,TRI8|Fusarium_poae,JAHKNS010000002.1,+,1,3606832,3608175,1,1341,1341,1.0,84.993,1360,0.0,1346,100.0,True
GCA_019054645.1,TRI11,TRI11|Fusarium_graminearum_PH-1,JAHKNS010000002.1,+,1,3590468,3590620,1,1479,153,0.10344827586206896,84.314,150,2.3800000000000002e-35,153,10.344827586206897,False
GCA_019054645.1,TRI11,TRI11|Fusarium_sporotrichioides,JAHKNS010000002.1,+,1,3588895,3590620,1,1722,1722,1.0,99.01500000000001,3090,0.0,1726,100.0,True
GCA_019054645.1,TRI11,TRI11|Fusarium_pseudograminearum,JAHKNS010000002.1,+,1,3588996,3589780,1,1479,785,0.530764029749831,87.643,913,0.0,785,53.0764029749831,False
GCA_019054645.1,TRI11,TRI11|Fusarium_pseudograminearum,JAHKNS010000002.1,+,2,3590468,3590620,1,1479,153,0.10344827586206896,83.66,145,1.11e-33,153,10.344827586206897,False
GCA_019054645.1,TRI11,TRI11|Fusarium_poae,JAHKNS010000002.1,+,1,3588993,3590151,2,1479,1104,0.7464503042596349,89.31197101449276,1387,0.0,1104,74.64503042596348,True
GCA_019054645.1,TRI12,TRI12|Fusarium_graminearum,JAHKNS010000002.1,+,1,3587787,3588318,1,1872,533,0.2847222222222222,80.261,396,3.5200000000000004e-109,537,28.47222222222222,False
GCA_019054645.1,TRI12,TRI12|Fusarium_sporotrichioides,JAHKNS010000002.1,+,1,3586352,3588253,1,1902,1902,1.0,99.211,3430,0.0,1902,100.0,True
GCA_019054645.1,TRI12,TRI12|Fusarium_pseudograminearum,JAHKNS010000002.1,+,1,3586363,3586969,1,1797,604,0.3361157484696717,82.026,508,4.15e-143,612,33.611574846967166,False
GCA_019054645.1,TRI13,TRI13|Fusarium_poae,JAHKNS010000002.1,+,1,3583750,3585575,2,1764,1754,0.9943310657596371,85.17248217317488,1800,0.0,1767,99.43310657596372,True
GCA_019054645.1,TRI7,TRI7|Fusarium_poae,JAHKNS010000002.1,-,1,3605324,3606175,1,1398,851,0.6087267525035766,83.70500000000001,802,0.0,853,60.87267525035765,False
GCA_019054645.1,TRI3,TRI3|Fusarium_pseudograminearum_CS3096,JAHKNS010000002.1,-,1,3603189,3603977,1,1554,780,0.5019305019305019,83.523,728,0.0,789,50.19305019305019,False
GCA_019054645.1,TRI3,TRI3|Fusarium_poae,JAHKNS010000002.1,-,1,3602203,3602498,2,1560,244,0.1564102564102564,88.57142857142857,297,1.94e-36,245,15.64102564102564,False
GCA_019054645.1,TRI3,TRI3|Fusarium_poae,JAHKNS010000002.1,-,2,3603189,3603969,1,1560,781,0.5006410256410256,85.332,806,0.0,784,50.06410256410256,False
GCA_019054645.1,TRI4,TRI4|F_graminearum_PH-1,JAHKNS010000002.1,+,1,3599688,3600947,2,1563,1201,0.7683941138835573,86.9712091286307,1349,0.0,1205,76.83941138835573,True
GCA_019054645.1,TRI4,TRI4|Fusarium_pseudograminearum,JAHKNS010000002.1,+,1,3599688,3600954,2,1563,1209,0.7735124760076776,85.843612345679,1284,0.0,1215,77.35124760076776,True
GCA_019054645.1,TRI4,TRI4|Fusarium_poae,JAHKNS010000002.1,+,1,3599989,3601430,3,1563,1311,0.8387715930902111,88.5667599085366,1592,0.0,1312,83.87715930902111,True
GCA_019054645.1,TRI10,TRI10|Fusarium_pseudograminearum_CS3096,JAHKNS010000002.1,-,1,3592474,3593352,1,1263,879,0.6959619952494062,85.455,915,0.0,880,69.59619952494062,False
GCA_019054645.1,TRI10,TRI10|Fusarium_poae,JAHKNS010000002.1,-,1,3592470,3593808,2,1263,1262,0.9992082343626286,87.6585253164557,1471,0.0,1264,99.92082343626286,True
GCA_019054645.1,TRI9,TRI9|XM_044858471.1:1-132,JAHKNS010000002.1,+,1,3591707,3591838,1,132,132,1.0,88.636,161,8.25e-40,132,100.0,True
GCA_019054645.1,TRI14,TRI14|F_graminearum_PH-1,JAHKNS010000002.1,-,1,3581809,3582736,1,1116,928,0.8315412186379928,85.453,966,0.0,928,83.15412186379928,True
GCA_019054645.1,TRI14,TRI14|F_poae,JAHKNS010000002.1,-,1,3581809,3582733,1,928,925,0.9967672413793104,89.405,1166,0.0,925,99.67672413793103,True
GCA_019054645.1,TRI16,TRI16|TRI16_Fsporotrichioides_,JAHKNS010000004.1,-,1,7436731,7438212,1,1482,1482,1.0,98.381,2604,0.0,1482,100.0,True
GCA_019054645.1,TRI17,TRI17|F_graminearum_PH-1,JAHKNS010000004.1,+,1,4054895,4055656,1,756,756,1.0,91.146,1026,0.0,768,100.0,True
GCA_019054645.1,TRI20,TRI20|F_graminearum_PH-1,JAHKNS010000004.1,-,1,4043352,4044052,1,749,701,0.9359145527369827,89.301,880,0.0,701,93.59145527369826,True
GCA_019054645.1,TRI21,TRI21|F_graminearum_PH-1,JAHKNS010000004.1,+,1,4039896,4040689,1,827,794,0.9600967351874244,93.199,1168,0.0,794,96.00967351874245,True
GCA_019054645.1,TRI22,TRI22|Fusarium_graminearum_PH-1,JAHKNS010000002.1,+,1,4369172,4370980,3,1681,1679,0.998810232004759,92.30759349112425,2384,0.0,1690,99.88102320047591,True
GCA_019054645.1,TRI101,TRI101|Fusarium_graminearum_PH-1,JAHKNS010000002.1,-,1,4362393,4364912,2,2469,2466,0.9987849331713244,91.87245248685807,3443,0.0,2473,99.87849331713244,True
GCA_019054645.1,TRI201,TRI201|Fusarium_graminearum_PH-1,JAHKNS010000002.1,-,1,4366747,4367638,2,1267,840,0.6629834254143646,94.29264684898929,1288,0.0,841,66.29834254143645,False
GCA_019343145.1,TRI1,TRI1|F_pseudograminearum_CS3096,CP079833.1,+,1,287561,289267,4,1539,1539,1.0,97.01669066147859,2596,0.0,1542,100.0,True
GCA_019343145.1,TRI5,TRI5|Fusarium_graminearum,CP079829.1,-,1,3598294,3599484,2,1128,1128,1.0,95.65610460992907,1813,0.0,1128,100.0,True
GCA_019343145.1,TRI5,TRI5|Fsporotrichioides_NRRL3299,CP079829.1,-,1,3598296,3599484,1,1185,1183,0.9983122362869198,85.163,1210,0.0,1193,99.83122362869197,True
GCA_019343145.1,TRI5,TRI5|Fusarium_pseudograminearum_CS3096,CP079829.1,-,1,3598296,3599484,2,1128,1126,0.99822695035461,94.67130461811722,1749,0.0,1126,99.822695035461,True
GCA_019343145.1,TRI5,TRI5|Fusarium_poae,CP079829.1,-,1,3598296,3599484,2,1134,1132,0.9982363315696648,86.58454280670786,1244,0.0,1133,99.82363315696648,True
GCA_019343145.1,TRI6,TRI6|Fusarium_graminearum,CP079829.1,-,1,3602345,3603001,1,657,657,1.0,96.804,1098,0.0,657,100.0,True
GCA_019343145.1,TRI6,TRI6|Fusarium_pseudograminearum_CS3096,CP079829.1,-,1,3602345,3603001,1,657,657,1.0,95.586,1053,0.0,657,100.0,True
GCA_019343145.1,TRI6,TRI6|Fusarium_poae,CP079829.1,-,1,3602345,3603001,2,693,664,0.9581529581529582,87.0679022556391,751,1.85e-167,665,95.81529581529583,True
GCA_019343145.1,TRI8,TRI8|Fusarium_graminearum_PH-1,CP079829.1,+,1,3611459,3612795,1,1338,1338,1.0,98.954,2392,0.0,1338,100.0,True
GCA_019343145.1,TRI8,TRI8|Fusarium_sporotrichioides,CP079829.1,+,1,3611459,3612780,1,1344,1329,0.9888392857142857,82.063,1118,0.0,1338,98.88392857142857,True
GCA_019343145.1,TRI8,TRI8|Fusarium_pseudograminearum_CS3096,CP079829.1,+,1,3611464,3612717,1,1299,1249,0.9615088529638183,87.133,1413,0.0,1259,96.15088529638183,True
GCA_019343145.1,TRI8,TRI8|Fusarium_poae,CP079829.1,+,1,3611464,3612795,1,1341,1336,0.9962714392244594,79.851,963,0.0,1345,99.62714392244594,True
GCA_019343145.1,TRI11,TRI11|Fusarium_graminearum_PH-1,CP079829.1,+,1,3592702,3594331,4,1479,1431,0.9675456389452333,98.19064857341684,2513,0.0,1437,96.75456389452333,True
GCA_019343145.1,TRI11,TRI11|Fusarium_sporotrichioides,CP079829.1,+,1,3592597,3594331,1,1722,1722,1.0,84.413,1685,0.0,1745,100.0,True
GCA_019343145.1,TRI11,TRI11|Fusarium_pseudograminearum,CP079829.1,+,1,3592706,3594331,4,1479,1427,0.964841108857336,93.99842288904395,2172,0.0,1433,96.4841108857336,True
GCA_019343145.1,TRI11,TRI11|Fusarium_poae,CP079829.1,+,1,3592706,3594109,2,1479,952,0.6436781609195402,86.86970273109243,1067,0.0,952,64.36781609195403,False
GCA_019343145.1,TRI12,TRI12|Fusarium_graminearum,CP079829.1,+,1,3590064,3592039,3,1872,1872,1.0,99.19868376068375,3373,0.0,1872,100.0,True
GCA_019343145.1,TRI12,TRI12|Fusarium_sporotrichioides,CP079829.1,+,1,3590086,3591942,1,1902,1861,0.9784437434279706,80.697,1439,0.0,1865,97.84437434279705,True
GCA_019343145.1,TRI12,TRI12|Fusarium_pseudograminearum,CP079829.1,+,1,3590064,3591958,3,1797,1791,0.996661101836394,92.5222767857143,2565,0.0,1792,99.6661101836394,True
GCA_019343145.1,TRI3,TRI3|Fusarium_pseudograminearum_CS3096,CP079829.1,-,1,3607023,3608615,3,1554,1393,0.8963963963963963,92.03170638908828,1959,0.0,1393,89.63963963963964,True
GCA_019343145.1,TRI4,TRI4|F_graminearum_PH-1,CP079829.1,+,1,3604159,3605901,4,1563,1555,0.9948816378758797,96.5915421221865,2578,0.0,1555,99.48816378758796,True
GCA_019343145.1,TRI4,TRI4|Fusarium_pseudograminearum,CP079829.1,+,1,3604159,3605901,4,1563,1563,1.0,97.1245284345048,2641,0.0,1565,100.0,True
GCA_019343145.1,TRI4,TRI4|Fusarium_poae,CP079829.1,+,1,3604460,3605901,2,1563,1152,0.7370441458733206,85.9501136166522,1229,0.0,1153,73.70441458733205,True
GCA_019343145.1,TRI10,TRI10|Fusarium_pseudograminearum_CS3096,CP079829.1,-,1,3596287,3597636,2,1263,1263,1.0,93.90313301662708,1904,0.0,1263,100.0,True
GCA_019343145.1,TRI10,TRI10|Fusarium_poae,CP079829.1,-,1,3597260,3597636,1,1263,378,0.2992874109263658,88.09499999999998,448,6.07e-125,378,29.928741092636578,False
GCA_019343145.1,TRI9,TRI9|F_graminearum_PH-1,CP079829.1,+,1,3595557,3595685,1,132,130,0.9848484848484849,97.692,222,3.56e-58,130,98.48484848484848,True
GCA_019343145.1,TRI9,TRI9|XM_044858471.1:1-132,CP079829.1,+,1,3595557,3595683,1,132,128,0.9696969696969697,87.5,147,2.2000000000000002e-35,128,96.96969696969697,True
GCA_019343145.1,TRI14,TRI14|F_graminearum_PH-1,CP079829.1,-,1,3585848,3587016,2,1116,1116,1.0,99.01616279069768,2005,0.0,1118,100.0,True
GCA_019343145.1,TRI14,TRI14|F_poae,CP079829.1,-,1,3585887,3586774,1,928,888,0.9568965517241379,87.72499999999998,1037,0.0,888,95.6896551724138,True
GCA_019343145.1,TRI17,TRI17|F_graminearum_PH-1,CP079831.1,-,1,3441677,3442432,1,756,756,1.0,99.074,1358,0.0,756,100.0,True
GCA_019343145.1,TRI20,TRI20|F_graminearum_PH-1,CP079831.1,+,1,3454610,3455307,1,749,698,0.931909212283044,99.713,1279,0.0,698,93.1909212283044,True
GCA_019343145.1,TRI21,TRI21|F_graminearum_PH-1,CP079831.1,-,1,3457910,3458736,1,827,827,1.0,99.879,1522,0.0,827,100.0,True
GCA_019343145.1,TRI22,TRI22|Fusarium_graminearum_PH-1,CP079829.1,+,1,4386671,4388345,1,1681,1681,1.0,99.34600000000002,3038,0.0,1681,100.0,True
GCA_019343145.1,TRI101,TRI101|Fusarium_graminearum_PH-1,CP079829.1,-,1,4380100,4382565,1,2469,2467,0.9991899554475496,98.744,4383,0.0,2468,99.91899554475496,True
GCA_019343145.1,TRI201,TRI201|Fusarium_graminearum_PH-1,CP079829.1,-,1,4383806,4385123,2,1267,1267,1.0,98.73831309148265,2254,0.0,1268,100.0,True
GCA_020991245.1,TRI1,TRI1|F_pseudograminearum_CS3096,CP087871.1,+,1,291505,293259,5,1539,1539,1.0,97.34282372002593,2625,0.0,1543,100.0,True
GCA_020991245.1,TRI5,TRI5|Fusarium_graminearum,CP087872.1,+,1,5405852,5407038,2,1128,1128,1.0,100.0,2085,0.0,1128,100.0,True
GCA_020991245.1,TRI5,TRI5|Fsporotrichioides_NRRL3299,CP087872.1,+,1,5405852,5407036,1,1185,1183,0.9983122362869198,85.017,1201,0.0,1188,99.83122362869197,True
GCA_020991245.1,TRI5,TRI5|Fusarium_pseudograminearum_CS3096,CP087872.1,+,1,5405852,5407036,2,1128,1126,0.99822695035461,95.55981793960923,1803,0.0,1126,99.822695035461,True
GCA_020991245.1,TRI5,TRI5|Fusarium_poae,CP087872.1,+,1,5405852,5407036,2,1134,1132,0.9982363315696648,86.86066049382717,1260,0.0,1134,99.82363315696648,True
GCA_020991245.1,TRI6,TRI6|Fusarium_graminearum,CP087872.1,+,1,5402308,5402964,1,657,657,1.0,96.499,1086,0.0,657,100.0,True
GCA_020991245.1,TRI6,TRI6|Fusarium_pseudograminearum_CS3096,CP087872.1,+,1,5402308,5402964,1,657,657,1.0,95.282,1042,0.0,657,100.0,True
GCA_020991245.1,TRI6,TRI6|Fusarium_poae,CP087872.1,+,1,5402308,5402964,2,693,664,0.9581529581529582,87.65042168674698,773,4.19e-174,664,95.81529581529583,True
GCA_020991245.1,TRI8,TRI8|Fusarium_graminearum_PH-1,CP087872.1,-,1,5392461,5393798,1,1338,1338,1.0,100.0,2471,0.0,1338,100.0,True
GCA_020991245.1,TRI8,TRI8|Fusarium_sporotrichioides,CP087872.1,-,1,5392461,5393798,1,1344,1344,1.0,82.114,1136,0.0,1353,100.0,True
GCA_020991245.1,TRI8,TRI8|Fusarium_pseudograminearum_CS3096,CP087872.1,-,1,5392527,5393798,1,1299,1266,0.9745958429561201,87.069,1430,0.0,1276,97.45958429561202,True
GCA_020991245.1,TRI8,TRI8|Fusarium_poae,CP087872.1,-,1,5392461,5393798,1,1341,1341,1.0,80.222,994,0.0,1350,100.0,True
GCA_020991245.1,TRI11,TRI11|Fusarium_graminearum_PH-1,CP087872.1,-,1,5410953,5412588,4,1479,1431,0.9675456389452333,100.0,2645,0.0,1431,96.75456389452333,True
GCA_020991245.1,TRI11,TRI11|Fusarium_sporotrichioides,CP087872.1,-,1,5410953,5412693,1,1722,1722,1.0,84.162,1663,0.0,1749,100.0,True
GCA_020991245.1,TRI11,TRI11|Fusarium_pseudograminearum,CP087872.1,-,1,5410953,5412584,4,1479,1424,0.9628127112914131,94.4522198033708,2194,0.0,1424,96.28127112914132,True
GCA_020991245.1,TRI11,TRI11|Fusarium_poae,CP087872.1,-,1,5411180,5412584,2,1479,952,0.6436781609195402,86.97477941176471,1073,0.0,952,64.36781609195403,False
GCA_020991245.1,TRI12,TRI12|Fusarium_graminearum,CP087872.1,-,1,5413251,5415227,3,1872,1872,1.0,100.0,3459,0.0,1872,100.0,True
GCA_020991245.1,TRI12,TRI12|Fusarium_sporotrichioides,CP087872.1,-,1,5413339,5415205,1,1902,1870,0.9831756046267087,80.64,1439,0.0,1875,98.31756046267087,True
GCA_020991245.1,TRI12,TRI12|Fusarium_pseudograminearum,CP087872.1,-,1,5413332,5415227,3,1797,1791,0.996661101836394,92.63382589285713,2578,0.0,1792,99.6661101836394,True
GCA_020991245.1,TRI3,TRI3|Fusarium_pseudograminearum_CS3096,CP087872.1,+,1,5396677,5398444,4,1554,1517,0.9761904761904762,92.33303014416775,2172,0.0,1526,97.61904761904762,True
GCA_020991245.1,TRI3,TRI3|Fusarium_poae,CP087872.1,+,1,5396686,5397456,1,1560,777,0.4980769230769231,83.548,721,0.0,778,49.80769230769231,False
GCA_020991245.1,TRI4,TRI4|F_graminearum_PH-1,CP087872.1,-,1,5399398,5401139,4,1563,1563,1.0,100.0,2892,0.0,1565,100.0,True
GCA_020991245.1,TRI4,TRI4|Fusarium_pseudograminearum,CP087872.1,-,1,5399398,5401139,4,1563,1556,0.9955214331413947,96.47224374599102,2575,0.0,1559,99.55214331413947,True
GCA_020991245.1,TRI4,TRI4|Fusarium_poae,CP087872.1,-,1,5399398,5400835,2,1563,1142,0.7306461932181701,86.00184776902887,1223,0.0,1143,73.06461932181702,True
GCA_020991245.1,TRI10,TRI10|Fusarium_pseudograminearum_CS3096,CP087872.1,+,1,5407706,5409058,2,1263,1263,1.0,93.91768799368089,1912,0.0,1266,100.0,True
GCA_020991245.1,TRI10,TRI10|Fusarium_poae,CP087872.1,+,1,5407706,5409052,2,1263,1257,0.995249406175772,85.86185067513901,1340,0.0,1259,99.5249406175772,True
GCA_020991245.1,TRI9,TRI9|F_graminearum_PH-1,CP087872.1,-,1,5409654,5409785,1,132,132,1.0,100.0,244,7.98e-65,132,100.0,True
GCA_020991245.1,TRI14,TRI14|F_graminearum_PH-1,CP087872.1,+,1,5418308,5419477,2,1116,1116,1.0,100.0,2066,0.0,1118,100.0,True
GCA_020991245.1,TRI14,TRI14|F_poae,CP087872.1,+,1,5418548,5419438,1,928,891,0.9601293103448276,87.991,1053,0.0,891,96.01293103448276,True
GCA_020991245.1,TRI17,TRI17|F_graminearum_PH-1,CP087873.1,-,1,3547259,3548014,1,756,756,1.0,100.0,1397,0.0,756,100.0,True
GCA_020991245.1,TRI20,TRI20|F_graminearum_PH-1,CP087873.1,+,1,3560333,3561033,1,749,701,0.9359145527369827,100.0,1295,0.0,701,93.59145527369826,True
GCA_020991245.1,TRI21,TRI21|F_graminearum_PH-1,CP087873.1,-,1,3563646,3564439,1,827,794,0.9600967351874244,100.0,1467,0.0,794,96.00967351874245,True
GCA_020991245.1,TRI22,TRI22|Fusarium_graminearum_PH-1,CP087872.1,-,1,4624670,4626488,3,1681,1681,1.0,100.0,3113,0.0,1685,100.0,True
GCA_020991245.1,TRI101,TRI101|Fusarium_graminearum_PH-1,CP087872.1,+,1,4630760,4633278,2,2469,2469,1.0,100.0,4564,0.0,2471,100.0,True
GCA_020991245.1,TRI201,TRI201|Fusarium_graminearum_PH-1,CP087872.1,+,1,4628036,4629405,3,1267,1267,1.0,100.0,2346,0.0,1269,100.0,True
GCA_025258505.1,TRI1,TRI1|F_pseudograminearum_CS3096,CP088257.1,+,1,438493,440246,5,1539,1539,1.0,97.53738107582632,2642,0.0,1543,100.0,True
GCA_025258505.1,TRI5,TRI5|Fusarium_graminearum,CP088258.1,+,1,5472125,5473302,2,1128,1126,0.99822695035461,94.67128419182949,1748,0.0,1126,99.822695035461,True
GCA_025258505.1,TRI5,TRI5|Fsporotrichioides_NRRL3299,CP088258.1,+,1,5472125,5473304,1,1185,1185,1.0,84.158,1136,0.0,1193,100.0,True
GCA_025258505.1,TRI5,TRI5|Fusarium_pseudograminearum_CS3096,CP088258.1,+,1,5472125,5473304,2,1128,1128,1.0,94.94688120567375,1768,0.0,1128,100.0,True
GCA_025258505.1,TRI5,TRI5|Fusarium_poae,CP088258.1,+,1,5472125,5473304,2,1134,1134,1.0,86.09161091549296,1215,0.0,1136,100.0,True
GCA_025258505.1,TRI6,TRI6|Fusarium_graminearum,CP088258.1,+,1,5468534,5469190,1,657,657,1.0,95.441,1048,0.0,658,100.0,True
GCA_025258505.1,TRI6,TRI6|Fusarium_sporotrichioides,CP088258.1,+,1,5468534,5469190,1,657,657,1.0,84.115,632,0.0,661,100.0,True
GCA_025258505.1,TRI6,TRI6|Fusarium_pseudograminearum_CS3096,CP088258.1,+,1,5468534,5469190,1,657,657,1.0,95.897,1064,0.0,658,100.0,True
GCA_025258505.1,TRI6,TRI6|Fusarium_poae,CP088258.1,+,1,5468534,5469190,2,693,664,0.9581529581529582,87.81981954887218,779,9.06e-176,665,95.81529581529583,True
GCA_025258505.1,TRI8,TRI8|Fusarium_graminearum_PH-1,CP088258.1,-,1,5458486,5459820,1,1338,1338,1.0,88.042,1581,0.0,1338,100.0,True
GCA_025258505.1,TRI8,TRI8|Fusarium_pseudograminearum_CS3096,CP088258.1,-,1,5458559,5459820,1,1299,1259,0.9692070823710547,89.258,1574,0.0,1266,96.92070823710547,True
GCA_025258505.1,TRI8,TRI8|Fusarium_poae,CP088258.1,-,1,5458486,5459820,1,1341,1341,1.0,80.783,1031,0.0,1353,100.0,True
GCA_025258505.1,TRI11,TRI11|Fusarium_graminearum_PH-1,CP088258.1,-,1,5477301,5478936,4,1479,1425,0.9634888438133874,94.03502105263158,2163,0.0,1425,96.34888438133873,True
GCA_025258505.1,TRI11,TRI11|Fusarium_sporotrichioides,CP088258.1,-,1,5477301,5479041,1,1722,1722,1.0,84.677,1712,0.0,1749,100.0,True
GCA_025258505.1,TRI11,TRI11|Fusarium_pseudograminearum,CP088258.1,-,1,5477301,5478932,4,1479,1421,0.9607843137254902,93.94766220971147,2151,0.0,1421,96.07843137254902,True
GCA_025258505.1,TRI11,TRI11|Fusarium_poae,CP088258.1,-,1,5477528,5478932,3,1479,1266,0.8559837728194726,88.02231363278172,1497,0.0,1269,85.59837728194725,True
GCA_025258505.1,TRI12,TRI12|Fusarium_graminearum,CP088258.1,-,1,5479658,5481594,3,1872,1821,0.9727564102564102,91.78537349397591,2538,0.0,1826,97.27564102564102,True
GCA_025258505.1,TRI12,TRI12|Fusarium_sporotrichioides,CP088258.1,-,1,5479703,5481561,1,1902,1862,0.9789695057833859,80.428,1408,0.0,1870,97.89695057833859,True
GCA_025258505.1,TRI12,TRI12|Fusarium_pseudograminearum,CP088258.1,-,1,5479690,5481594,3,1797,1797,1.0,91.94890560799556,2521,0.0,1801,100.0,True
GCA_025258505.1,TRI12,TRI12|Fusarium_poae,CP088258.1,-,1,5480977,5481594,1,1800,615,0.3416666666666667,80.645,473,1.5300000000000002e-132,620,34.166666666666664,False
GCA_025258505.1,TRI7,TRI7|Fusarium_poae,CP088258.1,+,1,5460472,5461894,2,1398,1378,0.9856938483547926,81.34509110629067,1111,0.0,1383,98.56938483547926,True
GCA_025258505.1,TRI3,TRI3|Fusarium_pseudograminearum_CS3096,CP088258.1,+,1,5462694,5464456,4,1554,1519,0.9774774774774775,91.20498110749186,2087,0.0,1535,97.74774774774775,True
GCA_025258505.1,TRI3,TRI3|Fusarium_poae,CP088258.1,+,1,5462703,5463473,1,1560,777,0.4980769230769231,82.776,688,0.0,778,49.80769230769231,False
GCA_025258505.1,TRI4,TRI4|F_graminearum_PH-1,CP088258.1,-,1,5465622,5467363,4,1563,1556,0.9955214331413947,97.4967727856226,2663,0.0,1558,99.55214331413947,True
GCA_025258505.1,TRI4,TRI4|Fusarium_pseudograminearum,CP088258.1,-,1,5465622,5467363,4,1563,1563,1.0,96.872842373963,2621,0.0,1567,100.0,True
GCA_025258505.1,TRI4,TRI4|Fusarium_poae,CP088258.1,-,1,5465622,5467059,2,1563,1149,0.7351247600767754,85.76384895833331,1214,0.0,1152,73.51247600767753,True
GCA_025258505.1,TRI10,TRI10|Fusarium_pseudograminearum_CS3096,CP088258.1,+,1,5473983,5475329,2,1263,1263,1.0,93.91768799368089,1912,0.0,1266,100.0,True
GCA_025258505.1,TRI10,TRI10|Fusarium_poae,CP088258.1,+,1,5473983,5475323,2,1263,1257,0.995249406175772,85.39710000000001,1307,0.0,1260,99.5249406175772,True
GCA_025258505.1,TRI9,TRI9|F_graminearum_PH-1,CP088258.1,-,1,5475928,5476059,1,132,132,1.0,99.242,239,3.74e-63,132,100.0,True
GCA_025258505.1,TRI9,TRI9|XM_044858471.1:1-132,CP088258.1,-,1,5475928,5476059,1,132,132,1.0,87.121,150,1.8e-36,132,100.0,True
GCA_025258505.1,TRI14,TRI14|F_graminearum_PH-1,CP088258.1,+,1,5484939,5486107,2,1116,1116,1.0,99.55284794275491,2038,0.0,1118,100.0,True
GCA_025258505.1,TRI14,TRI14|F_poae,CP088258.1,+,1,5485178,5486068,1,928,891,0.9601293103448276,87.767,1042,0.0,891,96.01293103448276,True
GCA_025258505.1,TRI17,TRI17|F_graminearum_PH-1,CP088259.1,-,1,3579909,3580665,1,756,756,1.0,99.604,1380,0.0,757,100.0,True
GCA_025258505.1,TRI20,TRI20|F_graminearum_PH-1,CP088259.1,+,1,3592957,3593654,1,749,698,0.931909212283044,99.427,1267,0.0,698,93.1909212283044,True
GCA_025258505.1,TRI21,TRI21|F_graminearum_PH-1,CP088259.1,-,1,3596271,3597064,1,827,794,0.9600967351874244,99.118,1428,0.0,794,96.00967351874245,True
GCA_025258505.1,TRI22,TRI22|Fusarium_graminearum_PH-1,CP088258.1,-,1,4695646,4697458,3,1681,1681,1.0,98.99096023738873,3014,0.0,1685,100.0,True
GCA_025258505.1,TRI101,TRI101|Fusarium_graminearum_PH-1,CP088258.1,+,1,4701735,4704251,2,2469,2467,0.9991899554475496,97.1645860672337,4173,0.0,2469,99.91899554475496,True
GCA_025258505.1,TRI201,TRI201|Fusarium_graminearum_PH-1,CP088258.1,+,1,4699000,4700369,3,1267,1267,1.0,99.29061780929867,2295,0.0,1269,100.0,True
GCA_031360185.1,TRI22,TRI22|Fusarium_graminearum_PH-1,CP079913.1,-,1,1825176,1826335,1,1681,1160,0.6900654372397382,87.672,1351,0.0,1160,69.00654372397382,False
GCA_031360185.1,TRI101,TRI101|Fusarium_graminearum_PH-1,CP079913.1,+,1,1831214,1832477,1,2469,1273,0.51559335763467,84.351,1234,0.0,1278,51.559335763467,False
GCA_031360185.1,TRI201,TRI201|Fusarium_graminearum_PH-1,CP079913.1,+,1,1828279,1829166,2,1267,837,0.6606156274664562,86.41198331346843,917,1.5199999999999998e-176,839,66.06156274664562,False
GCA_032355295.1,TRI1,TRI1|F_pseudograminearum_CS3096,CP126884.1,+,1,312406,314158,5,1539,1539,1.0,97.86119896305897,2670,0.0,1543,100.0,True
GCA_032355295.1,TRI5,TRI5|Fusarium_graminearum,CP126885.1,+,1,5515989,5517166,2,1128,1126,0.99822695035461,95.0265159857904,1770,0.0,1126,99.822695035461,True
GCA_032355295.1,TRI5,TRI5|Fsporotrichioides_NRRL3299,CP126885.1,+,1,5515989,5517168,1,1185,1185,1.0,84.228,1142,0.0,1192,100.0,True
GCA_032355295.1,TRI5,TRI5|Fusarium_pseudograminearum_CS3096,CP126885.1,+,1,5515989,5517168,2,1128,1128,1.0,95.30160638297872,1791,0.0,1128,100.0,True
GCA_032355295.1,TRI5,TRI5|Fusarium_poae,CP126885.1,+,1,5515989,5517168,2,1134,1134,1.0,86.44377376760563,1237,0.0,1136,100.0,True
GCA_032355295.1,TRI6,TRI6|Fusarium_graminearum,CP126885.1,+,1,5512406,5513062,1,657,657,1.0,95.593,1053,0.0,658,100.0,True
GCA_032355295.1,TRI6,TRI6|Fusarium_sporotrichioides,CP126885.1,+,1,5512406,5513062,1,657,657,1.0,83.359,604,1.7999999999999998e-172,661,100.0,True
GCA_032355295.1,TRI6,TRI6|Fusarium_pseudograminearum_CS3096,CP126885.1,+,1,5512406,5513062,1,657,657,1.0,96.049,1070,0.0,658,100.0,True
GCA_032355295.1,TRI6,TRI6|Fusarium_poae,CP126885.1,+,1,5512406,5513062,2,693,664,0.9581529581529582,87.2183007518797,756,1.9e-172,665,95.81529581529583,True
GCA_032355295.1,TRI8,TRI8|Fusarium_graminearum_PH-1,CP126885.1,-,1,5502351,5503685,1,1338,1338,1.0,88.49,1615,0.0,1338,100.0,True
GCA_032355295.1,TRI8,TRI8|Fusarium_pseudograminearum_CS3096,CP126885.1,-,1,5502424,5503685,1,1299,1259,0.9692070823710547,89.652,1602,0.0,1266,96.92070823710547,True
GCA_032355295.1,TRI8,TRI8|Fusarium_poae,CP126885.1,-,1,5502351,5503685,1,1341,1341,1.0,80.562,1014,0.0,1353,100.0,True
GCA_032355295.1,TRI11,TRI11|Fusarium_graminearum_PH-1,CP126885.1,-,1,5521142,5522774,4,1479,1423,0.9621365787694388,93.81606957132817,2143,0.0,1423,96.21365787694388,True
GCA_032355295.1,TRI11,TRI11|Fusarium_sporotrichioides,CP126885.1,-,1,5521142,5522879,1,1722,1720,0.9988385598141696,84.668,1709,0.0,1748,99.88385598141696,True
GCA_032355295.1,TRI11,TRI11|Fusarium_pseudograminearum,CP126885.1,-,1,5521142,5522770,4,1479,1419,0.9594320486815415,93.7983974630021,2136,0.0,1419,95.94320486815415,True
GCA_032355295.1,TRI11,TRI11|Fusarium_poae,CP126885.1,-,1,5521367,5522770,3,1479,1266,0.8559837728194726,87.53939668769715,1464,0.0,1268,85.59837728194725,True
GCA_032355295.1,TRI12,TRI12|Fusarium_graminearum,CP126885.1,-,1,5523473,5525430,3,1872,1842,0.9839743589743589,91.17516892257716,2504,0.0,1847,98.3974358974359,True
GCA_032355295.1,TRI12,TRI12|Fusarium_sporotrichioides,CP126885.1,-,1,5523539,5525397,1,1902,1862,0.9789695057833859,80.192,1380,0.0,1873,97.89695057833859,True
GCA_032355295.1,TRI12,TRI12|Fusarium_pseudograminearum,CP126885.1,-,1,5523526,5525430,3,1797,1797,1.0,91.72674847307053,2499,0.0,1801,100.0,True
GCA_032355295.1,TRI12,TRI12|Fusarium_poae,CP126885.1,-,1,5524813,5525430,1,1800,615,0.3416666666666667,80.484,468,6.91e-131,620,34.166666666666664,False
GCA_032355295.1,TRI7,TRI7|Fusarium_poae,CP126885.1,+,1,5504332,5505754,2,1398,1378,0.9856938483547926,81.14148554913294,1095,0.0,1384,98.56938483547926,True
GCA_032355295.1,TRI3,TRI3|Fusarium_pseudograminearum_CS3096,CP126885.1,+,1,5506552,5508314,4,1554,1519,0.9774774774774775,91.36094960732983,2093,0.0,1528,97.74774774774775,True
GCA_032355295.1,TRI3,TRI3|Fusarium_poae,CP126885.1,+,1,5506561,5507331,1,1560,777,0.4980769230769231,82.821,688,0.0,780,49.80769230769231,False
GCA_032355295.1,TRI4,TRI4|F_graminearum_PH-1,CP126885.1,-,1,5509486,5511229,4,1563,1556,0.9955214331413947,96.91912002567395,2613,0.0,1558,99.55214331413947,True
GCA_032355295.1,TRI4,TRI4|Fusarium_pseudograminearum,CP126885.1,-,1,5509486,5511229,4,1563,1563,1.0,97.443896485623,2670,0.0,1565,100.0,True
GCA_032355295.1,TRI4,TRI4|Fusarium_poae,CP126885.1,-,1,5509486,5510925,2,1563,1149,0.7351247600767754,86.08726782608694,1236,0.0,1150,73.51247600767753,True
GCA_032355295.1,TRI10,TRI10|Fusarium_pseudograminearum_CS3096,CP126885.1,+,1,5517836,5519185,2,1263,1252,0.9912905779889153,94.56905591054313,1937,0.0,1252,99.12905779889152,True
GCA_032355295.1,TRI10,TRI10|Fusarium_poae,CP126885.1,+,1,5517836,5518213,1,1263,378,0.2992874109263658,88.36,455,3.75e-127,378,29.928741092636578,False
GCA_032355295.1,TRI9,TRI9|F_graminearum_PH-1,CP126885.1,-,1,5519781,5519912,1,132,132,1.0,99.242,239,3.62e-63,132,100.0,True
GCA_032355295.1,TRI9,TRI9|XM_044858471.1:1-132,CP126885.1,-,1,5519781,5519912,1,132,132,1.0,87.121,150,1.75e-36,132,100.0,True
GCA_032355295.1,TRI14,TRI14|F_graminearum_PH-1,CP126885.1,+,1,5528778,5529946,2,1116,1116,1.0,99.5524686940966,2038,0.0,1118,100.0,True
GCA_032355295.1,TRI14,TRI14|F_poae,CP126885.1,+,1,5529017,5529907,1,928,891,0.9601293103448276,87.89199999999998,1048,0.0,892,96.01293103448276,True
GCA_032355295.1,TRI17,TRI17|F_graminearum_PH-1,CP126886.1,-,1,3595461,3596216,1,756,756,1.0,99.60300000000001,1380,0.0,756,100.0,True
GCA_032355295.1,TRI20,TRI20|F_graminearum_PH-1,CP126886.1,+,1,3608499,3609196,1,749,698,0.931909212283044,98.854,1245,0.0,698,93.1909212283044,True
GCA_032355295.1,TRI21,TRI21|F_graminearum_PH-1,CP126886.1,-,1,3611808,3612601,1,827,794,0.9600967351874244,99.37,1439,0.0,794,96.00967351874245,True
GCA_032355295.1,TRI22,TRI22|Fusarium_graminearum_PH-1,CP126885.1,-,1,4695925,4697740,3,1681,1681,1.0,99.28776379821959,3043,0.0,1685,100.0,True
GCA_032355295.1,TRI101,TRI101|Fusarium_graminearum_PH-1,CP126885.1,+,1,4702023,4704539,2,2469,2467,0.9991899554475496,97.28608748481167,4189,0.0,2469,99.91899554475496,True
GCA_032355295.1,TRI201,TRI201|Fusarium_graminearum_PH-1,CP126885.1,+,1,4699288,4700657,3,1267,1267,1.0,98.89659653270292,2268,0.0,1269,100.0,True
GCA_037074405.1,TRI1,TRI1|F_pseudograminearum_CS3096,CM073624.1,+,1,356462,358216,5,1539,1539,1.0,97.2133357096565,2614,0.0,1543,100.0,True
GCA_037074405.1,TRI5,TRI5|Fusarium_graminearum,CM073625.1,+,1,5472962,5474148,2,1128,1128,1.0,100.0,2085,0.0,1128,100.0,True
GCA_037074405.1,TRI5,TRI5|Fsporotrichioides_NRRL3299,CM073625.1,+,1,5472962,5474146,1,1185,1183,0.9983122362869198,85.017,1201,0.0,1188,99.83122362869197,True
GCA_037074405.1,TRI5,TRI5|Fusarium_pseudograminearum_CS3096,CM073625.1,+,1,5472962,5474146,2,1128,1126,0.99822695035461,95.55981793960923,1803,0.0,1126,99.822695035461,True
GCA_037074405.1,TRI5,TRI5|Fusarium_poae,CM073625.1,+,1,5472962,5474146,2,1134,1132,0.9982363315696648,86.86066049382717,1260,0.0,1134,99.82363315696648,True
GCA_037074405.1,TRI6,TRI6|Fusarium_graminearum,CM073625.1,+,1,5469418,5470074,1,657,657,1.0,96.499,1086,0.0,657,100.0,True
GCA_037074405.1,TRI6,TRI6|Fusarium_pseudograminearum_CS3096,CM073625.1,+,1,5469418,5470074,1,657,657,1.0,95.282,1042,0.0,657,100.0,True
GCA_037074405.1,TRI6,TRI6|Fusarium_poae,CM073625.1,+,1,5469418,5470074,2,693,664,0.9581529581529582,87.65042168674698,773,4.12e-174,664,95.81529581529583,True
GCA_037074405.1,TRI8,TRI8|Fusarium_graminearum_PH-1,CM073625.1,-,1,5459538,5460875,1,1338,1338,1.0,100.0,2471,0.0,1338,100.0,True
GCA_037074405.1,TRI8,TRI8|Fusarium_sporotrichioides,CM073625.1,-,1,5459538,5460875,1,1344,1344,1.0,82.114,1136,0.0,1353,100.0,True
GCA_037074405.1,TRI8,TRI8|Fusarium_pseudograminearum_CS3096,CM073625.1,-,1,5459604,5460875,1,1299,1266,0.9745958429561201,87.069,1430,0.0,1276,97.45958429561202,True
GCA_037074405.1,TRI8,TRI8|Fusarium_poae,CM073625.1,-,1,5459538,5460875,1,1341,1341,1.0,80.222,994,0.0,1350,100.0,True
GCA_037074405.1,TRI11,TRI11|Fusarium_graminearum_PH-1,CM073625.1,-,1,5478062,5479697,4,1479,1431,0.9675456389452333,100.0,2645,0.0,1431,96.75456389452333,True
GCA_037074405.1,TRI11,TRI11|Fusarium_sporotrichioides,CM073625.1,-,1,5478062,5479802,1,1722,1722,1.0,84.162,1663,0.0,1749,100.0,True
GCA_037074405.1,TRI11,TRI11|Fusarium_pseudograminearum,CM073625.1,-,1,5478062,5479693,4,1479,1424,0.9628127112914131,94.4522198033708,2194,0.0,1424,96.28127112914132,True
GCA_037074405.1,TRI11,TRI11|Fusarium_poae,CM073625.1,-,1,5478289,5479693,2,1479,952,0.6436781609195402,86.97477941176471,1073,0.0,952,64.36781609195403,False
GCA_037074405.1,TRI12,TRI12|Fusarium_graminearum,CM073625.1,-,1,5480360,5482336,3,1872,1872,1.0,99.9466923076923,3454,0.0,1872,100.0,True
GCA_037074405.1,TRI12,TRI12|Fusarium_sporotrichioides,CM073625.1,-,1,5480448,5482314,1,1902,1870,0.9831756046267087,80.587,1434,0.0,1875,98.31756046267087,True
GCA_037074405.1,TRI12,TRI12|Fusarium_pseudograminearum,CM073625.1,-,1,5480441,5482336,3,1797,1791,0.996661101836394,92.57813839285713,2572,0.0,1792,99.6661101836394,True
GCA_037074405.1,TRI3,TRI3|Fusarium_pseudograminearum_CS3096,CM073625.1,+,1,5463787,5465554,4,1554,1517,0.9761904761904762,92.33303014416775,2172,0.0,1526,97.61904761904762,True
GCA_037074405.1,TRI3,TRI3|Fusarium_poae,CM073625.1,+,1,5463796,5464566,1,1560,777,0.4980769230769231,83.548,721,0.0,778,49.80769230769231,False
GCA_037074405.1,TRI4,TRI4|F_graminearum_PH-1,CM073625.1,-,1,5466508,5468249,4,1563,1563,1.0,100.0,2892,0.0,1565,100.0,True
GCA_037074405.1,TRI4,TRI4|Fusarium_pseudograminearum,CM073625.1,-,1,5466508,5468249,4,1563,1556,0.9955214331413947,96.47224374599102,2575,0.0,1559,99.55214331413947,True
GCA_037074405.1,TRI4,TRI4|Fusarium_poae,CM073625.1,-,1,5466508,5467945,2,1563,1142,0.7306461932181701,86.00184776902887,1223,0.0,1143,73.06461932181702,True
GCA_037074405.1,TRI10,TRI10|Fusarium_pseudograminearum_CS3096,CM073625.1,+,1,5474816,5476168,2,1263,1263,1.0,93.91768799368089,1912,0.0,1266,100.0,True
GCA_037074405.1,TRI10,TRI10|Fusarium_poae,CM073625.1,+,1,5474816,5476162,2,1263,1257,0.995249406175772,85.86185067513901,1340,0.0,1259,99.5249406175772,True
GCA_037074405.1,TRI9,TRI9|F_graminearum_PH-1,CM073625.1,-,1,5476764,5476895,1,132,132,1.0,100.0,244,7.85e-65,132,100.0,True
GCA_037074405.1,TRI14,TRI14|F_graminearum_PH-1,CM073625.1,+,1,5485417,5486586,2,1116,1116,1.0,100.0,2066,0.0,1118,100.0,True
GCA_037074405.1,TRI14,TRI14|F_poae,CM073625.1,+,1,5485657,5486547,1,928,891,0.9601293103448276,87.991,1053,0.0,891,96.01293103448276,True
GCA_037074405.1,TRI17,TRI17|F_graminearum_PH-1,CM073626.1,-,1,3559675,3560430,1,756,756,1.0,99.868,1391,0.0,756,100.0,True
GCA_037074405.1,TRI20,TRI20|F_graminearum_PH-1,CM073626.1,+,1,3572746,3573446,1,749,701,0.9359145527369827,99.857,1290,0.0,701,93.59145527369826,True
GCA_037074405.1,TRI21,TRI21|F_graminearum_PH-1,CM073626.1,-,1,3576060,3576853,1,827,794,0.9600967351874244,99.74799999999999,1456,0.0,794,96.00967351874245,True
GCA_037074405.1,TRI22,TRI22|Fusarium_graminearum_PH-1,CM073625.1,-,1,4669101,4670919,3,1681,1681,1.0,100.0,3113,0.0,1685,100.0,True
GCA_037074405.1,TRI101,TRI101|Fusarium_graminearum_PH-1,CM073625.1,+,1,4675191,4677709,2,2469,2469,1.0,99.59511614730879,4509,0.0,2471,100.0,True
GCA_037074405.1,TRI201,TRI201|Fusarium_graminearum_PH-1,CM073625.1,+,1,4672467,4673836,3,1267,1267,1.0,99.6060646178093,2318,0.0,1269,100.0,True
GCA_037213105.1,TRI1,TRI1|F_pseudograminearum_CS3096,CP147677.1,+,1,336530,338284,5,1539,1539,1.0,97.34286260531431,2625,0.0,1543,100.0,True
GCA_037213105.1,TRI5,TRI5|Fusarium_graminearum,CP147678.1,+,1,5396227,5397414,2,1128,1128,1.0,96.45386968085106,1863,0.0,1128,100.0,True
GCA_037213105.1,TRI5,TRI5|Fsporotrichioides_NRRL3299,CP147678.1,+,1,5396227,5397412,1,1185,1183,0.9983122362869198,85.004,1201,0.0,1187,99.83122362869197,True
GCA_037213105.1,TRI5,TRI5|Fusarium_pseudograminearum_CS3096,CP147678.1,+,1,5396227,5397412,2,1128,1126,0.99822695035461,95.38187655417407,1793,0.0,1126,99.822695035461,True
GCA_037213105.1,TRI5,TRI5|Fusarium_poae,CP147678.1,+,1,5396227,5397412,2,1134,1132,0.9982363315696648,85.96622683142101,1205,1.45e-180,1133,99.82363315696648,True
GCA_037213105.1,TRI6,TRI6|Fusarium_graminearum,CP147678.1,+,1,5392684,5393340,1,657,657,1.0,96.651,1092,0.0,657,100.0,True
GCA_037213105.1,TRI6,TRI6|Fusarium_pseudograminearum_CS3096,CP147678.1,+,1,5392684,5393340,1,657,657,1.0,95.434,1048,0.0,657,100.0,True
GCA_037213105.1,TRI6,TRI6|Fusarium_poae,CP147678.1,+,1,5392684,5393340,2,693,664,0.9581529581529582,87.34947590361445,762,1.9099999999999997e-172,664,95.81529581529583,True
GCA_037213105.1,TRI8,TRI8|Fusarium_graminearum_PH-1,CP147678.1,-,1,5385172,5386437,1,1338,1272,0.9506726457399103,87.226,1441,0.0,1276,95.06726457399103,True
GCA_037213105.1,TRI8,TRI8|Fusarium_pseudograminearum_CS3096,CP147678.1,-,1,5385139,5386437,1,1299,1299,1.0,97.383,2211,0.0,1299,100.0,True
GCA_037213105.1,TRI11,TRI11|Fusarium_graminearum_PH-1,CP147678.1,-,1,5401345,5402988,4,1479,1424,0.9628127112914131,94.45258497191011,2194,0.0,1424,96.28127112914132,True
GCA_037213105.1,TRI11,TRI11|Fusarium_sporotrichioides,CP147678.1,-,1,5401345,5403097,1,1722,1722,1.0,83.011,1552,0.0,1760,100.0,True
GCA_037213105.1,TRI11,TRI11|Fusarium_pseudograminearum,CP147678.1,-,1,5401345,5402993,4,1479,1429,0.9661933739012847,95.87120153953813,2314,0.0,1429,96.61933739012846,True
GCA_037213105.1,TRI11,TRI11|Fusarium_poae,CP147678.1,-,1,5401572,5402988,3,1479,1270,0.8586883029073699,86.0064858490566,1361,0.0,1272,85.86883029073698,True
GCA_037213105.1,TRI12,TRI12|Fusarium_graminearum,CP147678.1,-,1,5403649,5405629,3,1872,1855,0.9909188034188035,90.67888146551725,2469,0.0,1856,99.09188034188034,True
GCA_037213105.1,TRI12,TRI12|Fusarium_pseudograminearum,CP147678.1,-,1,5403725,5405629,3,1797,1781,0.9910962715637173,95.06191470258136,2803,0.0,1782,99.10962715637173,True
GCA_037213105.1,TRI12,TRI12|Fusarium_poae,CP147678.1,-,1,5404249,5405629,2,1800,1310,0.7277777777777777,79.42306378132119,919,8.84e-140,1317,72.77777777777777,True
GCA_037213105.1,TRI3,TRI3|Fusarium_pseudograminearum_CS3096,CP147678.1,+,1,5387050,5388817,4,1554,1518,0.9768339768339769,95.43364187866929,2444,0.0,1533,97.68339768339769,True
GCA_037213105.1,TRI3,TRI3|Fusarium_poae,CP147678.1,+,1,5387059,5388361,2,1560,1253,0.8032051282051282,82.47026693227092,1091,2.04e-170,1255,80.32051282051282,True
GCA_037213105.1,TRI4,TRI4|F_graminearum_PH-1,CP147678.1,-,1,5389774,5391515,4,1563,1563,1.0,99.87222875399361,2881,0.0,1565,100.0,True
GCA_037213105.1,TRI4,TRI4|Fusarium_pseudograminearum,CP147678.1,-,1,5389774,5391515,4,1563,1556,0.9955214331413947,96.60045926876204,2586,0.0,1559,99.55214331413947,True
GCA_037213105.1,TRI4,TRI4|Fusarium_poae,CP147678.1,-,1,5389774,5391211,2,1563,1142,0.7306461932181701,86.1768372703412,1234,0.0,1143,73.06461932181702,True
GCA_037213105.1,TRI10,TRI10|Fusarium_pseudograminearum_CS3096,CP147678.1,+,1,5398082,5399434,2,1263,1263,1.0,93.60227883096366,1890,0.0,1266,100.0,True
GCA_037213105.1,TRI10,TRI10|Fusarium_poae,CP147678.1,+,1,5398082,5399428,2,1263,1257,0.995249406175772,85.78277760127085,1335,0.0,1259,99.5249406175772,True
GCA_037213105.1,TRI9,TRI9|F_graminearum_PH-1,CP147678.1,-,1,5400035,5400164,1,132,130,0.9848484848484849,99.231,235,4.7e-62,130,98.48484848484848,True
GCA_037213105.1,TRI9,TRI9|XM_044858471.1:1-132,CP147678.1,-,1,5400037,5400164,1,132,128,0.9696969696969697,87.5,148,6.300000000000001e-36,128,96.96969696969697,True
GCA_037213105.1,TRI14,TRI14|F_graminearum_PH-1,CP147678.1,+,1,5408704,5409873,2,1116,1116,1.0,99.91016100178891,2060,0.0,1118,100.0,True
GCA_037213105.1,TRI14,TRI14|F_poae,CP147678.1,+,1,5408944,5409834,1,928,891,0.9601293103448276,88.103,1059,0.0,891,96.01293103448276,True
GCA_037213105.1,TRI17,TRI17|F_graminearum_PH-1,CP147679.1,-,1,3676970,3677725,1,756,756,1.0,100.0,1397,0.0,756,100.0,True
GCA_037213105.1,TRI20,TRI20|F_graminearum_PH-1,CP147679.1,+,1,3690019,3690719,1,749,701,0.9359145527369827,100.0,1295,0.0,701,93.59145527369826,True
GCA_037213105.1,TRI21,TRI21|F_graminearum_PH-1,CP147679.1,-,1,3693335,3694128,1,827,794,0.9600967351874244,100.0,1467,0.0,794,96.00967351874245,True
GCA_037213105.1,TRI22,TRI22|Fusarium_graminearum_PH-1,CP147678.1,-,1,4627805,4629621,3,1681,1681,1.0,99.7626824925816,3089,0.0,1685,100.0,True
GCA_037213105.1,TRI101,TRI101|Fusarium_graminearum_PH-1,CP147678.1,+,1,4633896,4636414,2,2469,2469,1.0,99.59532335087009,4509,0.0,2471,100.0,True
GCA_037213105.1,TRI201,TRI201|Fusarium_graminearum_PH-1,CP147678.1,+,1,4631169,4632538,3,1267,1267,1.0,99.68455634357761,2323,0.0,1269,100.0,True
GCA_037255895.1,TRI1,TRI1|F_pseudograminearum_CS3096,CP147672.1,+,1,347881,349634,5,1539,1539,1.0,97.27798250162022,2620,0.0,1543,100.0,True
GCA_037255895.1,TRI5,TRI5|Fusarium_graminearum,CP147673.1,+,1,5452521,5453707,2,1128,1128,1.0,100.0,2085,0.0,1128,100.0,True
GCA_037255895.1,TRI5,TRI5|Fsporotrichioides_NRRL3299,CP147673.1,+,1,5452521,5453705,1,1185,1183,0.9983122362869198,85.017,1201,0.0,1188,99.83122362869197,True
GCA_037255895.1,TRI5,TRI5|Fusarium_pseudograminearum_CS3096,CP147673.1,+,1,5452521,5453705,2,1128,1126,0.99822695035461,95.55981793960923,1803,0.0,1126,99.822695035461,True
GCA_037255895.1,TRI5,TRI5|Fusarium_poae,CP147673.1,+,1,5452521,5453705,2,1134,1132,0.9982363315696648,86.86066049382717,1260,0.0,1134,99.82363315696648,True
GCA_037255895.1,TRI6,TRI6|Fusarium_graminearum,CP147673.1,+,1,5448984,5449640,1,657,657,1.0,96.499,1086,0.0,657,100.0,True
GCA_037255895.1,TRI6,TRI6|Fusarium_pseudograminearum_CS3096,CP147673.1,+,1,5448984,5449640,1,657,657,1.0,95.282,1042,0.0,657,100.0,True
GCA_037255895.1,TRI6,TRI6|Fusarium_poae,CP147673.1,+,1,5448984,5449640,2,693,664,0.9581529581529582,87.65042168674698,773,4.06e-174,664,95.81529581529583,True
GCA_037255895.1,TRI8,TRI8|Fusarium_graminearum_PH-1,CP147673.1,-,1,5439173,5440510,1,1338,1338,1.0,99.776,2455,0.0,1338,100.0,True
GCA_037255895.1,TRI8,TRI8|Fusarium_sporotrichioides,CP147673.1,-,1,5439173,5440510,1,1344,1344,1.0,82.114,1136,0.0,1353,100.0,True
GCA_037255895.1,TRI8,TRI8|Fusarium_pseudograminearum_CS3096,CP147673.1,-,1,5439239,5440510,1,1299,1266,0.9745958429561201,86.912,1419,0.0,1276,97.45958429561202,True
GCA_037255895.1,TRI8,TRI8|Fusarium_poae,CP147673.1,-,1,5439173,5440510,1,1341,1341,1.0,80.222,994,0.0,1350,100.0,True
GCA_037255895.1,TRI11,TRI11|Fusarium_graminearum_PH-1,CP147673.1,-,1,5457611,5459246,4,1479,1431,0.9675456389452333,99.51095877009085,2606,0.0,1431,96.75456389452333,True
GCA_037255895.1,TRI11,TRI11|Fusarium_sporotrichioides,CP147673.1,-,1,5457611,5459351,1,1722,1722,1.0,84.057,1652,0.0,1750,100.0,True
GCA_037255895.1,TRI11,TRI11|Fusarium_pseudograminearum,CP147673.1,-,1,5457611,5459242,4,1479,1424,0.9628127112914131,94.4522198033708,2194,0.0,1424,96.28127112914132,True
GCA_037255895.1,TRI11,TRI11|Fusarium_poae,CP147673.1,-,1,5457838,5459242,2,1479,952,0.6436781609195402,86.97442436974791,1072,0.0,952,64.36781609195403,False
GCA_037255895.1,TRI12,TRI12|Fusarium_graminearum,CP147673.1,-,1,5459909,5461885,3,1872,1872,1.0,99.89341506410257,3449,0.0,1872,100.0,True
GCA_037255895.1,TRI12,TRI12|Fusarium_sporotrichioides,CP147673.1,-,1,5459997,5461863,1,1902,1870,0.9831756046267087,80.544,1428,0.0,1876,98.31756046267087,True
GCA_037255895.1,TRI12,TRI12|Fusarium_pseudograminearum,CP147673.1,-,1,5459990,5461885,3,1797,1791,0.996661101836394,92.63392857142857,2578,0.0,1792,99.6661101836394,True
GCA_037255895.1,TRI3,TRI3|Fusarium_pseudograminearum_CS3096,CP147673.1,+,1,5443357,5445120,4,1554,1517,0.9761904761904762,92.26717431192661,2167,0.0,1526,97.61904761904762,True
GCA_037255895.1,TRI3,TRI3|Fusarium_poae,CP147673.1,+,1,5443366,5444136,1,1560,777,0.4980769230769231,83.162,704,0.0,778,49.80769230769231,False
GCA_037255895.1,TRI4,TRI4|F_graminearum_PH-1,CP147673.1,-,1,5446074,5447815,4,1563,1563,1.0,99.93580575079874,2887,0.0,1565,100.0,True
GCA_037255895.1,TRI4,TRI4|Fusarium_pseudograminearum,CP147673.1,-,1,5446074,5447815,4,1563,1556,0.9955214331413947,96.40813598460551,2569,0.0,1559,99.55214331413947,True
GCA_037255895.1,TRI4,TRI4|Fusarium_poae,CP147673.1,-,1,5446074,5447511,2,1563,1142,0.7306461932181701,86.08892388451443,1229,0.0,1143,73.06461932181702,True
GCA_037255895.1,TRI10,TRI10|Fusarium_pseudograminearum_CS3096,CP147673.1,+,1,5454375,5455727,2,1263,1263,1.0,93.83851658767773,1907,0.0,1266,100.0,True
GCA_037255895.1,TRI10,TRI10|Fusarium_poae,CP147673.1,+,1,5454375,5455721,2,1263,1257,0.995249406175772,85.78277760127085,1335,0.0,1259,99.5249406175772,True
GCA_037255895.1,TRI9,TRI9|F_graminearum_PH-1,CP147673.1,-,1,5456323,5456454,1,132,132,1.0,100.0,244,7.74e-65,132,100.0,True
GCA_037255895.1,TRI14,TRI14|F_graminearum_PH-1,CP147673.1,+,1,5464976,5466144,2,1116,1116,1.0,97.85301431127013,1933,0.0,1118,100.0,True
GCA_037255895.1,TRI14,TRI14|F_poae,CP147673.1,+,1,5465215,5466105,1,928,891,0.9601293103448276,86.981,1003,0.0,891,96.01293103448276,True
GCA_037255895.1,TRI17,TRI17|F_graminearum_PH-1,CP147675.1,-,1,3555354,3556109,1,756,756,1.0,99.471,1375,0.0,756,100.0,True
GCA_037255895.1,TRI20,TRI20|F_graminearum_PH-1,CP147675.1,+,1,3568421,3569121,1,749,701,0.9359145527369827,100.0,1295,0.0,701,93.59145527369826,True
GCA_037255895.1,TRI21,TRI21|F_graminearum_PH-1,CP147675.1,-,1,3571748,3572541,1,827,794,0.9600967351874244,99.622,1450,0.0,794,96.00967351874245,True
GCA_037255895.1,TRI22,TRI22|Fusarium_graminearum_PH-1,CP147673.1,-,1,4676674,4678492,3,1681,1681,1.0,99.82229198813057,3097,0.0,1685,100.0,True
GCA_037255895.1,TRI101,TRI101|Fusarium_graminearum_PH-1,CP147673.1,+,1,4682767,4685285,2,2469,2469,1.0,99.59492391744234,4509,0.0,2471,100.0,True
GCA_037255895.1,TRI201,TRI201|Fusarium_graminearum_PH-1,CP147673.1,+,1,4680040,4681409,3,1267,1267,1.0,99.36943104806934,2301,0.0,1269,100.0,True
GCA_038181435.1,TRI21,TRI21|F_graminearum_PH-1,CP151263.1,+,1,864807,865603,1,827,794,0.9600967351874244,80.893,616,1.33e-175,806,96.00967351874245,True
GCA_038181435.1,TRI22,TRI22|Fusarium_graminearum_PH-1,CP151266.1,-,1,428026,429753,3,1681,1550,0.9220701963117193,87.00095752895754,1751,0.0,1554,92.20701963117193,True
GCA_038181435.1,TRI101,TRI101|Fusarium_graminearum_PH-1,CP151266.1,+,1,434184,436488,2,2469,2278,0.9226407452409883,84.25883165719283,2191,0.0,2287,92.26407452409883,True
GCA_041870755.1,TRI5,TRI5|Fusarium_graminearum,CP167250.1,-,1,3744731,3745199,1,1128,469,0.4157801418439716,89.552,595,1.9600000000000002e-169,469,41.57801418439716,False
GCA_041870755.1,TRI5,TRI5|Fsporotrichioides_NRRL3299,CP167250.1,-,1,3744006,3745199,1,1185,1185,1.0,88.107,1410,0.0,1194,100.0,True
GCA_041870755.1,TRI5,TRI5|Fusarium_pseudograminearum_CS3096,CP167250.1,-,1,3744739,3745199,1,1128,461,0.40868794326241137,89.371,580,5.48e-165,461,40.86879432624114,False
GCA_041870755.1,TRI5,TRI5|Fusarium_poae,CP167250.1,-,1,3744006,3745199,2,1134,1134,1.0,93.29782098765432,1675,0.0,1134,100.0,True
GCA_041870755.1,TRI6,TRI6|Fusarium_graminearum,CP167250.1,-,1,3748027,3748713,2,657,657,1.0,87.42395,760,1.8599999999999998e-172,660,100.0,True
GCA_041870755.1,TRI6,TRI6|Fusarium_sporotrichioides,CP167250.1,-,1,3748631,3748713,1,657,83,0.1263318112633181,93.976,126,1.7699999999999999e-28,83,12.633181126331811,False
GCA_041870755.1,TRI6,TRI6|Fusarium_pseudograminearum_CS3096,CP167250.1,-,1,3748027,3748587,1,657,561,0.8538812785388128,86.655,621,1.85e-177,562,85.38812785388129,True
GCA_041870755.1,TRI6,TRI6|Fusarium_poae,CP167250.1,-,1,3748027,3748713,1,693,693,1.0,93.362,1020,0.0,693,100.0,True
GCA_041870755.1,TRI8,TRI8|Fusarium_graminearum_PH-1,CP167250.1,+,1,3757184,3758527,1,1338,1338,1.0,81.643,1103,0.0,1351,100.0,True
GCA_041870755.1,TRI8,TRI8|Fusarium_sporotrichioides,CP167250.1,+,1,3757184,3758527,1,1344,1344,1.0,88.262,1607,0.0,1346,100.0,True
GCA_041870755.1,TRI8,TRI8|Fusarium_pseudograminearum_CS3096,CP167250.1,+,1,3757184,3758453,1,1299,1258,0.968437259430331,80.863,983,0.0,1275,96.84372594303309,True
GCA_041870755.1,TRI8,TRI8|Fusarium_poae,CP167250.1,+,1,3757184,3758527,1,1341,1341,1.0,91.295,1831,0.0,1344,100.0,True
GCA_041870755.1,TRI11,TRI11|Fusarium_graminearum_PH-1,CP167250.1,+,1,3738569,3740191,3,1479,1105,0.7471264367816092,87.78282624434388,1295,0.0,1105,74.71264367816092,True
GCA_041870755.1,TRI11,TRI11|Fusarium_sporotrichioides,CP167250.1,+,1,3738467,3740191,1,1722,1722,1.0,86.848,1925,0.0,1726,100.0,True
GCA_041870755.1,TRI11,TRI11|Fusarium_pseudograminearum,CP167250.1,+,1,3738569,3740191,4,1479,1423,0.9621365787694388,87.85081179775281,1672,0.0,1424,96.21365787694388,True
GCA_041870755.1,TRI11,TRI11|Fusarium_poae,CP167250.1,+,1,3738565,3740191,4,1479,1431,0.9675456389452333,94.56453101045295,2219,0.0,1435,96.75456389452333,True
GCA_041870755.1,TRI12,TRI12|Fusarium_sporotrichioides,CP167250.1,+,1,3735991,3737887,1,1902,1902,1.0,81.751,1580,0.0,1907,100.0,True
GCA_041870755.1,TRI12,TRI12|Fusarium_pseudograminearum,CP167250.1,+,1,3736675,3737372,1,1797,698,0.3884251530328325,79.513,497,9.12e-140,698,38.84251530328325,False
GCA_041870755.1,TRI12,TRI12|Fusarium_poae,CP167250.1,+,1,3736001,3737890,3,1800,1786,0.9922222222222222,92.44132922732364,2552,0.0,1786,99.22222222222223,True
GCA_041870755.1,TRI13,TRI13|Fusarium_poae,CP167250.1,+,1,3733427,3735251,2,1764,1764,1.0,90.71357078142695,2354,0.0,1766,100.0,True
GCA_041870755.1,TRI7,TRI7|Fusarium_poae,CP167250.1,-,1,3755092,3756507,2,1398,1366,0.977110157367668,91.81270175438596,1907,0.0,1368,97.71101573676681,True
GCA_041870755.1,TRI3,TRI3|Fusarium_pseudograminearum_CS3096,CP167250.1,-,1,3752439,3753373,2,1554,611,0.39317889317889315,85.78460294117646,647,6.12e-136,612,39.31788931788932,False
GCA_041870755.1,TRI3,TRI3|Fusarium_poae,CP167250.1,-,1,3752439,3754206,3,1560,1386,0.8884615384615384,91.34808579668348,1896,0.0,1387,88.84615384615384,True
GCA_041870755.1,TRI4,TRI4|F_graminearum_PH-1,CP167250.1,+,1,3749859,3751087,2,1563,1170,0.7485604606525912,85.31161656703671,1209,0.0,1171,74.85604606525912,True
GCA_041870755.1,TRI4,TRI4|Fusarium_pseudograminearum,CP167250.1,+,1,3749846,3751094,2,1563,1191,0.761996161228407,83.68171799163179,1124,0.0,1195,76.1996161228407,True
GCA_041870755.1,TRI4,TRI4|Fusarium_poae,CP167250.1,+,1,3749828,3751568,4,1563,1563,1.0,92.79799681325686,2274,0.0,1569,100.0,True
GCA_041870755.1,TRI10,TRI10|Fusarium_pseudograminearum_CS3096,CP167250.1,-,1,3742977,3743355,1,1263,379,0.3000791765637371,88.91800000000002,468,4.999999999999999e-131,379,30.00791765637371,False
GCA_041870755.1,TRI10,TRI10|Fusarium_poae,CP167250.1,-,1,3742016,3743355,2,1263,1263,1.0,91.85741501976285,1766,0.0,1265,100.0,True
GCA_041870755.1,TRI9,TRI9|F_graminearum_PH-1,CP167250.1,+,1,3741271,3741402,1,132,132,1.0,88.636,161,8.36e-40,132,100.0,True
GCA_041870755.1,TRI9,TRI9|XM_044858471.1:1-132,CP167250.1,+,1,3741271,3741402,1,132,132,1.0,96.212,217,1.76e-56,132,100.0,True
GCA_041870755.1,TRI14,TRI14|F_graminearum_PH-1,CP167250.1,-,1,3731457,3732353,1,1116,897,0.803763440860215,87.514,1037,0.0,897,80.3763440860215,True
GCA_041870755.1,TRI14,TRI14|F_poae,CP167250.1,-,1,3731431,3732356,1,928,926,0.9978448275862069,92.549,1328,0.0,926,99.78448275862068,True
GCA_041870755.1,TRI16,TRI16|TRI16_Fsporotrichioides_,CP167249.1,-,1,62720,63945,1,1482,1226,0.8272604588394062,88.427,1478,0.0,1227,82.72604588394063,True
GCA_041870755.1,TRI17,TRI17|F_graminearum_PH-1,CP167251.1,-,1,3918855,3919606,1,756,756,1.0,92.19599999999998,1066,0.0,756,100.0,True
GCA_041870755.1,TRI20,TRI20|F_graminearum_PH-1,CP167251.1,+,1,3930532,3931229,1,749,698,0.931909212283044,87.268,797,0.0,699,93.1909212283044,True
GCA_041870755.1,TRI21,TRI21|F_graminearum_PH-1,CP167251.1,-,1,3933780,3934573,1,827,794,0.9600967351874244,92.065,1118,0.0,794,96.00967351874245,True
GCA_041870755.1,TRI22,TRI22|Fusarium_graminearum_PH-1,CP167250.1,-,1,4484939,4486730,3,1681,1678,0.9982153480071386,92.34430801186944,2379,0.0,1685,99.82153480071386,True
GCA_041870755.1,TRI101,TRI101|Fusarium_graminearum_PH-1,CP167250.1,+,1,4490950,4493449,2,2469,2467,0.9991899554475496,90.90193732308936,3299,0.0,2473,99.91899554475496,True
GCA_041870755.1,TRI201,TRI201|Fusarium_graminearum_PH-1,CP167250.1,+,1,4488242,4489610,3,1267,1266,0.9992107340173638,90.82341019607843,1692,0.0,1275,99.92107340173638,True
GCA_046056315.1,TRI1,TRI1|F_poae_DAOMC252244,CM100254.1,-,1,60588,62349,5,1536,1536,1.0,99.80702316602317,2854,0.0,1554,100.0,True
GCA_046056315.1,TRI5,TRI5|Fusarium_graminearum,CM100255.1,+,1,5867757,5868948,2,1128,1126,0.99822695035461,86.88368221830987,1260,0.0,1136,99.822695035461,True
GCA_046056315.1,TRI5,TRI5|Fsporotrichioides_NRRL3299,CM100255.1,+,1,5867757,5868950,1,1185,1185,1.0,88.526,1437,0.0,1194,100.0,True
GCA_046056315.1,TRI5,TRI5|Fusarium_pseudograminearum_CS3096,CM100255.1,+,1,5867757,5868950,2,1128,1120,0.9929078014184397,86.95625909494233,1261,0.0,1127,99.29078014184397,True
GCA_046056315.1,TRI5,TRI5|Fusarium_poae,CM100255.1,+,1,5867757,5868950,2,1134,1134,1.0,100.0,2096,0.0,1134,100.0,True
GCA_046056315.1,TRI6,TRI6|Fusarium_graminearum,CM100255.1,+,1,5862027,5862695,1,657,657,1.0,85.351,682,0.0,669,100.0,True
GCA_046056315.1,TRI6,TRI6|Fusarium_graminearum,CM100258.1,+,1,1112374,1113054,2,657,651,0.9908675799086758,87.6151009174312,760,1.02e-170,654,99.08675799086758,True
GCA_046056315.1,TRI6,TRI6|Fusarium_sporotrichioides,CM100255.1,+,1,5862027,5862695,1,657,657,1.0,84.478,649,0.0,670,100.0,True
GCA_046056315.1,TRI6,TRI6|Fusarium_sporotrichioides,CM100258.1,+,1,1112374,1113054,1,657,651,0.9908675799086758,83.554,610,4.69e-174,681,99.08675799086758,True
GCA_046056315.1,TRI6,TRI6|Fusarium_pseudograminearum_CS3096,CM100255.1,+,1,5862027,5862695,1,657,657,1.0,86.119,710,0.0,670,100.0,True
GCA_046056315.1,TRI6,TRI6|Fusarium_pseudograminearum_CS3096,CM100258.1,+,1,1112374,1113054,2,657,651,0.9908675799086758,88.24425496183206,783,4.66e-179,655,99.08675799086758,True
GCA_046056315.1,TRI6,TRI6|Fusarium_poae,CM100255.1,+,1,5862027,5862695,1,693,693,1.0,96.537,1125,0.0,693,100.0,True
GCA_046056315.1,TRI6,TRI6|Fusarium_poae,CM100258.1,+,1,1112374,1113054,1,693,687,0.9913419913419913,93.013,998,0.0,687,99.13419913419914,True
GCA_046056315.1,TRI8,TRI8|Fusarium_graminearum_PH-1,CM100255.1,-,1,5851507,5852847,1,1338,1338,1.0,80.222,994,0.0,1350,100.0,True
GCA_046056315.1,TRI8,TRI8|Fusarium_sporotrichioides,CM100255.1,-,1,5851507,5852847,1,1344,1344,1.0,84.918,1354,0.0,1346,100.0,True
GCA_046056315.1,TRI8,TRI8|Fusarium_poae,CM100255.1,-,1,5851507,5852847,1,1341,1341,1.0,100.0,2477,0.0,1341,100.0,True
GCA_046056315.1,TRI11,TRI11|Fusarium_graminearum_PH-1,CM100255.1,-,1,5873076,5874488,2,1479,952,0.6436781609195402,86.97477941176471,1073,0.0,952,64.36781609195403,False
GCA_046056315.1,TRI11,TRI11|Fusarium_sporotrichioides,CM100255.1,-,1,5872858,5874590,1,1722,1722,1.0,86.11,1855,0.0,1735,100.0,True
GCA_046056315.1,TRI11,TRI11|Fusarium_pseudograminearum,CM100255.1,-,1,5873076,5874488,3,1479,1267,0.8566599053414469,87.00782440944883,1428,0.0,1270,85.66599053414468,True
GCA_046056315.1,TRI11,TRI11|Fusarium_poae,CM100255.1,-,1,5872858,5874492,4,1479,1431,0.9675456389452333,99.79177669902913,2647,0.0,1442,96.75456389452333,True
GCA_046056315.1,TRI12,TRI12|Fusarium_pseudograminearum,CM100255.1,-,1,5875735,5877116,2,1797,1326,0.7378964941569283,80.15032631578947,987,1.36e-148,1330,73.78964941569282,True
GCA_046056315.1,TRI12,TRI12|Fusarium_poae,CM100255.1,-,1,5875209,5877116,3,1800,1799,0.9994444444444445,99.94455388888888,3321,0.0,1800,99.94444444444444,True
GCA_046056315.1,TRI13,TRI13|Fusarium_poae,CM100255.1,-,1,5877839,5879663,2,1764,1764,1.0,100.0,3262,0.0,1766,100.0,True
GCA_046056315.1,TRI7,TRI7|Fusarium_poae,CM100255.1,+,1,5853488,5854933,2,1398,1398,1.0,100.0,2587,0.0,1400,100.0,True
GCA_046056315.1,TRI3,TRI3|Fusarium_pseudograminearum_CS3096,CM100255.1,+,1,5856463,5857239,1,1554,771,0.49613899613899615,81.491,632,2.4199999999999997e-180,778,49.61389961389961,False
GCA_046056315.1,TRI3,TRI3|Fusarium_poae,CM100255.1,+,1,5856451,5858230,4,1560,1529,0.9801282051282051,99.93469562377531,2822,0.0,1531,98.01282051282051,True
GCA_046056315.1,TRI4,TRI4|F_graminearum_PH-1,CM100255.1,-,1,5859107,5860544,2,1563,1142,0.7306461932181701,86.00184776902887,1223,0.0,1143,73.06461932181702,True
GCA_046056315.1,TRI4,TRI4|Fusarium_pseudograminearum,CM100255.1,-,1,5859107,5860544,2,1563,1149,0.7351247600767754,85.82656869565217,1220,0.0,1150,73.51247600767753,True
GCA_046056315.1,TRI4,TRI4|Fusarium_poae,CM100255.1,-,1,5859107,5860848,4,1563,1563,1.0,99.93621159974506,2894,0.0,1569,100.0,True
GCA_046056315.1,TRI10,TRI10|Fusarium_pseudograminearum_CS3096,CM100255.1,+,1,5869648,5870981,2,1263,1257,0.995249406175772,85.47620952380953,1314,0.0,1260,99.5249406175772,True
GCA_046056315.1,TRI10,TRI10|Fusarium_poae,CM100255.1,+,1,5869648,5870987,2,1263,1263,1.0,100.0,2338,0.0,1265,100.0,True
GCA_046056315.1,TRI9,TRI9|XM_044858471.1:1-132,CM100255.1,-,1,5871595,5871726,1,132,132,1.0,100.0,244,9.45e-65,132,100.0,True
GCA_046056315.1,TRI14,TRI14|F_graminearum_PH-1,CM100255.1,+,1,5880735,5881625,1,1116,891,0.7983870967741935,87.991,1053,0.0,891,79.83870967741935,True
GCA_046056315.1,TRI14,TRI14|F_poae,CM100255.1,+,1,5880735,5881662,1,928,928,1.0,100.0,1714,0.0,928,100.0,True
GCA_046056315.1,TRI17,TRI17|F_graminearum_PH-1,CM100256.1,-,1,3658198,3658952,1,756,741,0.9801587301587301,89.68299999999999,950,0.0,756,98.01587301587301,True
GCA_046056315.1,TRI20,TRI20|F_graminearum_PH-1,CM100256.1,+,1,3669525,3670225,1,749,698,0.931909212283044,87.179,793,0.0,702,93.1909212283044,True
GCA_046056315.1,TRI21,TRI21|F_graminearum_PH-1,CM100256.1,-,1,3672799,3673592,1,827,794,0.9600967351874244,91.688,1101,0.0,794,96.00967351874245,True
GCA_046056315.1,TRI22,TRI22|Fusarium_graminearum_PH-1,CM100255.1,-,1,5057710,5059397,3,1681,1557,0.9262343842950624,93.08129404228059,2285,0.0,1561,92.62343842950625,True
GCA_046056315.1,TRI101,TRI101|Fusarium_graminearum_PH-1,CM100255.1,+,1,5063647,5066169,2,2469,2467,0.9991899554475496,90.99360056542812,3330,0.0,2476,99.91899554475496,True
GCA_046056315.1,TRI201,TRI201|Fusarium_graminearum_PH-1,CM100255.1,+,1,5060926,5061817,2,1267,840,0.6629834254143646,93.69776099881095,1261,0.0,841,66.29834254143645,False
GCA_047716405.1,TRI17,TRI17|F_graminearum_PH-1,JBLAUX010000012.1,+,1,828281,829013,1,756,733,0.9695767195767195,81.092,568,2.7800000000000002e-161,751,96.95767195767195,True
GCA_047716405.1,TRI21,TRI21|F_graminearum_PH-1,JBLAUX010000012.1,+,1,812763,813556,1,827,794,0.9600967351874244,86.776,885,0.0,794,96.00967351874245,True
GCA_047716405.1,TRI22,TRI22|Fusarium_graminearum_PH-1,JBLAUX010000001.1,-,1,1385523,1387261,3,1681,1566,0.9315883402736467,90.1690688791484,2074,0.0,1597,93.15883402736466,True
GCA_047716405.1,TRI101,TRI101|Fusarium_graminearum_PH-1,JBLAUX010000001.1,+,1,1391522,1394039,2,2469,2467,0.9991899554475496,86.84965832997177,2755,0.0,2479,99.91899554475496,True
GCA_047716405.1,TRI201,TRI201|Fusarium_graminearum_PH-1,JBLAUX010000001.1,+,1,1388819,1389710,2,1267,840,0.6629834254143646,88.34688585017835,1011,0.0,841,66.29834254143645,False
GCA_050859235.1,TRI21,TRI21|F_graminearum_PH-1,CM116341.1,-,1,4178607,4179403,1,827,794,0.9600967351874244,80.841,610,6.11e-174,809,96.00967351874245,True
GCA_050859235.1,TRI22,TRI22|Fusarium_graminearum_PH-1,CM116345.1,-,1,489065,490588,2,1681,1401,0.8334324806662701,87.25044230769231,1601,0.0,1404,83.34324806662701,True
GCA_050859235.1,TRI101,TRI101|Fusarium_graminearum_PH-1,CM116345.1,+,1,495224,497528,2,2469,2278,0.9226407452409883,84.39014997813729,2208,0.0,2287,92.26407452409883,True
GCA_050916195.1,TRI1,TRI1|F_pseudograminearum_CS3096,CP099494.1,+,1,436937,438690,5,1539,1539,1.0,97.53738107582632,2642,0.0,1543,100.0,True
GCA_050916195.1,TRI5,TRI5|Fusarium_graminearum,CP099493.1,+,1,5465325,5466513,2,1128,1128,1.0,95.1240815602837,1779,0.0,1128,100.0,True
GCA_050916195.1,TRI5,TRI5|Fsporotrichioides_NRRL3299,CP099493.1,+,1,5465325,5466511,1,1185,1183,0.9983122362869198,85.055,1203,0.0,1191,99.83122362869197,True
GCA_050916195.1,TRI5,TRI5|Fusarium_pseudograminearum_CS3096,CP099493.1,+,1,5465325,5466511,2,1128,1126,0.99822695035461,94.5825861456483,1743,0.0,1126,99.822695035461,True
GCA_050916195.1,TRI5,TRI5|Fusarium_poae,CP099493.1,+,1,5465325,5466511,2,1134,1132,0.9982363315696648,86.40752603706973,1233,0.0,1133,99.82363315696648,True
GCA_050916195.1,TRI6,TRI6|Fusarium_graminearum,CP099493.1,+,1,5461745,5462401,1,657,657,1.0,95.434,1048,0.0,657,100.0,True
GCA_050916195.1,TRI6,TRI6|Fusarium_sporotrichioides,CP099493.1,+,1,5461745,5462401,1,657,657,1.0,84.394,643,0.0,660,100.0,True
GCA_050916195.1,TRI6,TRI6|Fusarium_pseudograminearum_CS3096,CP099493.1,+,1,5461745,5462401,1,657,657,1.0,98.326,1153,0.0,657,100.0,True
GCA_050916195.1,TRI6,TRI6|Fusarium_poae,CP099493.1,+,1,5461745,5462401,2,693,664,0.9581529581529582,87.9702105263158,785,4.2000000000000004e-179,665,95.81529581529583,True
GCA_050916195.1,TRI8,TRI8|Fusarium_graminearum_PH-1,CP099493.1,-,1,5454228,5455493,1,1338,1272,0.9506726457399103,86.991,1424,0.0,1276,95.06726457399103,True
GCA_050916195.1,TRI8,TRI8|Fusarium_sporotrichioides,CP099493.1,-,1,5454237,5455493,1,1344,1269,0.9441964285714286,81.113,998,0.0,1276,94.41964285714286,True
GCA_050916195.1,TRI8,TRI8|Fusarium_pseudograminearum_CS3096,CP099493.1,-,1,5454195,5455493,1,1299,1299,1.0,97.691,2233,0.0,1299,100.0,True
GCA_050916195.1,TRI8,TRI8|Fusarium_poae,CP099493.1,-,1,5454237,5455493,1,1341,1266,0.9440715883668904,79.593,883,0.0,1279,94.40715883668904,True
GCA_050916195.1,TRI11,TRI11|Fusarium_graminearum_PH-1,CP099493.1,-,1,5470600,5472227,4,1479,1424,0.9628127112914131,94.03062991573033,2161,0.0,1424,96.28127112914132,True
GCA_050916195.1,TRI11,TRI11|Fusarium_sporotrichioides,CP099493.1,-,1,5470600,5472336,1,1722,1722,1.0,84.268,1670,0.0,1748,100.0,True
GCA_050916195.1,TRI11,TRI11|Fusarium_pseudograminearum,CP099493.1,-,1,5470600,5472232,4,1479,1429,0.9661933739012847,96.78076207137856,2387,0.0,1429,96.61933739012846,True
GCA_050916195.1,TRI11,TRI11|Fusarium_poae,CP099493.1,-,1,5470822,5472227,3,1479,1270,0.8586883029073699,86.64549882168107,1406,0.0,1273,85.86883029073698,True
GCA_050916195.1,TRI12,TRI12|Fusarium_graminearum,CP099493.1,-,1,5472902,5474883,3,1872,1858,0.9925213675213675,90.58635556750941,2463,0.0,1859,99.25213675213675,True
GCA_050916195.1,TRI12,TRI12|Fusarium_sporotrichioides,CP099493.1,-,1,5473000,5474861,1,1902,1861,0.9784437434279706,79.712,1327,0.0,1878,97.84437434279705,True
GCA_050916195.1,TRI12,TRI12|Fusarium_pseudograminearum,CP099493.1,-,1,5472978,5474883,3,1797,1797,1.0,95.82854949944382,2906,0.0,1798,100.0,True
GCA_050916195.1,TRI3,TRI3|Fusarium_pseudograminearum_CS3096,CP099493.1,+,1,5456103,5457871,4,1554,1519,0.9774774774774775,97.58787353324642,2629,0.0,1534,97.74774774774775,True
GCA_050916195.1,TRI3,TRI3|Fusarium_poae,CP099493.1,+,1,5456116,5457412,2,1560,1247,0.7993589743589744,83.26664371497198,1141,0.0,1249,79.93589743589745,True
GCA_050916195.1,TRI4,TRI4|F_graminearum_PH-1,CP099493.1,-,1,5458827,5460570,4,1563,1556,0.9955214331413947,97.68939281129654,2680,0.0,1558,99.55214331413947,True
GCA_050916195.1,TRI4,TRI4|Fusarium_pseudograminearum,CP099493.1,-,1,5458827,5460570,4,1563,1563,1.0,97.19052873563217,2648,0.0,1566,100.0,True
GCA_050916195.1,TRI4,TRI4|Fusarium_poae,CP099493.1,-,1,5458827,5460266,2,1563,1142,0.7306461932181701,85.91429921259842,1218,0.0,1143,73.06461932181702,True
GCA_050916195.1,TRI10,TRI10|Fusarium_pseudograminearum_CS3096,CP099493.1,+,1,5467221,5468588,2,1263,1258,0.9960411718131433,93.3389516256939,1865,0.0,1261,99.60411718131434,True
GCA_050916195.1,TRI10,TRI10|Fusarium_poae,CP099493.1,+,1,5467221,5468587,2,1263,1257,0.995249406175772,85.2383,1295,0.0,1260,99.5249406175772,True
GCA_050916195.1,TRI9,TRI9|F_graminearum_PH-1,CP099493.1,-,1,5469195,5469326,1,132,132,1.0,97.727,228,8.12e-60,132,100.0,True
GCA_050916195.1,TRI9,TRI9|XM_044858471.1:1-132,CP099493.1,-,1,5469195,5469326,1,132,132,1.0,88.636,161,8.35e-40,132,100.0,True
GCA_050916195.1,TRI14,TRI14|F_graminearum_PH-1,CP099493.1,+,1,5478035,5479208,2,1116,1116,1.0,99.10516994633274,2010,0.0,1118,100.0,True
GCA_050916195.1,TRI14,TRI14|F_poae,CP099493.1,+,1,5478279,5479169,1,928,891,0.9601293103448276,87.654,1037,0.0,891,96.01293103448276,True
GCA_050916195.1,TRI17,TRI17|F_graminearum_PH-1,CP099492.1,-,1,3676953,3677709,1,756,756,1.0,99.604,1380,0.0,757,100.0,True
GCA_050916195.1,TRI20,TRI20|F_graminearum_PH-1,CP099492.1,+,1,3690001,3690698,1,749,698,0.931909212283044,99.427,1267,0.0,698,93.1909212283044,True
GCA_050916195.1,TRI21,TRI21|F_graminearum_PH-1,CP099492.1,-,1,3693315,3694108,1,827,794,0.9600967351874244,99.118,1428,0.0,794,96.00967351874245,True
GCA_050916195.1,TRI22,TRI22|Fusarium_graminearum_PH-1,CP099493.1,-,1,4693479,4695291,3,1681,1681,1.0,98.99096023738873,3014,0.0,1685,100.0,True
GCA_050916195.1,TRI101,TRI101|Fusarium_graminearum_PH-1,CP099493.1,+,1,4699568,4702084,2,2469,2467,0.9991899554475496,97.20496395301743,4178,0.0,2469,99.91899554475496,True
GCA_050916195.1,TRI201,TRI201|Fusarium_graminearum_PH-1,CP099493.1,+,1,4696833,4698202,3,1267,1267,1.0,99.29061780929867,2295,0.0,1269,100.0,True
GCA_051903665.1,TRI1,TRI1|F_pseudograminearum_CS3096,CM122890.1,+,1,345129,346881,5,1539,1539,1.0,97.86119896305897,2670,0.0,1543,100.0,True
GCA_051903665.1,TRI5,TRI5|Fusarium_graminearum,CM122891.1,+,1,5510905,5512082,2,1128,1126,0.99822695035461,95.0265159857904,1770,0.0,1126,99.822695035461,True
GCA_051903665.1,TRI5,TRI5|Fsporotrichioides_NRRL3299,CM122891.1,+,1,5510905,5512084,1,1185,1185,1.0,84.228,1142,0.0,1192,100.0,True
GCA_051903665.1,TRI5,TRI5|Fusarium_pseudograminearum_CS3096,CM122891.1,+,1,5510905,5512084,2,1128,1128,1.0,95.30160638297872,1791,0.0,1128,100.0,True
GCA_051903665.1,TRI5,TRI5|Fusarium_poae,CM122891.1,+,1,5510905,5512084,2,1134,1134,1.0,86.44377376760563,1237,0.0,1136,100.0,True
GCA_051903665.1,TRI6,TRI6|Fusarium_graminearum,CM122891.1,+,1,5507322,5507978,1,657,657,1.0,95.593,1053,0.0,658,100.0,True
GCA_051903665.1,TRI6,TRI6|Fusarium_sporotrichioides,CM122891.1,+,1,5507322,5507978,1,657,657,1.0,83.359,604,1.79e-172,661,100.0,True
GCA_051903665.1,TRI6,TRI6|Fusarium_pseudograminearum_CS3096,CM122891.1,+,1,5507322,5507978,1,657,657,1.0,96.049,1070,0.0,658,100.0,True
GCA_051903665.1,TRI6,TRI6|Fusarium_poae,CM122891.1,+,1,5507322,5507978,2,693,664,0.9581529581529582,87.2183007518797,756,1.9e-172,665,95.81529581529583,True
GCA_051903665.1,TRI8,TRI8|Fusarium_graminearum_PH-1,CM122891.1,-,1,5497267,5498601,1,1338,1338,1.0,88.49,1615,0.0,1338,100.0,True
GCA_051903665.1,TRI8,TRI8|Fusarium_pseudograminearum_CS3096,CM122891.1,-,1,5497340,5498601,1,1299,1259,0.9692070823710547,89.652,1602,0.0,1266,96.92070823710547,True
GCA_051903665.1,TRI8,TRI8|Fusarium_poae,CM122891.1,-,1,5497267,5498601,1,1341,1341,1.0,80.562,1014,0.0,1353,100.0,True
GCA_051903665.1,TRI11,TRI11|Fusarium_graminearum_PH-1,CM122891.1,-,1,5516058,5517690,4,1479,1423,0.9621365787694388,93.81606957132817,2143,0.0,1423,96.21365787694388,True
GCA_051903665.1,TRI11,TRI11|Fusarium_sporotrichioides,CM122891.1,-,1,5516058,5517795,1,1722,1720,0.9988385598141696,84.668,1709,0.0,1748,99.88385598141696,True
GCA_051903665.1,TRI11,TRI11|Fusarium_pseudograminearum,CM122891.1,-,1,5516058,5517686,4,1479,1419,0.9594320486815415,93.7983974630021,2136,0.0,1419,95.94320486815415,True
GCA_051903665.1,TRI11,TRI11|Fusarium_poae,CM122891.1,-,1,5516283,5517686,3,1479,1266,0.8559837728194726,87.53939668769715,1464,0.0,1268,85.59837728194725,True
GCA_051903665.1,TRI12,TRI12|Fusarium_graminearum,CM122891.1,-,1,5518389,5520346,3,1872,1842,0.9839743589743589,91.17516892257716,2504,0.0,1847,98.3974358974359,True
GCA_051903665.1,TRI12,TRI12|Fusarium_sporotrichioides,CM122891.1,-,1,5518455,5520313,1,1902,1862,0.9789695057833859,80.192,1380,0.0,1873,97.89695057833859,True
GCA_051903665.1,TRI12,TRI12|Fusarium_pseudograminearum,CM122891.1,-,1,5518442,5520346,3,1797,1797,1.0,91.72674847307053,2499,0.0,1801,100.0,True
GCA_051903665.1,TRI12,TRI12|Fusarium_poae,CM122891.1,-,1,5519729,5520346,1,1800,615,0.3416666666666667,80.484,468,6.9e-131,620,34.166666666666664,False
GCA_051903665.1,TRI7,TRI7|Fusarium_poae,CM122891.1,+,1,5499248,5500670,2,1398,1378,0.9856938483547926,81.14148554913294,1095,0.0,1384,98.56938483547926,True
GCA_051903665.1,TRI3,TRI3|Fusarium_pseudograminearum_CS3096,CM122891.1,+,1,5501468,5503230,4,1554,1519,0.9774774774774775,91.36094960732983,2093,0.0,1528,97.74774774774775,True
GCA_051903665.1,TRI3,TRI3|Fusarium_poae,CM122891.1,+,1,5501477,5502247,1,1560,777,0.4980769230769231,82.821,688,0.0,780,49.80769230769231,False
GCA_051903665.1,TRI4,TRI4|F_graminearum_PH-1,CM122891.1,-,1,5504402,5506145,4,1563,1556,0.9955214331413947,96.91912002567395,2613,0.0,1558,99.55214331413947,True
GCA_051903665.1,TRI4,TRI4|Fusarium_pseudograminearum,CM122891.1,-,1,5504402,5506145,4,1563,1563,1.0,97.443896485623,2670,0.0,1565,100.0,True
GCA_051903665.1,TRI4,TRI4|Fusarium_poae,CM122891.1,-,1,5504402,5505841,2,1563,1149,0.7351247600767754,86.08726782608694,1236,0.0,1150,73.51247600767753,True
GCA_051903665.1,TRI10,TRI10|Fusarium_pseudograminearum_CS3096,CM122891.1,+,1,5512752,5514101,2,1263,1252,0.9912905779889153,94.56905591054313,1937,0.0,1252,99.12905779889152,True
GCA_051903665.1,TRI10,TRI10|Fusarium_poae,CM122891.1,+,1,5512752,5513129,1,1263,378,0.2992874109263658,88.36,455,3.75e-127,378,29.928741092636578,False
GCA_051903665.1,TRI9,TRI9|F_graminearum_PH-1,CM122891.1,-,1,5514697,5514828,1,132,132,1.0,99.242,239,3.62e-63,132,100.0,True
GCA_051903665.1,TRI9,TRI9|XM_044858471.1:1-132,CM122891.1,-,1,5514697,5514828,1,132,132,1.0,87.121,150,1.74e-36,132,100.0,True
GCA_051903665.1,TRI14,TRI14|F_graminearum_PH-1,CM122891.1,+,1,5523694,5524862,2,1116,1116,1.0,99.5524686940966,2038,0.0,1118,100.0,True
GCA_051903665.1,TRI14,TRI14|F_poae,CM122891.1,+,1,5523933,5524823,1,928,891,0.9601293103448276,87.89199999999998,1048,0.0,892,96.01293103448276,True
GCA_051903665.1,TRI17,TRI17|F_graminearum_PH-1,CM122893.1,+,1,4332706,4333461,1,756,756,1.0,99.60300000000001,1380,0.0,756,100.0,True
GCA_051903665.1,TRI20,TRI20|F_graminearum_PH-1,CM122893.1,-,1,4319715,4320415,1,749,701,0.9359145527369827,98.573,1240,0.0,701,93.59145527369826,True
GCA_051903665.1,TRI21,TRI21|F_graminearum_PH-1,CM122893.1,+,1,4316313,4317106,1,827,794,0.9600967351874244,99.37,1439,0.0,794,96.00967351874245,True
GCA_051903665.1,TRI22,TRI22|Fusarium_graminearum_PH-1,CM122891.1,-,1,4691085,4692900,3,1681,1681,1.0,99.28776379821959,3043,0.0,1685,100.0,True
GCA_051903665.1,TRI101,TRI101|Fusarium_graminearum_PH-1,CM122891.1,+,1,4697183,4699699,2,2469,2467,0.9991899554475496,97.28608748481167,4189,0.0,2469,99.91899554475496,True
GCA_051903665.1,TRI201,TRI201|Fusarium_graminearum_PH-1,CM122891.1,+,1,4694448,4695817,3,1267,1267,1.0,98.97561150512215,2273,0.0,1269,100.0,True
GCA_052857265.1,TRI1,TRI1|F_poae_DAOMC252244,JAOANM010000002.1,+,1,1678745,1679176,1,1536,426,0.27734375,82.949,383,2.1500000000000002e-105,434,27.734375,False
GCA_052857265.1,TRI5,TRI5|Fusarium_graminearum,JAOANM010000002.1,+,1,1672703,1673879,2,1128,1114,0.9875886524822695,79.99976412556053,819,7.120000000000001e-124,1115,98.75886524822694,True
GCA_052857265.1,TRI5,TRI5|Fsporotrichioides_NRRL3299,JAOANM010000002.1,+,1,1672703,1673794,1,1185,1100,0.9282700421940928,80.252,811,0.0,1109,92.82700421940928,True
GCA_052857265.1,TRI5,TRI5|Fusarium_pseudograminearum_CS3096,JAOANM010000002.1,+,1,1673224,1673811,1,1128,588,0.5212765957446809,79.762,427,7.17e-119,588,52.12765957446809,False
GCA_052857265.1,TRI11,TRI11|Fusarium_graminearum_PH-1,JAOANM010000002.1,-,1,1680709,1681478,1,1479,770,0.5206220419202163,79.819,558,3.2099999999999998e-158,773,52.06220419202163,False
GCA_052857265.1,TRI7,TRI7|Fusarium_poae,JAOANM010000002.1,-,1,1693343,1694078,1,1398,733,0.5243204577968527,72.267,204,1.64e-51,750,52.43204577968527,False
GCA_052857265.1,TRI4,TRI4|F_graminearum_PH-1,JAOANM010000002.1,-,1,1666056,1666236,1,1563,178,0.11388355726167626,80.874,137,1.8900000000000001e-31,183,11.388355726167626,False
GCA_052857265.1,TRI4,TRI4|Fusarium_pseudograminearum,JAOANM010000002.1,-,1,1666070,1666236,1,1563,167,0.10684580934101087,81.657,137,1.8900000000000001e-31,169,10.684580934101087,False
GCA_052857265.1,TRI17,TRI17|F_graminearum_PH-1,JAOANM010000017.1,-,1,452975,453419,1,756,445,0.5886243386243386,85.045,451,2.82e-126,448,58.86243386243386,False
GCA_052857265.1,TRI21,TRI21|F_graminearum_PH-1,JAOANM010000017.1,-,1,469098,469894,1,827,794,0.9600967351874244,84.442,782,0.0,797,96.00967351874245,True
GCA_052857265.1,TRI22,TRI22|Fusarium_graminearum_PH-1,JAOANM010000002.1,-,1,467973,469421,2,1681,1401,0.8334324806662701,88.38992592592594,1691,0.0,1404,83.34324806662701,True
GCA_052857265.1,TRI101,TRI101|Fusarium_graminearum_PH-1,JAOANM010000002.1,+,1,474019,476350,2,2469,2289,0.9270959902794653,88.26347294938917,2734,0.0,2292,92.70959902794654,True
GCA_052857265.1,TRI201,TRI201|Fusarium_graminearum_PH-1,JAOANM010000002.1,+,1,471461,471997,1,1267,540,0.4262036306235201,87.638,623,9.59e-178,542,42.62036306235201,False
GCA_053843395.1,TRI22,TRI22|Fusarium_graminearum_PH-1,CM132618.1,-,1,1843054,1844213,1,1681,1160,0.6900654372397382,87.672,1351,0.0,1160,69.00654372397382,False
GCA_053843395.1,TRI101,TRI101|Fusarium_graminearum_PH-1,CM132618.1,+,1,1849092,1850355,1,2469,1273,0.51559335763467,84.471,1245,0.0,1275,51.559335763467,False
GCA_053843395.1,TRI201,TRI201|Fusarium_graminearum_PH-1,CM132618.1,+,1,1846157,1847044,2,1267,837,0.6606156274664562,86.41198331346843,917,1.48e-176,839,66.06156274664562,False
GCA_054553065.1,TRI1,TRI1|F_pseudograminearum_CS3096,CM137277.1,-,1,11550678,11552431,5,1539,1539,1.0,97.80069081500648,2671,0.0,1546,100.0,True
GCA_054553065.1,TRI5,TRI5|Fusarium_graminearum,CM137278.1,-,1,3529135,3530312,2,1128,1126,0.99822695035461,95.20447779751332,1781,0.0,1126,99.822695035461,True
GCA_054553065.1,TRI5,TRI5|Fsporotrichioides_NRRL3299,CM137278.1,-,1,3529133,3530312,1,1185,1185,1.0,84.158,1136,0.0,1193,100.0,True
GCA_054553065.1,TRI5,TRI5|Fusarium_pseudograminearum_CS3096,CM137278.1,-,1,3529133,3530312,2,1128,1128,1.0,95.478625,1802,0.0,1128,100.0,True
GCA_054553065.1,TRI5,TRI5|Fusarium_poae,CM137278.1,-,1,3529133,3530312,2,1134,1134,1.0,86.44377376760563,1237,0.0,1136,100.0,True
GCA_054553065.1,TRI6,TRI6|Fusarium_graminearum,CM137278.1,-,1,3533252,3533908,1,657,657,1.0,95.593,1053,0.0,658,100.0,True
GCA_054553065.1,TRI6,TRI6|Fusarium_sporotrichioides,CM137278.1,-,1,3533252,3533908,1,657,657,1.0,83.964,627,3.8000000000000004e-179,661,100.0,True
GCA_054553065.1,TRI6,TRI6|Fusarium_pseudograminearum_CS3096,CM137278.1,-,1,3533252,3533908,1,657,657,1.0,95.745,1059,0.0,658,100.0,True
GCA_054553065.1,TRI6,TRI6|Fusarium_poae,CM137278.1,-,1,3533252,3533908,2,693,664,0.9581529581529582,87.9702105263158,785,4.01e-179,665,95.81529581529583,True
GCA_054553065.1,TRI8,TRI8|Fusarium_graminearum_PH-1,CM137278.1,+,1,3542442,3543776,1,1338,1338,1.0,88.358,1604,0.0,1340,100.0,True
GCA_054553065.1,TRI8,TRI8|Fusarium_pseudograminearum_CS3096,CM137278.1,+,1,3542442,3543703,1,1299,1259,0.9692070823710547,88.942,1552,0.0,1266,96.92070823710547,True
GCA_054553065.1,TRI8,TRI8|Fusarium_poae,CM137278.1,+,1,3542442,3543701,1,1341,1266,0.9440715883668904,81.24,1009,0.0,1274,94.40715883668904,True
GCA_054553065.1,TRI11,TRI11|Fusarium_graminearum_PH-1,CM137278.1,+,1,3523501,3525137,4,1479,1428,0.9655172413793104,94.0723758716876,2180,0.0,1434,96.55172413793103,True
GCA_054553065.1,TRI11,TRI11|Fusarium_sporotrichioides,CM137278.1,+,1,3523396,3525137,1,1722,1722,1.0,85.003,1748,0.0,1747,100.0,True
GCA_054553065.1,TRI11,TRI11|Fusarium_pseudograminearum,CM137278.1,+,1,3523505,3525137,4,1479,1424,0.9628127112914131,94.05566853146853,2172,0.0,1430,96.28127112914132,True
GCA_054553065.1,TRI11,TRI11|Fusarium_poae,CM137278.1,+,1,3523505,3524909,3,1479,1266,0.8559837728194726,87.8547429022082,1487,0.0,1268,85.59837728194725,True
GCA_054553065.1,TRI12,TRI12|Fusarium_graminearum,CM137278.1,+,1,3520844,3522822,3,1872,1866,0.9967948717948718,91.28789898450027,2547,0.0,1871,99.67948717948718,True
GCA_054553065.1,TRI12,TRI12|Fusarium_sporotrichioides,CM137278.1,+,1,3520844,3522717,1,1902,1877,0.9868559411146162,80.392,1413,0.0,1887,98.68559411146161,True
GCA_054553065.1,TRI12,TRI12|Fusarium_pseudograminearum,CM137278.1,+,1,3520844,3522739,3,1797,1791,0.996661101836394,92.18736607142857,2536,0.0,1792,99.6661101836394,True
GCA_054553065.1,TRI12,TRI12|Fusarium_poae,CM137278.1,+,1,3520844,3522225,2,1800,1325,0.7361111111111112,80.34603313253012,1003,1.86e-146,1328,73.61111111111111,True
GCA_054553065.1,TRI7,TRI7|Fusarium_poae,CM137278.1,-,1,3540372,3541794,2,1398,1375,0.9835479256080114,80.76911103047895,1066,2.2900000000000002e-179,1378,98.35479256080114,True
GCA_054553065.1,TRI3,TRI3|Fusarium_pseudograminearum_CS3096,CM137278.1,-,1,3537797,3539559,4,1554,1522,0.9794079794079794,91.54816580645162,2138,0.0,1550,97.94079794079794,True
GCA_054553065.1,TRI3,TRI3|Fusarium_poae,CM137278.1,-,1,3538768,3539547,1,1560,786,0.5038461538461538,83.122,710,0.0,788,50.38461538461539,False
GCA_054553065.1,TRI4,TRI4|F_graminearum_PH-1,CM137278.1,+,1,3535076,3536814,4,1563,1555,0.9948816378758797,97.2345774919614,2632,0.0,1555,99.48816378758796,True
GCA_054553065.1,TRI4,TRI4|Fusarium_pseudograminearum,CM137278.1,+,1,3535076,3536814,4,1563,1563,1.0,96.61325111821085,2595,0.0,1565,100.0,True
GCA_054553065.1,TRI4,TRI4|Fusarium_poae,CM137278.1,+,1,3535377,3536814,2,1563,1152,0.7370441458733206,85.52876603119584,1199,0.0,1154,73.70441458733205,True
GCA_054553065.1,TRI10,TRI10|Fusarium_pseudograminearum_CS3096,CM137278.1,-,1,3527112,3528461,2,1263,1252,0.9912905779889153,94.80822444089456,1953,0.0,1252,99.12905779889152,True
GCA_054553065.1,TRI10,TRI10|Fusarium_poae,CM137278.1,-,1,3528084,3528461,1,1263,378,0.2992874109263658,89.418,477,7.929999999999999e-134,378,29.928741092636578,False
GCA_054553065.1,TRI9,TRI9|F_graminearum_PH-1,CM137278.1,+,1,3526381,3526512,1,132,132,1.0,99.242,239,3.58e-63,132,100.0,True
GCA_054553065.1,TRI9,TRI9|XM_044858471.1:1-132,CM137278.1,+,1,3526381,3526512,1,132,132,1.0,87.121,150,1.73e-36,132,100.0,True
GCA_054553065.1,TRI14,TRI14|F_graminearum_PH-1,CM137278.1,-,1,3516325,3517497,2,1116,1115,0.9991039426523297,96.86676723366159,1870,0.0,1117,99.91039426523297,True
GCA_054553065.1,TRI14,TRI14|F_poae,CM137278.1,-,1,3516326,3517250,1,928,925,0.9967672413793104,85.976,989,0.0,927,99.67672413793103,True
GCA_054553065.1,TRI17,TRI17|F_graminearum_PH-1,CM137279.1,+,1,1816081,1816833,1,756,753,0.996031746031746,98.00799999999998,1308,0.0,753,99.60317460317461,True
GCA_054553065.1,TRI20,TRI20|F_graminearum_PH-1,CM137279.1,-,1,1802964,1803664,1,749,701,0.9359145527369827,99.001,1256,0.0,701,93.59145527369826,True
GCA_054553065.1,TRI21,TRI21|F_graminearum_PH-1,CM137279.1,+,1,1799561,1800354,1,827,794,0.9600967351874244,98.489,1400,0.0,794,96.00967351874245,True
GCA_054553065.1,TRI22,TRI22|Fusarium_graminearum_PH-1,CM137278.1,+,1,4315545,4317345,3,1681,1681,1.0,97.56651513353117,2868,0.0,1685,100.0,True
GCA_054553065.1,TRI101,TRI101|Fusarium_graminearum_PH-1,CM137278.1,-,1,4308764,4311281,2,2469,2467,0.9991899554475496,97.32795384615386,4195,0.0,2470,99.91899554475496,True
GCA_054553065.1,TRI201,TRI201|Fusarium_graminearum_PH-1,CM137278.1,-,1,4312639,4313995,3,1267,1267,1.0,94.65394496855346,1956,0.0,1272,100.0,True
GCA_058139895.1,TRI22,TRI22|Fusarium_graminearum_PH-1,CM176931.1,-,1,1816375,1817534,1,1681,1160,0.6900654372397382,87.672,1351,0.0,1160,69.00654372397382,False
GCA_058139895.1,TRI101,TRI101|Fusarium_graminearum_PH-1,CM176931.1,+,1,1822413,1823676,1,2469,1273,0.51559335763467,84.351,1234,0.0,1278,51.559335763467,False
GCA_058139895.1,TRI201,TRI201|Fusarium_graminearum_PH-1,CM176931.1,+,1,1819478,1820365,2,1267,837,0.6606156274664562,86.41198331346843,917,1.4699999999999999e-176,839,66.06156274664562,False
GCA_900007375.1,TRI1,TRI1|F_pseudograminearum_CS3096,LN649229.1,+,1,239952,240279,1,1539,321,0.20857699805068225,80.665,244,1.13e-63,331,20.857699805068226,False
GCA_900007375.1,TRI5,TRI5|Fusarium_graminearum,LN649230.1,+,1,5618204,5619345,2,1128,1085,0.9618794326241135,87.98154495412844,1275,0.0,1090,96.18794326241135,True
GCA_900007375.1,TRI5,TRI5|Fsporotrichioides_NRRL3299,LN649230.1,+,1,5618204,5619345,1,1185,1142,0.9637130801687763,89.317,1434,0.0,1142,96.37130801687763,True
GCA_900007375.1,TRI5,TRI5|Fusarium_pseudograminearum_CS3096,LN649230.1,+,1,5618204,5619335,2,1128,1064,0.9432624113475178,88.08648217636022,1263,0.0,1066,94.32624113475178,True
GCA_900007375.1,TRI5,TRI5|Fusarium_poae,LN649230.1,+,1,5618204,5619406,2,1134,1134,1.0,93.52615485564303,1693,0.0,1143,100.0,True
GCA_900007375.1,TRI6,TRI6|Fusarium_graminearum,LN649230.1,+,1,5614671,5615357,2,657,657,1.0,88.33334545454545,793,0.0,660,100.0,True
GCA_900007375.1,TRI6,TRI6|Fusarium_sporotrichioides,LN649230.1,+,1,5614671,5615357,1,657,657,1.0,83.406,610,4.02e-174,687,100.0,True
GCA_900007375.1,TRI6,TRI6|Fusarium_pseudograminearum_CS3096,LN649230.1,+,1,5614794,5615357,1,657,564,0.8584474885844748,88.142,671,0.0,565,85.84474885844749,True
GCA_900007375.1,TRI6,TRI6|Fusarium_poae,LN649230.1,+,1,5614671,5615357,1,693,693,1.0,94.372,1059,0.0,693,100.0,True
GCA_900007375.1,TRI8,TRI8|Fusarium_graminearum_PH-1,LN649230.1,-,1,5604849,5606192,1,1338,1338,1.0,81.731,1109,0.0,1352,100.0,True
GCA_900007375.1,TRI8,TRI8|Fusarium_sporotrichioides,LN649230.1,-,1,5604849,5606192,1,1344,1344,1.0,88.113,1596,0.0,1346,100.0,True
GCA_900007375.1,TRI8,TRI8|Fusarium_poae,LN649230.1,-,1,5604849,5606192,1,1341,1341,1.0,91.518,1847,0.0,1344,100.0,True
GCA_900007375.1,TRI11,TRI11|Fusarium_graminearum_PH-1,LN649230.1,-,1,5623260,5624884,3,1479,1107,0.7484787018255578,87.7149376693767,1293,0.0,1107,74.84787018255578,True
GCA_900007375.1,TRI11,TRI11|Fusarium_sporotrichioides,LN649230.1,-,1,5623260,5624984,1,1722,1722,1.0,86.209,1858,0.0,1733,100.0,True
GCA_900007375.1,TRI11,TRI11|Fusarium_pseudograminearum,LN649230.1,-,1,5623260,5624882,4,1479,1420,0.9601081812035159,87.61434975369458,1650,0.0,1421,96.01081812035159,True
GCA_900007375.1,TRI11,TRI11|Fusarium_poae,LN649230.1,-,1,5623260,5624886,4,1479,1431,0.9675456389452333,94.28583972125435,2197,0.0,1435,96.75456389452333,True
GCA_900007375.1,TRI12,TRI12|Fusarium_sporotrichioides,LN649230.1,-,1,5625570,5627466,1,1902,1902,1.0,81.842,1585,0.0,1911,100.0,True
GCA_900007375.1,TRI12,TRI12|Fusarium_pseudograminearum,LN649230.1,-,1,5626086,5626796,1,1797,711,0.39565943238731216,79.887,521,5.439999999999999e-147,711,39.565943238731215,False
GCA_900007375.1,TRI12,TRI12|Fusarium_poae,LN649230.1,-,1,5625564,5627466,3,1800,1797,0.9983333333333333,93.2147447163515,2647,0.0,1798,99.83333333333333,True
GCA_900007375.1,TRI13,TRI13|Fusarium_poae,LN649230.1,-,1,5628167,5629995,2,1764,1764,1.0,91.90284258210644,2470,0.0,1766,100.0,True
GCA_900007375.1,TRI7,TRI7|Fusarium_poae,LN649230.1,+,1,5606869,5608284,2,1398,1366,0.977110157367668,93.20180701754387,2012,0.0,1368,97.71101573676681,True
GCA_900007375.1,TRI3,TRI3|Fusarium_pseudograminearum_CS3096,LN649230.1,+,1,5609128,5610905,3,1554,1387,0.8925353925353925,83.32134717251252,1279,0.0,1397,89.25353925353924,True
GCA_900007375.1,TRI3,TRI3|Fusarium_poae,LN649230.1,+,1,5609128,5610907,3,1560,1397,0.8955128205128206,91.55939484978539,1928,0.0,1398,89.55128205128206,True
GCA_900007375.1,TRI4,TRI4|F_graminearum_PH-1,LN649230.1,-,1,5612263,5613221,1,1563,959,0.6135636596289188,84.735,957,0.0,963,61.35636596289188,False
GCA_900007375.1,TRI4,TRI4|Fusarium_pseudograminearum,LN649230.1,-,1,5611780,5613221,2,1563,1152,0.7370441458733206,85.36816103896103,1192,0.0,1155,73.70441458733205,True
GCA_900007375.1,TRI4,TRI4|Fusarium_poae,LN649230.1,-,1,5612037,5613521,3,1563,1372,0.8777991042866283,93.22137973760934,2020,0.0,1372,87.77991042866283,True
GCA_900007375.1,TRI10,TRI10|Fusarium_pseudograminearum_CS3096,LN649230.1,+,1,5620052,5621381,2,1263,1253,0.9920823436262867,86.86323248407643,1407,0.0,1256,99.20823436262867,True
GCA_900007375.1,TRI10,TRI10|Fusarium_poae,LN649230.1,+,1,5620052,5621391,2,1263,1263,1.0,92.6479090909091,1822,0.0,1265,100.0,True
GCA_900007375.1,TRI9,TRI9|F_graminearum_PH-1,LN649230.1,-,1,5622006,5622137,1,132,132,1.0,90.152,172,3.8800000000000006e-43,132,100.0,True
GCA_900007375.1,TRI9,TRI9|XM_044858471.1:1-132,LN649230.1,-,1,5622006,5622137,1,132,132,1.0,95.455,211,8.23e-55,132,100.0,True
GCA_900007375.1,TRI14,TRI14|F_graminearum_PH-1,LN649230.1,+,1,5631069,5631959,1,1116,891,0.7983870967741935,87.879,1048,0.0,891,79.83870967741935,True
GCA_900007375.1,TRI14,TRI14|F_poae,LN649230.1,+,1,5631069,5631982,1,928,914,0.9849137931034483,92.88799999999999,1328,0.0,914,98.49137931034483,True
GCA_900007375.1,TRI16,TRI16|TRI16_Fsporotrichioides_,LN649229.1,-,1,235907,237351,1,1482,1448,0.9770580296896086,77.008,815,0.0,1457,97.70580296896087,True
GCA_900007375.1,TRI17,TRI17|F_graminearum_PH-1,LN649231.1,-,1,3859718,3860469,1,756,756,1.0,91.96300000000001,1055,0.0,759,100.0,True
GCA_900007375.1,TRI20,TRI20|F_graminearum_PH-1,LN649231.1,+,1,3872119,3872816,1,749,698,0.931909212283044,88.682,852,0.0,698,93.1909212283044,True
GCA_900007375.1,TRI21,TRI21|F_graminearum_PH-1,LN649231.1,-,1,3875401,3876191,1,827,794,0.9600967351874244,92.317,1125,0.0,794,96.00967351874245,True
GCA_900007375.1,TRI22,TRI22|Fusarium_graminearum_PH-1,LN649230.1,-,1,4813654,4815336,3,1681,1557,0.9262343842950624,94.10656310057655,2375,0.0,1561,92.62343842950625,True
GCA_900007375.1,TRI101,TRI101|Fusarium_graminearum_PH-1,LN649230.1,+,1,4819605,4822069,2,2469,2414,0.9777237748076144,91.60490694789083,3338,0.0,2418,97.77237748076143,True
GCA_900007375.1,TRI201,TRI201|Fusarium_graminearum_PH-1,LN649230.1,+,1,4816854,4818220,3,1267,1267,1.0,90.9659897879026,1705,0.0,1273,100.0,True
GCA_900044135.1,TRI1,TRI1|F_pseudograminearum_CS3096,HG970332.2,+,1,291505,293259,5,1539,1539,1.0,97.34282372002593,2625,0.0,1543,100.0,True
GCA_900044135.1,TRI5,TRI5|Fusarium_graminearum,HG970333.1,+,1,5405852,5407038,2,1128,1128,1.0,100.0,2085,0.0,1128,100.0,True
GCA_900044135.1,TRI5,TRI5|Fsporotrichioides_NRRL3299,HG970333.1,+,1,5405852,5407036,1,1185,1183,0.9983122362869198,85.017,1201,0.0,1188,99.83122362869197,True
GCA_900044135.1,TRI5,TRI5|Fusarium_pseudograminearum_CS3096,HG970333.1,+,1,5405852,5407036,2,1128,1126,0.99822695035461,95.55981793960923,1803,0.0,1126,99.822695035461,True
GCA_900044135.1,TRI5,TRI5|Fusarium_poae,HG970333.1,+,1,5405852,5407036,2,1134,1132,0.9982363315696648,86.86066049382717,1260,0.0,1134,99.82363315696648,True
GCA_900044135.1,TRI6,TRI6|Fusarium_graminearum,HG970333.1,+,1,5402308,5402964,1,657,657,1.0,96.499,1086,0.0,657,100.0,True
GCA_900044135.1,TRI6,TRI6|Fusarium_pseudograminearum_CS3096,HG970333.1,+,1,5402308,5402964,1,657,657,1.0,95.282,1042,0.0,657,100.0,True
GCA_900044135.1,TRI6,TRI6|Fusarium_poae,HG970333.1,+,1,5402308,5402964,2,693,664,0.9581529581529582,87.65042168674698,773,4.19e-174,664,95.81529581529583,True
GCA_900044135.1,TRI8,TRI8|Fusarium_graminearum_PH-1,HG970333.1,-,1,5392461,5393798,1,1338,1338,1.0,100.0,2471,0.0,1338,100.0,True
GCA_900044135.1,TRI8,TRI8|Fusarium_sporotrichioides,HG970333.1,-,1,5392461,5393798,1,1344,1344,1.0,82.114,1136,0.0,1353,100.0,True
GCA_900044135.1,TRI8,TRI8|Fusarium_pseudograminearum_CS3096,HG970333.1,-,1,5392527,5393798,1,1299,1266,0.9745958429561201,87.069,1430,0.0,1276,97.45958429561202,True
GCA_900044135.1,TRI8,TRI8|Fusarium_poae,HG970333.1,-,1,5392461,5393798,1,1341,1341,1.0,80.222,994,0.0,1350,100.0,True
GCA_900044135.1,TRI11,TRI11|Fusarium_graminearum_PH-1,HG970333.1,-,1,5410953,5412588,4,1479,1431,0.9675456389452333,100.0,2645,0.0,1431,96.75456389452333,True
GCA_900044135.1,TRI11,TRI11|Fusarium_sporotrichioides,HG970333.1,-,1,5410953,5412693,1,1722,1722,1.0,84.162,1663,0.0,1749,100.0,True
GCA_900044135.1,TRI11,TRI11|Fusarium_pseudograminearum,HG970333.1,-,1,5410953,5412584,4,1479,1424,0.9628127112914131,94.4522198033708,2194,0.0,1424,96.28127112914132,True
GCA_900044135.1,TRI11,TRI11|Fusarium_poae,HG970333.1,-,1,5411180,5412584,2,1479,952,0.6436781609195402,86.97477941176471,1073,0.0,952,64.36781609195403,False
GCA_900044135.1,TRI12,TRI12|Fusarium_graminearum,HG970333.1,-,1,5413251,5415227,3,1872,1872,1.0,100.0,3459,0.0,1872,100.0,True
GCA_900044135.1,TRI12,TRI12|Fusarium_sporotrichioides,HG970333.1,-,1,5413339,5415205,1,1902,1870,0.9831756046267087,80.64,1439,0.0,1875,98.31756046267087,True
GCA_900044135.1,TRI12,TRI12|Fusarium_pseudograminearum,HG970333.1,-,1,5413332,5415227,3,1797,1791,0.996661101836394,92.63382589285713,2578,0.0,1792,99.6661101836394,True
GCA_900044135.1,TRI3,TRI3|Fusarium_pseudograminearum_CS3096,HG970333.1,+,1,5396677,5398444,4,1554,1517,0.9761904761904762,92.33303014416775,2172,0.0,1526,97.61904761904762,True
GCA_900044135.1,TRI3,TRI3|Fusarium_poae,HG970333.1,+,1,5396686,5397456,1,1560,777,0.4980769230769231,83.548,721,0.0,778,49.80769230769231,False
GCA_900044135.1,TRI4,TRI4|F_graminearum_PH-1,HG970333.1,-,1,5399398,5401139,4,1563,1563,1.0,100.0,2892,0.0,1565,100.0,True
GCA_900044135.1,TRI4,TRI4|Fusarium_pseudograminearum,HG970333.1,-,1,5399398,5401139,4,1563,1556,0.9955214331413947,96.47224374599102,2575,0.0,1559,99.55214331413947,True
GCA_900044135.1,TRI4,TRI4|Fusarium_poae,HG970333.1,-,1,5399398,5400835,2,1563,1142,0.7306461932181701,86.00184776902887,1223,0.0,1143,73.06461932181702,True
GCA_900044135.1,TRI10,TRI10|Fusarium_pseudograminearum_CS3096,HG970333.1,+,1,5407706,5409058,2,1263,1263,1.0,93.91768799368089,1912,0.0,1266,100.0,True
GCA_900044135.1,TRI10,TRI10|Fusarium_poae,HG970333.1,+,1,5407706,5409052,2,1263,1257,0.995249406175772,85.86185067513901,1340,0.0,1259,99.5249406175772,True
GCA_900044135.1,TRI9,TRI9|F_graminearum_PH-1,HG970333.1,-,1,5409654,5409785,1,132,132,1.0,100.0,244,7.98e-65,132,100.0,True
GCA_900044135.1,TRI14,TRI14|F_graminearum_PH-1,HG970333.1,+,1,5418308,5419477,2,1116,1116,1.0,100.0,2066,0.0,1118,100.0,True
GCA_900044135.1,TRI14,TRI14|F_poae,HG970333.1,+,1,5418548,5419438,1,928,891,0.9601293103448276,87.991,1053,0.0,891,96.01293103448276,True
GCA_900044135.1,TRI17,TRI17|F_graminearum_PH-1,HG970334.1,-,1,3547255,3548010,1,756,756,1.0,100.0,1397,0.0,756,100.0,True
GCA_900044135.1,TRI20,TRI20|F_graminearum_PH-1,HG970334.1,+,1,3560329,3561029,1,749,701,0.9359145527369827,100.0,1295,0.0,701,93.59145527369826,True
GCA_900044135.1,TRI21,TRI21|F_graminearum_PH-1,HG970334.1,-,1,3563642,3564435,1,827,794,0.9600967351874244,100.0,1467,0.0,794,96.00967351874245,True
GCA_900044135.1,TRI22,TRI22|Fusarium_graminearum_PH-1,HG970333.1,-,1,4624670,4626488,3,1681,1681,1.0,100.0,3113,0.0,1685,100.0,True
GCA_900044135.1,TRI101,TRI101|Fusarium_graminearum_PH-1,HG970333.1,+,1,4630760,4633278,2,2469,2469,1.0,100.0,4564,0.0,2471,100.0,True
GCA_900044135.1,TRI201,TRI201|Fusarium_graminearum_PH-1,HG970333.1,+,1,4628036,4629405,3,1267,1267,1.0,100.0,2346,0.0,1269,100.0,True
GCA_900074845.1,TRI1,TRI1|F_pseudograminearum_CS3096,LT598659.1,+,1,347485,349238,5,1539,1539,1.0,97.53707841866493,2642,0.0,1543,100.0,True
GCA_900074845.1,TRI5,TRI5|Fusarium_graminearum,LT598660.1,+,1,5600080,5601267,2,1128,1128,1.0,96.45362943262411,1863,0.0,1128,100.0,True
GCA_900074845.1,TRI5,TRI5|Fsporotrichioides_NRRL3299,LT598660.1,+,1,5600080,5601265,1,1185,1183,0.9983122362869198,84.945,1195,0.0,1189,99.83122362869197,True
GCA_900074845.1,TRI5,TRI5|Fusarium_pseudograminearum_CS3096,LT598660.1,+,1,5600080,5601265,2,1128,1126,0.99822695035461,95.38190586145649,1792,0.0,1126,99.822695035461,True
GCA_900074845.1,TRI5,TRI5|Fusarium_poae,LT598660.1,+,1,5600080,5601265,2,1134,1132,0.9982363315696648,85.87831862312444,1200,7.61e-179,1133,99.82363315696648,True
GCA_900074845.1,TRI6,TRI6|Fusarium_graminearum,LT598660.1,+,1,5596535,5597191,1,657,657,1.0,97.108,1109,0.0,657,100.0,True
GCA_900074845.1,TRI6,TRI6|Fusarium_sporotrichioides,LT598660.1,+,1,5596535,5597191,1,657,657,1.0,84.091,632,0.0,660,100.0,True
GCA_900074845.1,TRI6,TRI6|Fusarium_pseudograminearum_CS3096,LT598660.1,+,1,5596535,5597191,1,657,657,1.0,95.89,1064,0.0,657,100.0,True
GCA_900074845.1,TRI6,TRI6|Fusarium_poae,LT598660.1,+,1,5596535,5597191,2,693,664,0.9581529581529582,87.65068072289156,773,2.15e-172,664,95.81529581529583,True
GCA_900074845.1,TRI8,TRI8|Fusarium_graminearum_PH-1,LT598660.1,-,1,5588647,5589912,1,1338,1272,0.9506726457399103,87.226,1441,0.0,1276,95.06726457399103,True
GCA_900074845.1,TRI8,TRI8|Fusarium_sporotrichioides,LT598660.1,-,1,5588656,5589912,1,1344,1269,0.9441964285714286,81.24,1009,0.0,1274,94.41964285714286,True
GCA_900074845.1,TRI8,TRI8|Fusarium_pseudograminearum_CS3096,LT598660.1,-,1,5588614,5589912,1,1299,1299,1.0,97.46,2217,0.0,1299,100.0,True
GCA_900074845.1,TRI11,TRI11|Fusarium_graminearum_PH-1,LT598660.1,-,1,5605210,5606843,4,1479,1424,0.9628127112914131,94.80316292134832,2221,0.0,1424,96.28127112914132,True
GCA_900074845.1,TRI11,TRI11|Fusarium_sporotrichioides,LT598660.1,-,1,5605210,5606952,1,1722,1722,1.0,83.847,1631,0.0,1752,100.0,True
GCA_900074845.1,TRI11,TRI11|Fusarium_pseudograminearum,LT598660.1,-,1,5605210,5606848,4,1479,1429,0.9661933739012847,95.94101119664101,2321,0.0,1429,96.61933739012846,True
GCA_900074845.1,TRI11,TRI11|Fusarium_poae,LT598660.1,-,1,5605682,5606825,2,1479,1085,0.7336037863421231,86.94811764705882,1219,0.0,1088,73.36037863421231,True
GCA_900074845.1,TRI12,TRI12|Fusarium_graminearum,LT598660.1,-,1,5607503,5609481,3,1872,1855,0.9909188034188035,91.00197790948276,2503,0.0,1856,99.09188034188034,True
GCA_900074845.1,TRI12,TRI12|Fusarium_pseudograminearum,LT598660.1,-,1,5607579,5609481,3,1797,1795,0.9988870339454646,95.04735614913744,2825,0.0,1797,99.88870339454647,True
GCA_900074845.1,TRI12,TRI12|Fusarium_poae,LT598660.1,-,1,5608101,5609481,2,1800,1310,0.7277777777777777,79.57492027334852,930,9.880000000000001e-145,1317,72.77777777777777,True
GCA_900074845.1,TRI13,TRI13|Fusarium_poae,LT598660.1,-,1,5611358,5611651,1,1764,296,0.16780045351473924,81.081,235,8.44e-61,296,16.780045351473923,False
GCA_900074845.1,TRI3,TRI3|Fusarium_pseudograminearum_CS3096,LT598660.1,+,1,5590533,5592301,4,1554,1519,0.9774774774774775,95.95824706649283,2489,0.0,1534,97.74774774774775,True
GCA_900074845.1,TRI3,TRI3|Fusarium_poae,LT598660.1,+,1,5590542,5592301,3,1560,1386,0.8884615384615384,82.72139668826495,1226,1.07e-168,1389,88.84615384615384,True
GCA_900074845.1,TRI4,TRI4|F_graminearum_PH-1,LT598660.1,-,1,5593627,5595370,4,1563,1557,0.9961612284069098,97.43415073765233,2660,0.0,1559,99.61612284069098,True
GCA_900074845.1,TRI4,TRI4|Fusarium_pseudograminearum,LT598660.1,-,1,5593627,5595370,4,1563,1563,1.0,97.18874568690097,2649,0.0,1565,100.0,True
GCA_900074845.1,TRI4,TRI4|Fusarium_poae,LT598660.1,-,1,5593627,5595066,2,1563,1142,0.7306461932181701,86.26385826771653,1240,0.0,1143,73.06461932181702,True
GCA_900074845.1,TRI10,TRI10|Fusarium_pseudograminearum_CS3096,LT598660.1,+,1,5601929,5603281,2,1263,1263,1.0,94.31284439178515,1940,0.0,1266,100.0,True
GCA_900074845.1,TRI10,TRI10|Fusarium_poae,LT598660.1,+,1,5601929,5603275,2,1263,1257,0.995249406175772,86.25882525814139,1367,0.0,1259,99.5249406175772,True
GCA_900074845.1,TRI9,TRI9|F_graminearum_PH-1,LT598660.1,-,1,5603878,5604009,1,132,132,1.0,99.242,239,4.09e-63,132,100.0,True
GCA_900074845.1,TRI9,TRI9|XM_044858471.1:1-132,LT598660.1,-,1,5603878,5604009,1,132,132,1.0,87.121,150,1.97e-36,132,100.0,True
GCA_900074845.1,TRI14,TRI14|F_graminearum_PH-1,LT598660.1,+,1,5613122,5614290,2,1116,1116,1.0,97.2274168157424,1895,0.0,1118,100.0,True
GCA_900074845.1,TRI14,TRI14|F_poae,LT598660.1,+,1,5613361,5614251,1,928,891,0.9601293103448276,87.205,1014,0.0,891,96.01293103448276,True
GCA_900074845.1,TRI17,TRI17|F_graminearum_PH-1,LT598661.1,-,1,3557186,3557938,1,756,753,0.996031746031746,98.274,1319,0.0,753,99.60317460317461,True
GCA_900074845.1,TRI20,TRI20|F_graminearum_PH-1,LT598661.1,+,1,3570453,3571153,1,749,701,0.9359145527369827,99.001,1256,0.0,701,93.59145527369826,True
GCA_900074845.1,TRI21,TRI21|F_graminearum_PH-1,LT598661.1,-,1,3573762,3574555,1,827,794,0.9600967351874244,98.363,1395,0.0,794,96.00967351874245,True
GCA_900074845.1,TRI22,TRI22|Fusarium_graminearum_PH-1,FJUU01000002.1,-,1,489423,490466,2,1681,969,0.5764425936942297,97.83970987654321,1675,0.0,972,57.64425936942297,False
GCA_900074845.1,TRI22,TRI22|Fusarium_graminearum_PH-1,LT598660.1,-,1,4801846,4802606,2,1681,704,0.4187983343248067,98.58117446808511,1247,0.0,705,41.879833432480666,False
GCA_900074845.1,TRI101,TRI101|Fusarium_graminearum_PH-1,LT598660.1,+,1,4806859,4808445,2,2469,1536,0.6221142162818954,96.42593827160493,2537,0.0,1539,62.21142162818955,False
GCA_900074845.1,TRI101,TRI101|Fusarium_graminearum_PH-1,FJUU01000001.1,-,1,2573773,2574698,1,2469,926,0.37505062778452813,97.624,1589,0.0,926,37.50506277845281,False
GCA_900074845.1,TRI201,TRI201|Fusarium_graminearum_PH-1,LT598660.1,+,1,4804145,4805501,3,1267,1267,1.0,94.41811477987422,1940,0.0,1272,100.0,True
GCF_000240135.3,TRI1,TRI1|F_pseudograminearum_CS3096,NC_026474.1,+,1,282627,284381,5,1539,1539,1.0,97.34282372002593,2625,0.0,1543,100.0,True
GCF_000240135.3,TRI5,TRI5|Fusarium_graminearum,NC_026475.1,-,1,6648070,6649256,2,1128,1128,1.0,100.0,2085,0.0,1128,100.0,True
GCF_000240135.3,TRI5,TRI5|Fsporotrichioides_NRRL3299,NC_026475.1,-,1,6648072,6649256,1,1185,1183,0.9983122362869198,85.017,1201,0.0,1188,99.83122362869197,True
GCF_000240135.3,TRI5,TRI5|Fusarium_pseudograminearum_CS3096,NC_026475.1,-,1,6648072,6649256,2,1128,1126,0.99822695035461,95.55981793960923,1803,0.0,1126,99.822695035461,True
GCF_000240135.3,TRI5,TRI5|Fusarium_poae,NC_026475.1,-,1,6648072,6649256,2,1134,1132,0.9982363315696648,86.86066049382717,1260,0.0,1134,99.82363315696648,True
GCF_000240135.3,TRI6,TRI6|Fusarium_graminearum,NC_026475.1,-,1,6652144,6652800,1,657,657,1.0,96.499,1086,0.0,657,100.0,True
GCF_000240135.3,TRI6,TRI6|Fusarium_pseudograminearum_CS3096,NC_026475.1,-,1,6652144,6652800,1,657,657,1.0,95.282,1042,0.0,657,100.0,True
GCF_000240135.3,TRI6,TRI6|Fusarium_poae,NC_026475.1,-,1,6652144,6652800,2,693,664,0.9581529581529582,87.65042168674698,773,4.01e-174,664,95.81529581529583,True
GCF_000240135.3,TRI8,TRI8|Fusarium_graminearum_PH-1,NC_026475.1,+,1,6661310,6662647,1,1338,1338,1.0,100.0,2471,0.0,1338,100.0,True
GCF_000240135.3,TRI8,TRI8|Fusarium_sporotrichioides,NC_026475.1,+,1,6661310,6662632,1,1344,1329,0.9888392857142857,82.287,1136,0.0,1338,98.88392857142857,True
GCF_000240135.3,TRI8,TRI8|Fusarium_pseudograminearum_CS3096,NC_026475.1,+,1,6661310,6662569,1,1299,1254,0.9653579676674365,87.263,1430,0.0,1264,96.53579676674366,True
GCF_000240135.3,TRI8,TRI8|Fusarium_poae,NC_026475.1,+,1,6661310,6662647,1,1341,1341,1.0,80.222,994,0.0,1350,100.0,True
GCF_000240135.3,TRI11,TRI11|Fusarium_graminearum_PH-1,NC_026475.1,+,1,6642520,6644155,4,1479,1431,0.9675456389452333,100.0,2645,0.0,1431,96.75456389452333,True
GCF_000240135.3,TRI11,TRI11|Fusarium_sporotrichioides,NC_026475.1,+,1,6642415,6644155,1,1722,1722,1.0,84.162,1663,0.0,1749,100.0,True
GCF_000240135.3,TRI11,TRI11|Fusarium_pseudograminearum,NC_026475.1,+,1,6642524,6644155,4,1479,1427,0.964841108857336,94.3936972669937,2194,0.0,1427,96.4841108857336,True
GCF_000240135.3,TRI11,TRI11|Fusarium_poae,NC_026475.1,+,1,6642524,6643928,2,1479,952,0.6436781609195402,86.97477941176471,1073,0.0,952,64.36781609195403,False
GCF_000240135.3,TRI12,TRI12|Fusarium_graminearum,NC_026475.1,+,1,6639881,6641857,3,1872,1872,1.0,100.0,3459,0.0,1872,100.0,True
GCF_000240135.3,TRI12,TRI12|Fusarium_sporotrichioides,NC_026475.1,+,1,6639903,6641760,1,1902,1861,0.9784437434279706,80.707,1439,0.0,1866,97.84437434279705,True
GCF_000240135.3,TRI12,TRI12|Fusarium_pseudograminearum,NC_026475.1,+,1,6639881,6641776,3,1797,1791,0.996661101836394,92.63382589285713,2578,0.0,1792,99.6661101836394,True
GCF_000240135.3,TRI3,TRI3|Fusarium_pseudograminearum_CS3096,NC_026475.1,-,1,6656664,6658431,4,1554,1517,0.9761904761904762,92.33303014416775,2172,0.0,1526,97.61904761904762,True
GCF_000240135.3,TRI3,TRI3|Fusarium_poae,NC_026475.1,-,1,6657652,6658419,1,1560,774,0.49615384615384617,83.613,721,0.0,775,49.61538461538461,False
GCF_000240135.3,TRI4,TRI4|F_graminearum_PH-1,NC_026475.1,+,1,6653969,6655710,4,1563,1563,1.0,100.0,2892,0.0,1565,100.0,True
GCF_000240135.3,TRI4,TRI4|Fusarium_pseudograminearum,NC_026475.1,+,1,6653969,6655710,4,1563,1555,0.9948816378758797,96.52978663239074,2575,0.0,1556,99.48816378758796,True
GCF_000240135.3,TRI4,TRI4|Fusarium_poae,NC_026475.1,+,1,6654270,6655710,2,1563,1145,0.7325655790147153,85.95106282722513,1223,0.0,1146,73.25655790147152,True
GCF_000240135.3,TRI10,TRI10|Fusarium_pseudograminearum_CS3096,NC_026475.1,-,1,6646050,6647402,2,1263,1263,1.0,93.98279414093429,1912,0.0,1263,100.0,True
GCF_000240135.3,TRI10,TRI10|Fusarium_poae,NC_026475.1,-,1,6646056,6647402,2,1263,1257,0.995249406175772,85.86185067513901,1340,0.0,1259,99.5249406175772,True
GCF_000240135.3,TRI9,TRI9|F_graminearum_PH-1,NC_026475.1,+,1,6645323,6645454,1,132,132,1.0,100.0,244,7.72e-65,132,100.0,True
GCF_000240135.3,TRI14,TRI14|F_graminearum_PH-1,NC_026475.1,-,1,6635631,6636800,2,1116,1116,1.0,100.0,2066,0.0,1118,100.0,True
GCF_000240135.3,TRI14,TRI14|F_poae,NC_026475.1,-,1,6635670,6636557,1,928,888,0.9568965517241379,88.063,1053,0.0,888,95.6896551724138,True
GCF_000240135.3,TRI17,TRI17|F_graminearum_PH-1,NC_026476.1,-,1,3546409,3547164,1,756,756,1.0,100.0,1397,0.0,756,100.0,True
GCF_000240135.3,TRI20,TRI20|F_graminearum_PH-1,NC_026476.1,+,1,3559483,3560183,1,749,701,0.9359145527369827,100.0,1295,0.0,701,93.59145527369826,True
GCF_000240135.3,TRI21,TRI21|F_graminearum_PH-1,NC_026476.1,-,1,3562796,3563589,1,827,794,0.9600967351874244,100.0,1467,0.0,794,96.00967351874245,True
GCF_000240135.3,TRI22,TRI22|Fusarium_graminearum_PH-1,NC_026475.1,+,1,7428558,7430376,3,1681,1681,1.0,100.0,3113,0.0,1685,100.0,True
GCF_000240135.3,TRI101,TRI101|Fusarium_graminearum_PH-1,NC_026475.1,-,1,7421768,7424286,2,2469,2469,1.0,100.0,4564,0.0,2471,100.0,True
GCF_000240135.3,TRI201,TRI201|Fusarium_graminearum_PH-1,NC_026475.1,-,1,7425641,7427010,3,1267,1267,1.0,100.0,2346,0.0,1269,100.0,True
GCF_000303195.2,TRI1,TRI1|F_pseudograminearum_CS3096,NC_031951.1,+,1,249932,251686,5,1539,1539,1.0,100.0,2852,0.0,1543,100.0,True
GCF_000303195.2,TRI5,TRI5|Fusarium_graminearum,NC_031952.1,+,1,5425964,5427158,2,1128,1126,0.99822695035461,95.55981793960923,1803,0.0,1126,99.822695035461,True
GCF_000303195.2,TRI5,TRI5|Fsporotrichioides_NRRL3299,NC_031952.1,+,1,5425964,5427160,1,1185,1185,1.0,84.737,1186,0.0,1199,100.0,True
GCF_000303195.2,TRI5,TRI5|Fusarium_pseudograminearum_CS3096,NC_031952.1,+,1,5425964,5427160,2,1128,1128,1.0,100.0,2085,0.0,1128,100.0,True
GCF_000303195.2,TRI5,TRI5|Fusarium_poae,NC_031952.1,+,1,5425964,5427160,2,1134,1126,0.9929453262786596,86.95625909494233,1261,0.0,1127,99.29453262786596,True
GCF_000303195.2,TRI6,TRI6|Fusarium_graminearum,NC_031952.1,+,1,5422409,5423065,1,657,657,1.0,94.977,1031,0.0,657,100.0,True
GCF_000303195.2,TRI6,TRI6|Fusarium_pseudograminearum_CS3096,NC_031952.1,+,1,5422409,5423065,1,657,657,1.0,100.0,1214,0.0,657,100.0,True
GCF_000303195.2,TRI6,TRI6|Fusarium_poae,NC_031952.1,+,1,5422409,5423065,2,693,664,0.9581529581529582,87.66944360902255,774,8.74e-176,665,95.81529581529583,True
GCF_000303195.2,TRI8,TRI8|Fusarium_graminearum_PH-1,NC_031952.1,-,1,5414684,5415949,1,1338,1272,0.9506726457399103,87.069,1430,0.0,1276,95.06726457399103,True
GCF_000303195.2,TRI8,TRI8|Fusarium_sporotrichioides,NC_031952.1,-,1,5414725,5415949,1,1344,1229,0.9144345238095238,81.605,1009,0.0,1234,91.44345238095238,True
GCF_000303195.2,TRI8,TRI8|Fusarium_pseudograminearum_CS3096,NC_031952.1,-,1,5414651,5415949,1,1299,1299,1.0,100.0,2399,0.0,1299,100.0,True
GCF_000303195.2,TRI11,TRI11|Fusarium_graminearum_PH-1,NC_031952.1,-,1,5431218,5432836,4,1479,1424,0.9628127112914131,94.28159623430963,2194,0.0,1434,96.28127112914132,True
GCF_000303195.2,TRI11,TRI11|Fusarium_sporotrichioides,NC_031952.1,-,1,5431218,5432945,1,1722,1722,1.0,84.289,1668,0.0,1744,100.0,True
GCF_000303195.2,TRI11,TRI11|Fusarium_pseudograminearum,NC_031952.1,-,1,5431218,5432841,4,1479,1432,0.9682217714672076,99.79194521497918,2647,0.0,1442,96.82217714672076,True
GCF_000303195.2,TRI11,TRI11|Fusarium_poae,NC_031952.1,-,1,5431440,5432836,3,1479,1267,0.8566599053414469,86.87497109375,1428,0.0,1280,85.66599053414468,True
GCF_000303195.2,TRI12,TRI12|Fusarium_graminearum,NC_031952.1,-,1,5433510,5435484,3,1872,1871,0.999465811965812,91.72464548852109,2598,0.0,1873,99.94658119658119,True
GCF_000303195.2,TRI12,TRI12|Fusarium_sporotrichioides,NC_031952.1,-,1,5433608,5435473,1,1902,1872,0.9842271293375394,80.573,1424,0.0,1884,98.42271293375394,True
GCF_000303195.2,TRI12,TRI12|Fusarium_pseudograminearum,NC_031952.1,-,1,5433586,5435484,3,1797,1797,1.0,100.0,3322,0.0,1798,100.0,True
GCF_000303195.2,TRI12,TRI12|Fusarium_poae,NC_031952.1,-,1,5434106,5435484,2,1800,1322,0.7344444444444445,80.16609502262443,985,4.03e-148,1326,73.44444444444444,True
GCF_000303195.2,TRI3,TRI3|Fusarium_pseudograminearum_CS3096,NC_031952.1,+,1,5416565,5418333,4,1554,1519,0.9774774774774775,99.73910104302476,2811,0.0,1534,97.74774774774775,True
GCF_000303195.2,TRI3,TRI3|Fusarium_poae,NC_031952.1,+,1,5416574,5417344,1,1560,777,0.4980769230769231,81.491,632,1.99e-180,778,49.80769230769231,False
GCF_000303195.2,TRI4,TRI4|F_graminearum_PH-1,NC_031952.1,-,1,5419503,5421246,4,1563,1556,0.9955214331413947,96.47224374599102,2575,0.0,1559,99.55214331413947,True
GCF_000303195.2,TRI4,TRI4|Fusarium_pseudograminearum,NC_031952.1,-,1,5419503,5421246,4,1563,1563,1.0,99.93621159974506,2894,0.0,1569,100.0,True
GCF_000303195.2,TRI4,TRI4|Fusarium_poae,NC_031952.1,-,1,5419503,5420942,2,1563,1149,0.7351247600767754,85.82656869565217,1220,0.0,1150,73.51247600767753,True
GCF_000303195.2,TRI10,TRI10|Fusarium_pseudograminearum_CS3096,NC_031952.1,+,1,5427885,5429231,2,1263,1263,1.0,100.0,2340,0.0,1266,100.0,True
GCF_000303195.2,TRI10,TRI10|Fusarium_poae,NC_031952.1,+,1,5427885,5429225,2,1263,1257,0.995249406175772,85.4758,1312,0.0,1260,99.5249406175772,True
GCF_000303195.2,TRI9,TRI9|F_graminearum_PH-1,NC_031952.1,-,1,5429839,5429970,1,132,132,1.0,96.97,222,3.63e-58,132,100.0,True
GCF_000303195.2,TRI9,TRI9|XM_044858471.1:1-132,NC_031952.1,-,1,5429839,5429970,1,132,132,1.0,86.364,145,8.09e-35,132,100.0,True
GCF_000303195.2,TRI14,TRI14|F_graminearum_PH-1,NC_031952.1,+,1,5438695,5439867,2,1116,1115,0.9991039426523297,96.50830796777082,1848,0.0,1117,99.91039426523297,True
GCF_000303195.2,TRI14,TRI14|F_poae,NC_031952.1,+,1,5438939,5439829,1,928,891,0.9601293103448276,86.308,970,0.0,891,96.01293103448276,True
GCF_000303195.2,TRI17,TRI17|F_graminearum_PH-1,NC_031953.1,-,1,3565188,3565940,1,756,753,0.996031746031746,96.813,1258,0.0,753,99.60317460317461,True
GCF_000303195.2,TRI20,TRI20|F_graminearum_PH-1,NC_031953.1,+,1,3576681,3577381,1,749,701,0.9359145527369827,96.434,1157,0.0,701,93.59145527369826,True
GCF_000303195.2,TRI21,TRI21|F_graminearum_PH-1,NC_031953.1,-,1,3579988,3580781,1,827,794,0.9600967351874244,97.229,1345,0.0,794,96.00967351874245,True
GCF_000303195.2,TRI22,TRI22|Fusarium_graminearum_PH-1,NC_031952.1,-,1,4620172,4621985,3,1681,1681,1.0,97.44793768545993,2870,0.0,1685,100.0,True
GCF_000303195.2,TRI101,TRI101|Fusarium_graminearum_PH-1,NC_031952.1,+,1,4626250,4628764,2,2469,2467,0.9991899554475496,96.2331057108141,4044,0.0,2469,99.91899554475496,True
GCF_000303195.2,TRI201,TRI201|Fusarium_graminearum_PH-1,NC_031952.1,+,1,4623516,4624889,3,1267,1267,1.0,95.28297641509434,2014,0.0,1272,100.0,True
GCF_019609905.1,TRI1,TRI1|F_poae_DAOMC252244,NC_058399.1,-,1,48396,50157,5,1536,1536,1.0,99.80702316602317,2854,0.0,1554,100.0,True
GCF_019609905.1,TRI5,TRI5|Fusarium_graminearum,NC_058400.1,+,1,5879310,5880501,2,1128,1126,0.99822695035461,86.88368221830987,1260,0.0,1136,99.822695035461,True
GCF_019609905.1,TRI5,TRI5|Fsporotrichioides_NRRL3299,NC_058400.1,+,1,5879310,5880503,1,1185,1185,1.0,88.526,1437,0.0,1194,100.0,True
GCF_019609905.1,TRI5,TRI5|Fusarium_pseudograminearum_CS3096,NC_058400.1,+,1,5879310,5880503,2,1128,1120,0.9929078014184397,86.95625909494233,1261,0.0,1127,99.29078014184397,True
GCF_019609905.1,TRI5,TRI5|Fusarium_poae,NC_058400.1,+,1,5879310,5880503,2,1134,1134,1.0,100.0,2096,0.0,1134,100.0,True
GCF_019609905.1,TRI6,TRI6|Fusarium_graminearum,NC_058400.1,+,1,5873557,5874249,2,657,657,1.0,86.89785542168676,745,9.99e-166,664,100.0,True
GCF_019609905.1,TRI6,TRI6|Fusarium_sporotrichioides,NC_058400.1,+,1,5873557,5873656,1,657,103,0.1567732115677321,90.291,132,4.35e-30,103,15.67732115677321,False
GCF_019609905.1,TRI6,TRI6|Fusarium_pseudograminearum_CS3096,NC_058400.1,+,1,5873557,5874249,2,657,657,1.0,87.66944360902255,774,9.849999999999999e-176,665,100.0,True
GCF_019609905.1,TRI6,TRI6|Fusarium_poae,NC_058400.1,+,1,5873557,5874249,1,693,693,1.0,100.0,1280,0.0,693,100.0,True
GCF_019609905.1,TRI8,TRI8|Fusarium_graminearum_PH-1,NC_058400.1,-,1,5863037,5864377,1,1338,1338,1.0,80.222,994,0.0,1350,100.0,True
GCF_019609905.1,TRI8,TRI8|Fusarium_sporotrichioides,NC_058400.1,-,1,5863037,5864377,1,1344,1344,1.0,84.918,1354,0.0,1346,100.0,True
GCF_019609905.1,TRI8,TRI8|Fusarium_poae,NC_058400.1,-,1,5863037,5864377,1,1341,1341,1.0,100.0,2477,0.0,1341,100.0,True
GCF_019609905.1,TRI11,TRI11|Fusarium_graminearum_PH-1,NC_058400.1,-,1,5884629,5886041,2,1479,952,0.6436781609195402,86.97477941176471,1073,0.0,952,64.36781609195403,False
GCF_019609905.1,TRI11,TRI11|Fusarium_sporotrichioides,NC_058400.1,-,1,5884411,5886143,1,1722,1722,1.0,86.11,1855,0.0,1735,100.0,True
GCF_019609905.1,TRI11,TRI11|Fusarium_pseudograminearum,NC_058400.1,-,1,5884629,5886041,3,1479,1267,0.8566599053414469,87.00782440944883,1428,0.0,1270,85.66599053414468,True
GCF_019609905.1,TRI11,TRI11|Fusarium_poae,NC_058400.1,-,1,5884411,5886045,4,1479,1431,0.9675456389452333,99.79177669902913,2647,0.0,1442,96.75456389452333,True
GCF_019609905.1,TRI12,TRI12|Fusarium_pseudograminearum,NC_058400.1,-,1,5887288,5888669,2,1797,1326,0.7378964941569283,80.15032631578947,987,1.33e-148,1330,73.78964941569282,True
GCF_019609905.1,TRI12,TRI12|Fusarium_poae,NC_058400.1,-,1,5886762,5888669,3,1800,1799,0.9994444444444445,99.94455388888888,3321,0.0,1800,99.94444444444444,True
GCF_019609905.1,TRI13,TRI13|Fusarium_poae,NC_058400.1,-,1,5889392,5891216,2,1764,1764,1.0,100.0,3262,0.0,1766,100.0,True
GCF_019609905.1,TRI7,TRI7|Fusarium_poae,NC_058400.1,+,1,5865018,5866463,2,1398,1398,1.0,100.0,2587,0.0,1400,100.0,True
GCF_019609905.1,TRI3,TRI3|Fusarium_pseudograminearum_CS3096,NC_058400.1,+,1,5867993,5868769,1,1554,771,0.49613899613899615,81.491,632,2.36e-180,778,49.61389961389961,False
GCF_019609905.1,TRI3,TRI3|Fusarium_poae,NC_058400.1,+,1,5867981,5869760,4,1560,1529,0.9801282051282051,99.93469562377531,2822,0.0,1531,98.01282051282051,True
GCF_019609905.1,TRI4,TRI4|F_graminearum_PH-1,NC_058400.1,-,1,5870637,5872074,2,1563,1142,0.7306461932181701,86.00184776902887,1223,0.0,1143,73.06461932181702,True
GCF_019609905.1,TRI4,TRI4|Fusarium_pseudograminearum,NC_058400.1,-,1,5870637,5872074,2,1563,1149,0.7351247600767754,85.82656869565217,1220,0.0,1150,73.51247600767753,True
GCF_019609905.1,TRI4,TRI4|Fusarium_poae,NC_058400.1,-,1,5870637,5872378,4,1563,1563,1.0,99.93621159974506,2894,0.0,1569,100.0,True
GCF_019609905.1,TRI10,TRI10|Fusarium_pseudograminearum_CS3096,NC_058400.1,+,1,5881201,5882534,2,1263,1257,0.995249406175772,85.47620952380953,1314,0.0,1260,99.5249406175772,True
GCF_019609905.1,TRI10,TRI10|Fusarium_poae,NC_058400.1,+,1,5881201,5882540,2,1263,1263,1.0,100.0,2338,0.0,1265,100.0,True
GCF_019609905.1,TRI9,TRI9|XM_044858471.1:1-132,NC_058400.1,-,1,5883148,5883279,1,132,132,1.0,100.0,244,9.23e-65,132,100.0,True
GCF_019609905.1,TRI14,TRI14|F_graminearum_PH-1,NC_058400.1,+,1,5892288,5893178,1,1116,891,0.7983870967741935,87.991,1053,0.0,891,79.83870967741935,True
GCF_019609905.1,TRI14,TRI14|F_poae,NC_058400.1,+,1,5892288,5893215,1,928,928,1.0,100.0,1714,0.0,928,100.0,True
GCF_019609905.1,TRI17,TRI17|F_graminearum_PH-1,NC_058401.1,-,1,4216394,4217148,1,756,741,0.9801587301587301,89.68299999999999,950,0.0,756,98.01587301587301,True
GCF_019609905.1,TRI20,TRI20|F_graminearum_PH-1,NC_058401.1,+,1,4227721,4228421,1,749,698,0.931909212283044,87.179,793,0.0,702,93.1909212283044,True
GCF_019609905.1,TRI21,TRI21|F_graminearum_PH-1,NC_058401.1,-,1,4230995,4231788,1,827,794,0.9600967351874244,91.688,1101,0.0,794,96.00967351874245,True
GCF_019609905.1,TRI22,TRI22|Fusarium_graminearum_PH-1,NC_058400.1,-,1,5062118,5063805,3,1681,1557,0.9262343842950624,93.08129404228059,2285,0.0,1561,92.62343842950625,True
GCF_019609905.1,TRI101,TRI101|Fusarium_graminearum_PH-1,NC_058400.1,+,1,5068055,5070577,2,2469,2467,0.9991899554475496,90.99360056542812,3330,0.0,2476,99.91899554475496,True
GCF_019609905.1,TRI201,TRI201|Fusarium_graminearum_PH-1,NC_058400.1,+,1,5065334,5066225,2,1267,840,0.6629834254143646,93.69776099881095,1261,0.0,841,66.29834254143645,False
GCF_020744385.1,TRI1,TRI1|F_poae_DAOMC252244,NW_025763509.1,-,1,2065925,2066363,1,1536,432,0.28125,84.51,427,1.08e-118,439,28.125,False
GCF_020744385.1,TRI5,TRI5|Fsporotrichioides_NRRL3299,NW_025763509.1,-,1,2071527,2072627,1,1185,1109,0.9358649789029536,80.59,839,0.0,1118,93.58649789029536,True
GCF_020744385.1,TRI4,TRI4|F_graminearum_PH-1,NW_025763509.1,+,1,2078124,2079308,2,1563,1133,0.7248880358285349,79.52549912126538,803,0.0,1138,72.48880358285349,True
GCF_020744385.1,TRI4,TRI4|Fusarium_pseudograminearum,NW_025763509.1,+,1,2079142,2079308,1,1563,167,0.10684580934101087,81.065,132,9.689999999999999e-30,169,10.684580934101087,False
GCF_020744385.1,TRI17,TRI17|F_graminearum_PH-1,NW_025763504.1,-,1,457790,458194,1,756,407,0.5383597883597884,85.086,412,1.47e-114,409,53.835978835978835,False
GCF_020744385.1,TRI22,TRI22|Fusarium_graminearum_PH-1,NW_025763509.1,-,1,614894,616353,2,1681,1408,0.8375966686496134,88.9123220338983,1743,0.0,1416,83.75966686496133,True
GCF_020744385.1,TRI101,TRI101|Fusarium_graminearum_PH-1,NW_025763509.1,+,1,620920,623242,2,2469,2278,0.9226407452409883,88.57498175499566,2782,0.0,2302,92.26407452409883,True
GCF_020744385.1,TRI201,TRI201|Fusarium_graminearum_PH-1,NW_025763509.1,+,1,618016,618905,2,1267,840,0.6629834254143646,87.78181138790035,980,1.76e-180,843,66.29834254143645,False
GCF_050947815.1,TRI5,TRI5|Fusarium_graminearum,NC_139293.1,-,1,3770110,3770578,1,1128,469,0.4157801418439716,89.552,595,1.97e-169,469,41.57801418439716,False
GCF_050947815.1,TRI5,TRI5|Fsporotrichioides_NRRL3299,NC_139293.1,-,1,3769437,3770578,1,1185,1142,0.9637130801687763,88.616,1389,0.0,1142,96.37130801687763,True
GCF_050947815.1,TRI5,TRI5|Fusarium_pseudograminearum_CS3096,NC_139293.1,-,1,3770118,3770578,1,1128,461,0.40868794326241137,89.371,580,5.51e-165,461,40.86879432624114,False
GCF_050947815.1,TRI5,TRI5|Fusarium_poae,NC_139293.1,-,1,3769431,3770578,2,1134,1088,0.9594356261022927,93.8422012867647,1639,0.0,1088,95.94356261022926,True
GCF_050947815.1,TRI6,TRI6|Fusarium_graminearum,NC_139293.1,-,1,3773448,3774134,2,657,657,1.0,87.5756,765,1.87e-172,660,100.0,True
GCF_050947815.1,TRI6,TRI6|Fusarium_sporotrichioides,NC_139293.1,-,1,3774052,3774134,1,657,83,0.1263318112633181,95.181,132,3.8199999999999995e-30,83,12.633181126331811,False
GCF_050947815.1,TRI6,TRI6|Fusarium_pseudograminearum_CS3096,NC_139293.1,-,1,3773448,3774134,2,657,657,1.0,87.8972178517398,777,1.86e-177,661,100.0,True
GCF_050947815.1,TRI6,TRI6|Fusarium_poae,NC_139293.1,-,1,3773448,3774134,1,693,693,1.0,93.506,1026,0.0,693,100.0,True
GCF_050947815.1,TRI8,TRI8|Fusarium_graminearum_PH-1,NC_139293.1,+,1,3782575,3783918,1,1338,1338,1.0,81.643,1103,0.0,1351,100.0,True
GCF_050947815.1,TRI8,TRI8|Fusarium_sporotrichioides,NC_139293.1,+,1,3782575,3783918,1,1344,1344,1.0,88.262,1607,0.0,1346,100.0,True
GCF_050947815.1,TRI8,TRI8|Fusarium_pseudograminearum_CS3096,NC_139293.1,+,1,3782575,3783844,1,1299,1258,0.968437259430331,80.863,983,0.0,1275,96.84372594303309,True
GCF_050947815.1,TRI8,TRI8|Fusarium_poae,NC_139293.1,+,1,3782575,3783918,1,1341,1341,1.0,91.295,1831,0.0,1344,100.0,True
GCF_050947815.1,TRI11,TRI11|Fusarium_graminearum_PH-1,NC_139293.1,+,1,3763930,3765552,3,1479,1105,0.7471264367816092,87.78282624434388,1295,0.0,1105,74.71264367816092,True
GCF_050947815.1,TRI11,TRI11|Fusarium_sporotrichioides,NC_139293.1,+,1,3763828,3765552,1,1722,1722,1.0,86.85599999999998,1925,0.0,1727,100.0,True
GCF_050947815.1,TRI11,TRI11|Fusarium_pseudograminearum,NC_139293.1,+,1,3763930,3765552,4,1479,1423,0.9621365787694388,87.85081179775281,1672,0.0,1424,96.21365787694388,True
GCF_050947815.1,TRI11,TRI11|Fusarium_poae,NC_139293.1,+,1,3763926,3765552,4,1479,1431,0.9675456389452333,94.56453101045295,2219,0.0,1435,96.75456389452333,True
GCF_050947815.1,TRI12,TRI12|Fusarium_sporotrichioides,NC_139293.1,+,1,3761352,3763248,1,1902,1902,1.0,81.751,1580,0.0,1907,100.0,True
GCF_050947815.1,TRI12,TRI12|Fusarium_pseudograminearum,NC_139293.1,+,1,3762036,3762733,1,1797,698,0.3884251530328325,79.513,497,9.169999999999999e-140,698,38.84251530328325,False
GCF_050947815.1,TRI12,TRI12|Fusarium_poae,NC_139293.1,+,1,3761362,3763251,3,1800,1786,0.9922222222222222,92.49731466965285,2557,0.0,1786,99.22222222222223,True
GCF_050947815.1,TRI13,TRI13|Fusarium_poae,NC_139293.1,+,1,3758788,3760612,2,1764,1764,1.0,90.71336126840318,2354,0.0,1766,100.0,True
GCF_050947815.1,TRI7,TRI7|Fusarium_poae,NC_139293.1,-,1,3780502,3781917,2,1398,1366,0.977110157367668,91.81270175438596,1907,0.0,1368,97.71101573676681,True
GCF_050947815.1,TRI3,TRI3|Fusarium_pseudograminearum_CS3096,NC_139293.1,-,1,3777860,3778794,2,1554,611,0.39317889317889315,85.62102287581699,642,2.8599999999999997e-134,612,39.31788931788932,False
GCF_050947815.1,TRI3,TRI3|Fusarium_poae,NC_139293.1,-,1,3777860,3779627,3,1560,1386,0.8884615384615384,91.27600144196107,1891,0.0,1387,88.84615384615384,True
GCF_050947815.1,TRI4,TRI4|F_graminearum_PH-1,NC_139293.1,+,1,3775280,3776508,2,1563,1170,0.7485604606525912,85.39687702818104,1214,0.0,1171,74.85604606525912,True
GCF_050947815.1,TRI4,TRI4|Fusarium_pseudograminearum,NC_139293.1,+,1,3775267,3776515,2,1563,1191,0.761996161228407,83.76596234309623,1130,0.0,1195,76.1996161228407,True
GCF_050947815.1,TRI4,TRI4|Fusarium_poae,NC_139293.1,+,1,3775249,3776989,4,1563,1563,1.0,92.86141172721479,2280,0.0,1569,100.0,True
GCF_050947815.1,TRI10,TRI10|Fusarium_pseudograminearum_CS3096,NC_139293.1,-,1,3768338,3768716,1,1263,379,0.3000791765637371,88.91800000000002,468,5.02e-131,379,30.00791765637371,False
GCF_050947815.1,TRI10,TRI10|Fusarium_poae,NC_139293.1,-,1,3767377,3768716,2,1263,1263,1.0,91.46264743083003,1739,0.0,1265,100.0,True
GCF_050947815.1,TRI9,TRI9|F_graminearum_PH-1,NC_139293.1,+,1,3766632,3766763,1,132,132,1.0,88.636,161,8.41e-40,132,100.0,True
GCF_050947815.1,TRI9,TRI9|XM_044858471.1:1-132,NC_139293.1,+,1,3766632,3766763,1,132,132,1.0,96.212,217,1.77e-56,132,100.0,True
GCF_050947815.1,TRI14,TRI14|F_graminearum_PH-1,NC_139293.1,-,1,3756818,3757714,1,1116,897,0.803763440860215,87.514,1037,0.0,897,80.3763440860215,True
GCF_050947815.1,TRI14,TRI14|F_poae,NC_139293.1,-,1,3756792,3757717,1,928,926,0.9978448275862069,92.549,1328,0.0,926,99.78448275862068,True
GCF_050947815.1,TRI16,TRI16|TRI16_Fsporotrichioides_,NC_139294.1,-,1,58508,59554,1,1482,1047,0.7064777327935222,88.263,1253,0.0,1048,70.64777327935222,True
GCF_050947815.1,TRI17,TRI17|F_graminearum_PH-1,NC_139292.1,-,1,3947996,3948747,1,756,756,1.0,92.19599999999998,1066,0.0,756,100.0,True
GCF_050947815.1,TRI20,TRI20|F_graminearum_PH-1,NC_139292.1,+,1,3959694,3960391,1,749,698,0.931909212283044,87.268,797,0.0,699,93.1909212283044,True
GCF_050947815.1,TRI21,TRI21|F_graminearum_PH-1,NC_139292.1,-,1,3962942,3963735,1,827,794,0.9600967351874244,92.065,1118,0.0,794,96.00967351874245,True
GCF_050947815.1,TRI22,TRI22|Fusarium_graminearum_PH-1,NC_139293.1,+,1,4548323,4550114,3,1681,1678,0.9982153480071386,92.34430801186943,2379,0.0,1685,99.82153480071386,True
GCF_050947815.1,TRI101,TRI101|Fusarium_graminearum_PH-1,NC_139293.1,-,1,4541598,4544097,2,2469,2467,0.9991899554475496,90.86121754953498,3294,0.0,2473,99.91899554475496,True
GCF_050947815.1,TRI201,TRI201|Fusarium_graminearum_PH-1,NC_139293.1,-,1,4545441,4546809,3,1267,1266,0.9992107340173638,90.66679215686275,1681,0.0,1275,99.92107340173638,True
